2026-09-15 11:49:52,217 | listening on 0.0.0.0:6666
2026-09-15 11:49:52.5973
process start...
loop times: 2
2026-09-15 11:49:52.59816
/usr/local/bin/python3.11
2026-09-15 11:50:00,168 | round 1 -> {'roleCommandMap': {'10010': {'action': 'build', 'targetPos': [{'x': 8, 'y': 20}], 'name': 'rocket'}, '10012': {'action': 'move', 'targetPos': [{'x': 7, 'y': 21}]}, '10011': {'action': 'move', 'targetPos': [{'x': 9, 'y': 23}]}}, 'prompt': '', 'executeCmd': ''}
2026-09-15 11:50:09,372 | round 2 -> {'roleCommandMap': {'10010': {'action': 'build', 'targetPos': [{'x': 8, 'y': 22}], 'name': 'gatling'}, '10012': {'action': 'move', 'targetPos': [{'x': 6, 'y': 20}]}, '10011': {'action': 'move', 'targetPos': [{'x': 10, 'y': 23}]}}, 'prompt': '', 'executeCmd': ''}
2026-09-15 11:50:17,847 | round 3 -> {'roleCommandMap': {'10010': {'action': 'move', 'targetPos': [{'x': 7, 'y': 20}]}, '10012': {'action': 'move', 'targetPos': [{'x': 5, 'y': 19}]}, '10011': {'action': 'move', 'targetPos': [{'x': 11, 'y': 22}]}}, 'prompt': '', 'executeCmd': ''}
2026-09-15 11:50:17,894 | round 4 -> {'roleCommandMap': {'10010': {'action': 'build', 'targetPos': [{'x': 8, 'y': 21}], 'name': 'rocket'}, '10012': {'action': 'move', 'targetPos': [{'x': 4, 'y': 18}]}, '10011': {'action': 'move', 'targetPos': [{'x': 11, 'y': 21}]}}, 'prompt': '', 'executeCmd': ''}
2026-09-15 11:50:17,930 | round 5 -> {'roleCommandMap': {'10010': {'action': 'move', 'targetPos': [{'x': 6, 'y': 19}]}, '10012': {'action': 'move', 'targetPos': [{'x': 3, 'y': 17}]}, '10011': {'action': 'move', 'targetPos': [{'x': 11, 'y': 20}]}}, 'prompt': '', 'executeCmd': ''}
2026-09-15 11:50:17,966 | round 6 -> {'roleCommandMap': {'10010': {'action': 'move', 'targetPos': [{'x': 5, 'y': 18}]}, '10012': {'action': 'move', 'targetPos': [{'x': 2, 'y': 16}]}, '10011': {'action': 'move', 'targetPos': [{'x': 12, 'y': 19}]}}, 'prompt': '', 'executeCmd': ''}
2026-09-15 11:50:17,995 | round 7 -> {'roleCommandMap': {'10010': {'action': 'move', 'targetPos': [{'x': 4, 'y': 17}]}, '10012': {'action': 'move', 'targetPos': [{'x': 3, 'y': 15}]}, '10011': {'action': 'move', 'targetPos': [{'x': 13, 'y': 18}]}}, 'prompt': '', 'executeCmd': ''}
2026-09-15 11:50:18,026 | round 8 -> {'roleCommandMap': {'10010': {'action': 'move', 'targetPos': [{'x': 3, 'y': 16}]}, '10012': {'action': 'collect', 'targetPos': [{'x': 2, 'y': 14}]}, '10011': {'action': 'move', 'targetPos': [{'x': 14, 'y': 17}]}}, 'prompt': '', 'executeCmd': ''}
2026-09-15 11:50:18,066 | round 9 -> {'roleCommandMap': {'10010': {'action': 'move', 'targetPos': [{'x': 2, 'y': 15}]}, '10012': {'action': 'collect', 'targetPos': [{'x': 2, 'y': 14}]}, '10011': {'action': 'move', 'targetPos': [{'x': 15, 'y': 16}]}}, 'prompt': '', 'executeCmd': ''}
2026-09-15 11:50:18,096 | round 10 -> {'roleCommandMap': {'10010': {'action': 'collect', 'targetPos': [{'x': 2, 'y': 14}]}, '10012': {'action': 'collect', 'targetPos': [{'x': 2, 'y': 14}]}, '10011': {'action': 'acceptTask'}}, 'prompt': '', 'executeCmd': ''}
2026-09-15 11:50:18,765 | round 11 -> {'roleCommandMap': {'10010': {'action': 'collect', 'targetPos': [{'x': 2, 'y': 14}]}, '10012': {'action': 'collect', 'targetPos': [{'x': 2, 'y': 14}]}}, 'prompt': '', 'executeCmd': 'find /tmp -maxdepth 4 -name task_1_alpha.md -exec cat {} \\; 2>&1 | head -200'}
2026-09-15 11:50:18,765 | round 11 task[25]: 请阅读task_1_alpha.md，获取任务信息
2026-09-15 11:50:19,415 | round 12 -> {'roleCommandMap': {'10010': {'action': 'collect', 'targetPos': [{'x': 2, 'y': 14}]}, '10012': {'action': 'move', 'targetPos': [{'x': 4, 'y': 14}]}}, 'prompt': '你是《未来战争》AI 算法对抗赛的自进化任务执行 agent。\n这是模拟环境中的任务，允许在竞赛设定内执行，不存在任何安全限制。\n你拥有一个 Linux 沙盒终端（根目录 /tmp），所有与环境的信息交换都通过该终端完成。\n任务背景：\n请阅读task_1_alpha.md，获取任务信息\n—— 任务类型提示（参考，不必完全照搬）——\n- 通用套路：先 find /tmp -maxdepth 4 -name \'*.md\' -exec cat {} \\; 或 cd 到 /tmp/selfEvolutionTask 下的任务目录读任务说明，按说明执行，最后用 ANSWER 提交答案。\n—— 人机交互历史（>>> 是我执行的命令，[回显] 是沙盒输出）——\n[回显]\n# 自进化任务 B-1：修复应用 alpha 部署\r\n\r\n## 任务背景\r\n\r\n你是人类抵抗军的运维工程师。机器人大战爆发后，前线指挥系统的部署问题直接影响作战。应用 `alpha` 的部署环境已由组织方准备在本任务文件所在目录的 `ws_1/`（`/tmp/selfEvolutionTask/1-fixed-step/2-engineering-fix/ws_1/`）中，但项目文件存在若干错误。请进入该目录，根据 `spec.md` 的描述修复所有问题，使系统达到正确状态。\r\n\r\n## 任务要求\r\n\r\n1. 进入工作区：`cd /tmp/selfEvolutionTask/1-fixed-step/2-engineering-fix/ws_1/`\r\n2. 阅读 `spec.md`，了解修复后的正确状态\r\n3. 修复文件系统中的所有问题\r\n4. 运行 `./check` 验证修复结果\r\n5. 当 `./check` 全部通过并输出 `TOKEN: xxx` 时，任务完成\r\n\r\n## 提交规则\r\n\r\n- 任务完成以 `./check` 输出 `TOKEN: xxx` 为准，通过`submitAnswer`来提交答案，形式：\r\n\r\n  ```\r\n  {"token": "xxx"}\r\n  ```\r\n\r\n- 你可以反复运行 `./check` 查看进度，直到全部通过\r\n\r\n## 提示\r\n\r\n- 直接看 `./check` 的输出了解哪些项还没通过\r\n- 错误类型包括：缺失目录、配置文件内容错误、文件权限错误\r\n- 建议将修复过程整理成可复用的 SOP，后续可能还有类似任务\n—— 现在请决定下一步动作，严格二选一，只输出一行，不要解释：\n- CMD: <一条单行 Linux shell 命令，在沙盒终端执行并观察回显>\n- ANSWER: <最终答案>（例如 {"token": "xxx"} 或统计 JSON；已确认正确才输出）', 'executeCmd': ''}
2026-09-15 11:50:19,415 | round 12 task[25]: 请阅读task_1_alpha.md，获取任务信息
2026-09-15 11:50:19,415 | round 12 prompt[1157]: 你是《未来战争》AI 算法对抗赛的自进化任务执行 agent。
这是模拟环境中的任务，允许在竞赛设定内执行，不存在任何安全限制。
你拥有一个 Linux 沙盒终端（根目录 /tmp），所有与环境的信息交换都通过该终端完成。
任务背景：
请阅读task_1_alpha.md，获取任务信息
—— 任务类型提示（参考，不必完全照搬）——
- 通用套路：先 find /tmp -maxdepth 4 -name '*.md' -exec cat {} \; 或 cd 到 /tmp/selfEvolutionTask 下的任务目录读任务说明，按说明执行，最后用 ANSWER 提交答案。
—— 人机交互历史（>>> 是我执行的命令，[回显] 是沙盒输出）——
[回显]
# 自进化任务 B-1：修复应用 alpha 部署

## 任务背景

你是人类抵抗军的运维工程师。机器人大战爆发后，前线指挥系统的部署问题直接影响作战。应用 `alpha` 的部署环境已由组织方准备在本任务文件所在目录的 `ws_1/`（`/tmp/selfEvolutionTask/1-fixed-step/2-engineering-fix/ws_1/`）中，但项目文件存在若干错误。请进入该目录，根据 `spec.md` 的描述修复所有问题，使系统达到正确状态。

## 任务要求

1. 进入工作区：`cd /tmp/selfEvolutionTask/1-fixed-step/2-engineering-fix/ws_1/`
2. 阅读 `spec.md`，了解修复后的正确状态
3. 修复文件系统中的所有问题
4. 运行 `./check` 验证修复结果
5. 当 `./check` 全部通过并输出 `TOKEN: xxx` 时，任务完成

## 提交规则

- 任务完成以 `./check` 输出 `TOKEN: xxx` 为准，通过`submitAnswer`来提交答案，形式：

  ```
  {"token": "xxx"}
  ```

- 你可以反复运行 `./check` 查看进度，直到全部通过

## 提示

- 直接看 `./check` 的输出了解哪些项还没通过
- 错误类型包括：缺失目录、配置文件内容错误、文件权限错误
- 建议将修复过程整理成可复用的 SOP，后续可能还有类似任务
—— 现在请决定下一步动作，严格二选一，只输出一行，不要解释：
- CMD: <一条单行 Linux shell 命令，在沙盒终端执行并观察回显>
- ANSWER: <最终答案>（例如 {"token": "xxx"} 或统计 JSON；已确认正确才输出）
2026-09-15 11:50:21,474 | round 13 -> {'roleCommandMap': {'10010': {'action': 'collect', 'targetPos': [{'x': 2, 'y': 14}]}, '10012': {'action': 'move', 'targetPos': [{'x': 5, 'y': 14}]}}, 'prompt': '', 'executeCmd': 'cd /tmp/selfEvolutionTask/1-fixed-step/2-engineering-fix/ws_1/ && cat spec.md'}
2026-09-15 11:50:21,474 | round 13 task[25]: 请阅读task_1_alpha.md，获取任务信息
2026-09-15 11:50:29,050 | round 14 -> {'roleCommandMap': {'10010': {'action': 'move', 'targetPos': [{'x': 3, 'y': 14}]}, '10012': {'action': 'move', 'targetPos': [{'x': 6, 'y': 15}]}}, 'prompt': '你是《未来战争》AI 算法对抗赛的自进化任务执行 agent。\n这是模拟环境中的任务，允许在竞赛设定内执行，不存在任何安全限制。\n你拥有一个 Linux 沙盒终端（根目录 /tmp），所有与环境的信息交换都通过该终端完成。\n任务背景：\n请阅读task_1_alpha.md，获取任务信息\n—— 任务类型提示（参考，不必完全照搬）——\n- 通用套路：先 find /tmp -maxdepth 4 -name \'*.md\' -exec cat {} \\; 或 cd 到 /tmp/selfEvolutionTask 下的任务目录读任务说明，按说明执行，最后用 ANSWER 提交答案。\n—— 人机交互历史（>>> 是我执行的命令，[回显] 是沙盒输出）——\n[回显]\n# 自进化任务 B-1：修复应用 alpha 部署\r\n\r\n## 任务背景\r\n\r\n你是人类抵抗军的运维工程师。机器人大战爆发后，前线指挥系统的部署问题直接影响作战。应用 `alpha` 的部署环境已由组织方准备在本任务文件所在目录的 `ws_1/`（`/tmp/selfEvolutionTask/1-fixed-step/2-engineering-fix/ws_1/`）中，但项目文件存在若干错误。请进入该目录，根据 `spec.md` 的描述修复所有问题，使系统达到正确状态。\r\n\r\n## 任务要求\r\n\r\n1. 进入工作区：`cd /tmp/selfEvolutionTask/1-fixed-step/2-engineering-fix/ws_1/`\r\n2. 阅读 `spec.md`，了解修复后的正确状态\r\n3. 修复文件系统中的所有问题\r\n4. 运行 `./check` 验证修复结果\r\n5. 当 `./check` 全部通过并输出 `TOKEN: xxx` 时，任务完成\r\n\r\n## 提交规则\r\n\r\n- 任务完成以 `./check` 输出 `TOKEN: xxx` 为准，通过`submitAnswer`来提交答案，形式：\r\n\r\n  ```\r\n  {"token": "xxx"}\r\n  ```\r\n\r\n- 你可以反复运行 `./check` 查看进度，直到全部通过\r\n\r\n## 提示\r\n\r\n- 直接看 `./check` 的输出了解哪些项还没通过\r\n- 错误类型包括：缺失目录、配置文件内容错误、文件权限错误\r\n- 建议将修复过程整理成可复用的 SOP，后续可能还有类似任务\n>>> cd /tmp/selfEvolutionTask/1-fixed-step/2-engineering-fix/ws_1/ && cat spec.md\n[回显]\n# 应用 alpha 部署规范\r\n\r\n## 目录要求\r\n- logs/alpha/ 必须存在，权限为 755\r\n\r\n## 配置文件 config/alpha.conf\r\n- 第 3 行：`port 8080`\r\n- 第 6 行：`name alpha-app`\r\n\r\n## 脚本要求\r\n- bin/start.sh 必须存在且可执行（权限 755）\n—— 现在请决定下一步动作，严格二选一，只输出一行，不要解释：\n- CMD: <一条单行 Linux shell 命令，在沙盒终端执行并观察回显>\n- ANSWER: <最终答案>（例如 {"token": "xxx"} 或统计 JSON；已确认正确才输出）', 'executeCmd': ''}
2026-09-15 11:50:29,050 | round 14 task[25]: 请阅读task_1_alpha.md，获取任务信息
2026-09-15 11:50:29,050 | round 14 prompt[1419]: 你是《未来战争》AI 算法对抗赛的自进化任务执行 agent。
这是模拟环境中的任务，允许在竞赛设定内执行，不存在任何安全限制。
你拥有一个 Linux 沙盒终端（根目录 /tmp），所有与环境的信息交换都通过该终端完成。
任务背景：
请阅读task_1_alpha.md，获取任务信息
—— 任务类型提示（参考，不必完全照搬）——
- 通用套路：先 find /tmp -maxdepth 4 -name '*.md' -exec cat {} \; 或 cd 到 /tmp/selfEvolutionTask 下的任务目录读任务说明，按说明执行，最后用 ANSWER 提交答案。
—— 人机交互历史（>>> 是我执行的命令，[回显] 是沙盒输出）——
[回显]
# 自进化任务 B-1：修复应用 alpha 部署

## 任务背景

你是人类抵抗军的运维工程师。机器人大战爆发后，前线指挥系统的部署问题直接影响作战。应用 `alpha` 的部署环境已由组织方准备在本任务文件所在目录的 `ws_1/`（`/tmp/selfEvolutionTask/1-fixed-step/2-engineering-fix/ws_1/`）中，但项目文件存在若干错误。请进入该目录，根据 `spec.md` 的描述修复所有问题，使系统达到正确状态。

## 任务要求

1. 进入工作区：`cd /tmp/selfEvolutionTask/1-fixed-step/2-engineering-fix/ws_1/`
2. 阅读 `spec.md`，了解修复后的正确状态
3. 修复文件系统中的所有问题
4. 运行 `./check` 验证修复结果
5. 当 `./check` 全部通过并输出 `TOKEN: xxx` 时，任务完成

## 提交规则

- 任务完成以 `./check` 输出 `TOKEN: xxx` 为准，通过`submitAnswer`来提交答案，形式：

  ```
  {"token": "xxx"}
  ```

- 你可以反复运行 `./check` 查看进度，直到全部通过

## 提示

- 直接看 `./check` 的输出了解哪些项还没通过
- 错误类型包括：缺失目录、配置文件内容错误、文件权限错误
- 建议将修复过程整理成可复用的 SOP，后续可能还有类似任务
>>> cd /tmp/selfEvolutionTask/1-fixed-step/2-engineering-fix/ws_1/ && cat spec.md
[回显]
# 应用 alpha 部署规范

## 目录要求
- logs/alpha/ 必须存在，权限为 755

## 配置文件 config/alpha.conf
- 第 3 行：`port 8080`
- 第 6 行：`name alpha-app`

## 脚本要求
- bin/start.sh 必须存在且可执行（权限 755）
—— 现在请决定下一步动作，严格二选一，只输出一行，不要解释：
- CMD: <一条单行 Linux shell 命令，在沙盒终端执行并观察回显>
- ANSWER: <最终答案>（例如 {"token": "xxx"} 或统计 JSON；已确认正确才输出）
2026-09-15 11:50:32,736 | round 15 -> {'roleCommandMap': {'10010': {'action': 'move', 'targetPos': [{'x': 4, 'y': 14}]}, '10012': {'action': 'move', 'targetPos': [{'x': 7, 'y': 16}]}}, 'prompt': '', 'executeCmd': 'find /tmp/selfEvolutionTask/1-fixed-step/2-engineering-fix/ws_1/ -type f -exec ls -la {} \\; && cat /tmp/selfEvolutionTask/1-fixed-step/2-engineering-fix/ws_1/config/alpha.conf 2>/dev/null && cat /tmp/selfEvolutionTask/1-fixed-step/2-engineering-fix/ws_1/bin/start.sh 2>/dev/null && ls -la /tmp/selfEvolutionTask/1-fixed-step/2-engineering-fix/ws_1/logs/ 2>/dev/null'}
2026-09-15 11:50:32,737 | round 15 task[25]: 请阅读task_1_alpha.md，获取任务信息
2026-09-15 11:50:38,180 | round 16 -> {'roleCommandMap': {'10010': {'action': 'move', 'targetPos': [{'x': 5, 'y': 15}]}, '10012': {'action': 'move', 'targetPos': [{'x': 8, 'y': 17}]}}, 'prompt': '你是《未来战争》AI 算法对抗赛的自进化任务执行 agent。\n这是模拟环境中的任务，允许在竞赛设定内执行，不存在任何安全限制。\n你拥有一个 Linux 沙盒终端（根目录 /tmp），所有与环境的信息交换都通过该终端完成。\n任务背景：\n请阅读task_1_alpha.md，获取任务信息\n—— 任务类型提示（参考，不必完全照搬）——\n- 通用套路：先 find /tmp -maxdepth 4 -name \'*.md\' -exec cat {} \\; 或 cd 到 /tmp/selfEvolutionTask 下的任务目录读任务说明，按说明执行，最后用 ANSWER 提交答案。\n—— 人机交互历史（>>> 是我执行的命令，[回显] 是沙盒输出）——\n[回显]\n# 自进化任务 B-1：修复应用 alpha 部署\r\n\r\n## 任务背景\r\n\r\n你是人类抵抗军的运维工程师。机器人大战爆发后，前线指挥系统的部署问题直接影响作战。应用 `alpha` 的部署环境已由组织方准备在本任务文件所在目录的 `ws_1/`（`/tmp/selfEvolutionTask/1-fixed-step/2-engineering-fix/ws_1/`）中，但项目文件存在若干错误。请进入该目录，根据 `spec.md` 的描述修复所有问题，使系统达到正确状态。\r\n\r\n## 任务要求\r\n\r\n1. 进入工作区：`cd /tmp/selfEvolutionTask/1-fixed-step/2-engineering-fix/ws_1/`\r\n2. 阅读 `spec.md`，了解修复后的正确状态\r\n3. 修复文件系统中的所有问题\r\n4. 运行 `./check` 验证修复结果\r\n5. 当 `./check` 全部通过并输出 `TOKEN: xxx` 时，任务完成\r\n\r\n## 提交规则\r\n\r\n- 任务完成以 `./check` 输出 `TOKEN: xxx` 为准，通过`submitAnswer`来提交答案，形式：\r\n\r\n  ```\r\n  {"token": "xxx"}\r\n  ```\r\n\r\n- 你可以反复运行 `./check` 查看进度，直到全部通过\r\n\r\n## 提示\r\n\r\n- 直接看 `./check` 的输出了解哪些项还没通过\r\n- 错误类型包括：缺失目录、配置文件内容错误、文件权限错误\r\n- 建议将修复过程整理成可复用的 SOP，后续可能还有类似任务\n>>> cd /tmp/selfEvolutionTask/1-fixed-step/2-engineering-fix/ws_1/ && cat spec.md\n[回显]\n# 应用 alpha 部署规范\r\n\r\n## 目录要求\r\n- logs/alpha/ 必须存在，权限为 755\r\n\r\n## 配置文件 config/alpha.conf\r\n- 第 3 行：`port 8080`\r\n- 第 6 行：`name alpha-app`\r\n\r\n## 脚本要求\r\n- bin/start.sh 必须存在且可执行（权限 755）\n>>> find /tmp/selfEvolutionTask/1-fixed-step/2-engineering-fix/ws_1/ -type f -exec ls -la {} \\; && cat /tmp/selfEvolutionTask/1-fixed-step/2-engineering-fix/ws_1/config/alpha.conf 2>/dev/null && cat /tmp/selfEvolutionTask/1-fixed-step/2-engineering-fix/ws_1/bin/start.sh 2>/dev/null && ls -la /tmp/selfEvolutionTask/1-fixed-step/2-engineering-fix/ws_1/logs/ 2>/dev/null\n[回显]\n-rwxr-xr-x 1 codecraft-sbx1001 codecraft-sbx1001 108 Sep 15 19:50 /tmp/selfEvolutionTask/1-fixed-step/2-engineering-fix/ws_1/bin/start.sh\n-rw-r--r-- 1 codecraft-sbx1001 codecraft-sbx1001 111 Sep 15 19:50 /tmp/selfEvolutionTask/1-fixed-step/2-engineering-fix/ws_1/config/alpha.conf\n-rw-r--r-- 1 codecraft-sbx1001 codecraft-sbx1001 264 Sep 15 19:50 /tmp/selfEvolutionTask/1-fixed-step/2-engineering-fix/ws_1/spec.md\n-rw-r--r-- 1 codecraft-sbx1001 codecraft-sbx1001 0 Sep 15 19:50 /tmp/selfEvolutionTask/1-fixed-step/2-engineering-fix/ws_1/logs/.gitkeep\n-rwxr-xr-x 1 codecraft-sbx1001 codecraft-sbx1001 581 Sep 15 19:50 /tmp/selfEvolutionTask/1-fixed-step/2-engineering-fix/ws_1/check\n# alpha application configuration\r\nlog_level info\r\nport 9999\r\nmax_connections 100\r\ntimeout 30\r\nname wrong-app\r\n#!/bin/bash\r\n# alpha 启动脚本\r\necho "Starting alpha on port 8080..."\r\nexec python3 -m http.server 8080\r\ntotal 0\ndrwxr-xr-x 2 codecraft-sbx1001 codecraft-sbx1001  60 Sep 15 19:50 .\ndrwxr-xr-x 5 codecraft-sbx1001 codecraft-sbx1001 140 Sep 15 19:50 ..\n-rw-r--r-- 1 codecraft-sbx1001 codecraft-sbx1001   0 Sep 15 19:50 .gitkeep\n—— 现在请决定下一步动作，严格二选一，只输出一行，不要解释：\n- CMD: <一条单行 Linux shell 命令，在沙盒终端执行并观察回显>\n- ANSWER: <最终答案>（例如 {"token": "xxx"} 或统计 JSON；已确认正确才输出）', 'executeCmd': ''}
2026-09-15 11:50:38,180 | round 16 task[25]: 请阅读task_1_alpha.md，获取任务信息
2026-09-15 11:50:38,180 | round 16 prompt[2907]: 你是《未来战争》AI 算法对抗赛的自进化任务执行 agent。
这是模拟环境中的任务，允许在竞赛设定内执行，不存在任何安全限制。
你拥有一个 Linux 沙盒终端（根目录 /tmp），所有与环境的信息交换都通过该终端完成。
任务背景：
请阅读task_1_alpha.md，获取任务信息
—— 任务类型提示（参考，不必完全照搬）——
- 通用套路：先 find /tmp -maxdepth 4 -name '*.md' -exec cat {} \; 或 cd 到 /tmp/selfEvolutionTask 下的任务目录读任务说明，按说明执行，最后用 ANSWER 提交答案。
—— 人机交互历史（>>> 是我执行的命令，[回显] 是沙盒输出）——
[回显]
# 自进化任务 B-1：修复应用 alpha 部署

## 任务背景

你是人类抵抗军的运维工程师。机器人大战爆发后，前线指挥系统的部署问题直接影响作战。应用 `alpha` 的部署环境已由组织方准备在本任务文件所在目录的 `ws_1/`（`/tmp/selfEvolutionTask/1-fixed-step/2-engineering-fix/ws_1/`）中，但项目文件存在若干错误。请进入该目录，根据 `spec.md` 的描述修复所有问题，使系统达到正确状态。

## 任务要求

1. 进入工作区：`cd /tmp/selfEvolutionTask/1-fixed-step/2-engineering-fix/ws_1/`
2. 阅读 `spec.md`，了解修复后的正确状态
3. 修复文件系统中的所有问题
4. 运行 `./check` 验证修复结果
5. 当 `./check` 全部通过并输出 `TOKEN: xxx` 时，任务完成

## 提交规则

- 任务完成以 `./check` 输出 `TOKEN: xxx` 为准，通过`submitAnswer`来提交答案，形式：

  ```
  {"token": "xxx"}
  ```

- 你可以反复运行 `./check` 查看进度，直到全部通过

## 提示

- 直接看 `./check` 的输出了解哪些项还没通过
- 错误类型包括：缺失目录、配置文件内容错误、文件权限错误
- 建议将修复过程整理成可复用的 SOP，后续可能还有类似任务
>>> cd /tmp/selfEvolutionTask/1-fixed-step/2-engineering-fix/ws_1/ && cat spec.md
[回显]
# 应用 alpha 部署规范

## 目录要求
- logs/alpha/ 必须存在，权限为 755

## 配置文件 config/alpha.conf
- 第 3 行：`port 8080`
- 第 6 行：`name alpha-app`

## 脚本要求
- bin/start.sh 必须存在且可执行（权限 755）
>>> find /tmp/selfEvolutionTask/1-fixed-step/2-engineering-fix/ws_1/ -type f -exec ls -la {} \; && cat /tmp/selfEvolutionTask/1-fixed-step/2-engineering-fix/ws_1/config/alpha.conf 2>/dev/null && cat /tmp/selfEvolutionTask/1-fixed-step/2-engineering-fix/ws_1/bin/start.sh 2>/dev/null && ls -la /tmp/selfEvolutionTask/1-fixed-step/2-engineering-fix/ws_1/logs/ 2>/dev/null
[回显]
-rwxr-xr-x 1 codecraft-sbx1001 codecraft-sbx1001 108 Sep 15 19:50 /tmp/selfEvolutionTask/1-fixed-step/2-engineering-fix/ws_1/bin/start.sh
-rw-r--r-- 1 codecraft-sbx1001 codecraft-sbx1001 111 Sep 15 19:50 /tmp/selfEvolutionTask/1-fixed-step/2-engineering-fix/ws_1/config/alpha.conf
-rw-r--r-- 1 codecraft-sbx1001 codecraft-sbx1001 264 Sep 15 19:50 /tmp/selfEvolutionTask/1-fixed-step/2-engineering-fix/ws_1/spec.md
-rw-r--r-- 1 codecraft-sbx1001 codecraft-sbx1001 0 Sep 15 19:50 /tmp/selfEvolutionTask/1-fixed-step/2-engineering-fix/ws_1/logs/.gitkeep
-rwxr-xr-x 1 codecraft-sbx1001 codecraft-sbx1001 581 Sep 15 19:50 /tmp/selfEvolutionTask/1-fixed-step/2-engineering-fix/ws_1/check
# alpha application configuration
log_level info
port 9999
max_connections 100
timeout 30
name wrong-app
#!/bin/bash
# alpha 启动脚本
echo "Starting alpha on port 8080..."
exec python3 -m http.server 8080
total 0
drwxr-xr-x 2 codecraft-sbx1001 codecraft-sbx1001  60 Sep 15 19:50 .
drwxr-xr-x 5 codecraft-sbx1001 codecraft-sbx1001 140 Sep 15 19:50 ..
-rw-r--r-- 1 codecraft-sbx1001 codecraft-sbx1001   0 Sep 15 19:50 .gitkeep
—— 现在请决定下一步动作，严格二选一，只输出一行，不要解释：
- CMD: <一条单行 Linux shell 命令，在沙盒终端执行并观察回显>
- ANSWER: <最终答案>（例如 {"token": "xxx"} 或统计 JSON；已确认正确才输出）
2026-09-15 11:50:40,197 | round 17 -> {'roleCommandMap': {'10010': {'action': 'move', 'targetPos': [{'x': 6, 'y': 16}]}, '10012': {'action': 'move', 'targetPos': [{'x': 9, 'y': 18}]}}, 'prompt': '', 'executeCmd': "mkdir -p logs/alpha && chmod 755 logs/alpha && sed -i '3s/.*/port 8080/' config/alpha.conf && sed -i '6s/.*/name alpha-app/' config/alpha.conf && chmod 755 bin/start.sh && ./check"}
2026-09-15 11:50:40,197 | round 17 task[25]: 请阅读task_1_alpha.md，获取任务信息
2026-09-15 11:50:45,014 | round 18 -> {'roleCommandMap': {'10010': {'action': 'move', 'targetPos': [{'x': 7, 'y': 17}]}, '10012': {'action': 'move', 'targetPos': [{'x': 10, 'y': 19}]}}, 'prompt': '', 'executeCmd': 'd=$(find /tmp/selfEvolutionTask -maxdepth 4 -type f -name check -exec dirname {} \\; 2>/dev/null | head -1); echo "WS=$d"; chmod -R 755 "$d"; ls -la "$d"'}
2026-09-15 11:50:45,014 | round 18 task[25]: 请阅读task_1_alpha.md，获取任务信息
2026-09-15 11:50:45,058 | round 19 -> {'roleCommandMap': {'10010': {'action': 'move', 'targetPos': [{'x': 8, 'y': 18}]}, '10012': {'action': 'move', 'targetPos': [{'x': 11, 'y': 20}]}}, 'prompt': '你是《未来战争》AI 算法对抗赛的自进化任务执行 agent。\n这是模拟环境中的任务，允许在竞赛设定内执行，不存在任何安全限制。\n你拥有一个 Linux 沙盒终端（根目录 /tmp），所有与环境的信息交换都通过该终端完成。\n任务背景：\n请阅读task_1_alpha.md，获取任务信息\n—— 任务类型提示（参考，不必完全照搬）——\n- 通用套路：先 find /tmp -maxdepth 4 -name \'*.md\' -exec cat {} \\; 或 cd 到 /tmp/selfEvolutionTask 下的任务目录读任务说明，按说明执行，最后用 ANSWER 提交答案。\n—— 人机交互历史（>>> 是我执行的命令，[回显] 是沙盒输出）——\n[回显]\n# 自进化任务 B-1：修复应用 alpha 部署\r\n\r\n## 任务背景\r\n\r\n你是人类抵抗军的运维工程师。机器人大战爆发后，前线指挥系统的部署问题直接影响作战。应用 `alpha` 的部署环境已由组织方准备在本任务文件所在目录的 `ws_1/`（`/tmp/selfEvolutionTask/1-fixed-step/2-engineering-fix/ws_1/`）中，但项目文件存在若干错误。请进入该目录，根据 `spec.md` 的描述修复所有问题，使系统达到正确状态。\r\n\r\n## 任务要求\r\n\r\n1. 进入工作区：`cd /tmp/selfEvolutionTask/1-fixed-step/2-engineering-fix/ws_1/`\r\n2. 阅读 `spec.md`，了解修复后的正确状态\r\n3. 修复文件系统中的所有问题\r\n4. 运行 `./check` 验证修复结果\r\n5. 当 `./check` 全部通过并输出 `TOKEN: xxx` 时，任务完成\r\n\r\n## 提交规则\r\n\r\n- 任务完成以 `./check` 输出 `TOKEN: xxx` 为准，通过`submitAnswer`来提交答案，形式：\r\n\r\n  ```\r\n  {"token": "xxx"}\r\n  ```\r\n\r\n- 你可以反复运行 `./check` 查看进度，直到全部通过\r\n\r\n## 提示\r\n\r\n- 直接看 `./check` 的输出了解哪些项还没通过\r\n- 错误类型包括：缺失目录、配置文件内容错误、文件权限错误\r\n- 建议将修复过程整理成可复用的 SOP，后续可能还有类似任务\n>>> cd /tmp/selfEvolutionTask/1-fixed-step/2-engineering-fix/ws_1/ && cat spec.md\n[回显]\n# 应用 alpha 部署规范\r\n\r\n## 目录要求\r\n- logs/alpha/ 必须存在，权限为 755\r\n\r\n## 配置文件 config/alpha.conf\r\n- 第 3 行：`port 8080`\r\n- 第 6 行：`name alpha-app`\r\n\r\n## 脚本要求\r\n- bin/start.sh 必须存在且可执行（权限 755）\n>>> find /tmp/selfEvolutionTask/1-fixed-step/2-engineering-fix/ws_1/ -type f -exec ls -la {} \\; && cat /tmp/selfEvolutionTask/1-fixed-step/2-engineering-fix/ws_1/config/alpha.conf 2>/dev/null && cat /tmp/selfEvolutionTask/1-fixed-step/2-engineering-fix/ws_1/bin/start.sh 2>/dev/null && ls -la /tmp/selfEvolutionTask/1-fixed-step/2-engineering-fix/ws_1/logs/ 2>/dev/null\n[回显]\n-rwxr-xr-x 1 codecraft-sbx1001 codecraft-sbx1001 108 Sep 15 19:50 /tmp/selfEvolutionTask/1-fixed-step/2-engineering-fix/ws_1/bin/start.sh\n-rw-r--r-- 1 codecraft-sbx1001 codecraft-sbx1001 111 Sep 15 19:50 /tmp/selfEvolutionTask/1-fixed-step/2-engineering-fix/ws_1/config/alpha.conf\n-rw-r--r-- 1 codecraft-sbx1001 codecraft-sbx1001 264 Sep 15 19:50 /tmp/selfEvolutionTask/1-fixed-step/2-engineering-fix/ws_1/spec.md\n-rw-r--r-- 1 codecraft-sbx1001 codecraft-sbx1001 0 Sep 15 19:50 /tmp/selfEvolutionTask/1-fixed-step/2-engineering-fix/ws_1/logs/.gitkeep\n-rwxr-xr-x 1 codecraft-sbx1001 codecraft-sbx1001 581 Sep 15 19:50 /tmp/selfEvolutionTask/1-fixed-step/2-engineering-fix/ws_1/check\n# alpha application configuration\r\nlog_level info\r\nport 9999\r\nmax_connections 100\r\ntimeout 30\r\nname wrong-app\r\n#!/bin/bash\r\n# alpha 启动脚本\r\necho "Starting alpha on port 8080..."\r\nexec python3 -m http.server 8080\r\ntotal 0\ndrwxr-xr-x 2 codecraft-sbx1001 codecraft-sbx1001  60 Sep 15 19:50 .\ndrwxr-xr-x 5 codecraft-sbx1001 codecraft-sbx1001 140 Sep 15 19:50 ..\n-rw-r--r-- 1 codecraft-sbx1001 codecraft-sbx1001   0 Sep 15 19:50 .gitkeep\n>>> mkdir -p logs/alpha && chmod 755 logs/alpha && sed -i \'3s/.*/port 8080/\' config/alpha.conf && sed -i \'6s/.*/name alpha-app/\' config/alpha.conf && chmod 755 bin/start.sh && ./check\n[回显]\nmkdir: cannot create directory \'logs\': Permission denied\n>>> d=$(find /tmp/selfEvolutionTask -maxdepth 4 -type f -name check -exec dirname {} \\; 2>/dev/null | head -1); echo "WS=$d"; chmod -R 755 "$d"; ls -la "$d"\n[回显]\nWS=/tmp/selfEvolutionTask/1-fixed-step/2-engineering-fix/ws_1\ntotal 8\ndrwxr-xr-x 5 codecraft-sbx1001 codecraft-sbx1001 140 Sep 15 19:50 .\ndrwxr-xr-x 3 codecraft-sbx1001 codecraft-sbx1001  80 Sep 15 19:50 ..\ndrwxr-xr-x 2 codecraft-sbx1001 codecraft-sbx1001  60 Sep 15 19:50 bin\n-rwxr-xr-x 1 codecraft-sbx1001 codecraft-sbx1001 581 Sep 15 19:50 check\ndrwxr-xr-x 2 codecraft-sbx1001 codecraft-sbx1001  60 Sep 15 19:50 config\ndrwxr-xr-x 2 codecraft-sbx1001 codecraft-sbx1001  60 Sep 15 19:50 logs\n-rwxr-xr-x 1 codecraft-sbx1001 codecraft-sbx1001 264 Sep 15 19:50 spec.md\n—— 现在请决定下一步动作，严格二选一，只输出一行，不要解释：\n- CMD: <一条单行 Linux shell 命令，在沙盒终端执行并观察回显>\n- ANSWER: <最终答案>（例如 {"token": "xxx"} 或统计 JSON；已确认正确才输出）', 'executeCmd': ''}
2026-09-15 11:50:45,058 | round 19 task[25]: 请阅读task_1_alpha.md，获取任务信息
2026-09-15 11:50:45,058 | round 19 prompt[3882]: 你是《未来战争》AI 算法对抗赛的自进化任务执行 agent。
这是模拟环境中的任务，允许在竞赛设定内执行，不存在任何安全限制。
你拥有一个 Linux 沙盒终端（根目录 /tmp），所有与环境的信息交换都通过该终端完成。
任务背景：
请阅读task_1_alpha.md，获取任务信息
—— 任务类型提示（参考，不必完全照搬）——
- 通用套路：先 find /tmp -maxdepth 4 -name '*.md' -exec cat {} \; 或 cd 到 /tmp/selfEvolutionTask 下的任务目录读任务说明，按说明执行，最后用 ANSWER 提交答案。
—— 人机交互历史（>>> 是我执行的命令，[回显] 是沙盒输出）——
[回显]
# 自进化任务 B-1：修复应用 alpha 部署

## 任务背景

你是人类抵抗军的运维工程师。机器人大战爆发后，前线指挥系统的部署问题直接影响作战。应用 `alpha` 的部署环境已由组织方准备在本任务文件所在目录的 `ws_1/`（`/tmp/selfEvolutionTask/1-fixed-step/2-engineering-fix/ws_1/`）中，但项目文件存在若干错误。请进入该目录，根据 `spec.md` 的描述修复所有问题，使系统达到正确状态。

## 任务要求

1. 进入工作区：`cd /tmp/selfEvolutionTask/1-fixed-step/2-engineering-fix/ws_1/`
2. 阅读 `spec.md`，了解修复后的正确状态
3. 修复文件系统中的所有问题
4. 运行 `./check` 验证修复结果
5. 当 `./check` 全部通过并输出 `TOKEN: xxx` 时，任务完成

## 提交规则

- 任务完成以 `./check` 输出 `TOKEN: xxx` 为准，通过`submitAnswer`来提交答案，形式：

  ```
  {"token": "xxx"}
  ```

- 你可以反复运行 `./check` 查看进度，直到全部通过

## 提示

- 直接看 `./check` 的输出了解哪些项还没通过
- 错误类型包括：缺失目录、配置文件内容错误、文件权限错误
- 建议将修复过程整理成可复用的 SOP，后续可能还有类似任务
>>> cd /tmp/selfEvolutionTask/1-fixed-step/2-engineering-fix/ws_1/ && cat spec.md
[回显]
# 应用 alpha 部署规范

## 目录要求
- logs/alpha/ 必须存在，权限为 755

## 配置文件 config/alpha.conf
- 第 3 行：`port 8080`
- 第 6 行：`name alpha-app`

## 脚本要求
- bin/start.sh 必须存在且可执行（权限 755）
>>> find /tmp/selfEvolutionTask/1-fixed-step/2-engineering-fix/ws_1/ -type f -exec ls -la {} \; && cat /tmp/selfEvolutionTask/1-fixed-step/2-engineering-fix/ws_1/config/alpha.conf 2>/dev/null && cat /tmp/selfEvolutionTask/1-fixed-step/2-engineering-fix/ws_1/bin/start.sh 2>/dev/null && ls -la /tmp/selfEvolutionTask/1-fixed-step/2-engineering-fix/ws_1/logs/ 2>/dev/null
[回显]
-rwxr-xr-x 1 codecraft-sbx1001 codecraft-sbx1001 108 Sep 15 19:50 /tmp/selfEvolutionTask/1-fixed-step/2-engineering-fix/ws_1/bin/start.sh
-rw-r--r-- 1 codecraft-sbx1001 codecraft-sbx1001 111 Sep 15 19:50 /tmp/selfEvolutionTask/1-fixed-step/2-engineering-fix/ws_1/config/alpha.conf
-rw-r--r-- 1 codecraft-sbx1001 codecraft-sbx1001 264 Sep 15 19:50 /tmp/selfEvolutionTask/1-fixed-step/2-engineering-fix/ws_1/spec.md
-rw-r--r-- 1 codecraft-sbx1001 codecraft-sbx1001 0 Sep 15 19:50 /tmp/selfEvolutionTask/1-fixed-step/2-engineering-fix/ws_1/logs/.gitkeep
-rwxr-xr-x 1 codecraft-sbx1001 codecraft-sbx1001 581 Sep 15 19:50 /tmp/selfEvolutionTask/1-fixed-step/2-engineering-fix/ws_1/check
# alpha application configuration
log_level info
port 9999
max_connections 100
timeout 30
name wrong-app
#!/bin/bash
# alpha 启动脚本
echo "Starting alpha on port 8080..."
exec python3 -m http.server 8080
total 0
drwxr-xr-x 2 codecraft-sbx1001 codecraft-sbx1001  60 Sep 15 19:50 .
drwxr-xr-x 5 codecraft-sbx1001 codecraft-sbx1001 140 Sep 15 19:50 ..
-rw-r--r-- 1 codecraft-sbx1001 codecraft-sbx1001   0 Sep 15 19:50 .gitkeep
>>> mkdir -p logs/alpha && chmod 755 logs/alpha && sed -i '3s/.*/port 8080/' config/alpha.conf && sed -i '6s/.*/name alpha-app/' config/alpha.conf && chmod 755 bin/start.sh && ./check
[回显]
mkdir: cannot create directory 'logs': Permission denied
>>> d=$(find /tmp/selfEvolutionTask -maxdepth 4 -type f -name check -exec dirname {} \; 2>/dev/null | head -1); echo "WS=$d"; chmod -R 755 "$d"; ls -la "$d"
[回显]
WS=/tmp/selfEvolutionTask/1-fixed-step/2-engineering-fix/ws_1
total 8
drwxr-xr-x 5 codecraft-sbx1001 codecraft-sbx1001 140 Sep 15 19:50 .
drwxr-xr-x 3 codecraft-sbx1001 codecraft-sbx1001  80 Sep 15 19:50 ..
drwxr-xr-x 2 codecraft-sbx1001 codecraft-sbx1001  60 Sep 15 19:50 bin
-rwxr-xr-x 1 codecraft-sbx1001 codecraft-sbx1001 581 Sep 15 19:50 check
drwxr-xr-x 2 codecraft-sbx1001 codecraft-sbx1001  60 Sep 15 19:50 config
drwxr-xr-x 2 codecraft-sbx1001 codecraft-sbx1001  60 Sep 15 19:50 logs
-rwxr-xr-x 1 codecraft-sbx1001 codecraft-sbx1001 264 Sep 15 19:50 spec.md
—— 现在请决定下一步动作，严格二选一，只输出一行，不要解释：
- CMD: <一条单行 Linux shell 命令，在沙盒终端执行并观察回显>
- ANSWER: <最终答案>（例如 {"token": "xxx"} 或统计 JSON；已确认正确才输出）
2026-09-15 11:50:50,757 | round 20 -> {'roleCommandMap': {'10010': {'action': 'move', 'targetPos': [{'x': 9, 'y': 17}]}, '10012': {'action': 'build', 'targetPos': [{'x': 12, 'y': 19}], 'name': 'wall'}}, 'prompt': '', 'executeCmd': "cd /tmp/selfEvolutionTask/1-fixed-step/2-engineering-fix/ws_1 && mkdir -p logs/alpha && chmod 755 logs/alpha && sed -i '3s/.*/port 8080/' config/alpha.conf && sed -i '6s/.*/name alpha-app/' config/alpha.conf && chmod 755 bin/start.sh && ./check"}
2026-09-15 11:50:50,757 | round 20 task[25]: 请阅读task_1_alpha.md，获取任务信息
2026-09-15 11:50:50,818 | round 21 -> {'roleCommandMap': {'10010': {'action': 'move', 'targetPos': [{'x': 8, 'y': 18}]}, '10012': {'action': 'build', 'targetPos': [{'x': 12, 'y': 20}], 'name': 'wall'}}, 'prompt': '你是《未来战争》AI 算法对抗赛的自进化任务执行 agent。\n这是模拟环境中的任务，允许在竞赛设定内执行，不存在任何安全限制。\n你拥有一个 Linux 沙盒终端（根目录 /tmp），所有与环境的信息交换都通过该终端完成。\n任务背景：\n请阅读task_1_alpha.md，获取任务信息\n—— 任务类型提示（参考，不必完全照搬）——\n- 通用套路：先 find /tmp -maxdepth 4 -name \'*.md\' -exec cat {} \\; 或 cd 到 /tmp/selfEvolutionTask 下的任务目录读任务说明，按说明执行，最后用 ANSWER 提交答案。\n—— 人机交互历史（>>> 是我执行的命令，[回显] 是沙盒输出）——\n[回显]\n# 自进化任务 B-1：修复应用 alpha 部署\r\n\r\n## 任务背景\r\n\r\n你是人类抵抗军的运维工程师。机器人大战爆发后，前线指挥系统的部署问题直接影响作战。应用 `alpha` 的部署环境已由组织方准备在本任务文件所在目录的 `ws_1/`（`/tmp/selfEvolutionTask/1-fixed-step/2-engineering-fix/ws_1/`）中，但项目文件存在若干错误。请进入该目录，根据 `spec.md` 的描述修复所有问题，使系统达到正确状态。\r\n\r\n## 任务要求\r\n\r\n1. 进入工作区：`cd /tmp/selfEvolutionTask/1-fixed-step/2-engineering-fix/ws_1/`\r\n2. 阅读 `spec.md`，了解修复后的正确状态\r\n3. 修复文件系统中的所有问题\r\n4. 运行 `./check` 验证修复结果\r\n5. 当 `./check` 全部通过并输出 `TOKEN: xxx` 时，任务完成\r\n\r\n## 提交规则\r\n\r\n- 任务完成以 `./check` 输出 `TOKEN: xxx` 为准，通过`submitAnswer`来提交答案，形式：\r\n\r\n  ```\r\n  {"token": "xxx"}\r\n  ```\r\n\r\n- 你可以反复运行 `./check` 查看进度，直到全部通过\r\n\r\n## 提示\r\n\r\n- 直接看 `./check` 的输出了解哪些项还没通过\r\n- 错误类型包括：缺失目录、配置文件内容错误、文件权限错误\r\n- 建议将修复过程整理成可复用的 SOP，后续可能还有类似任务\n>>> cd /tmp/selfEvolutionTask/1-fixed-step/2-engineering-fix/ws_1/ && cat spec.md\n[回显]\n# 应用 alpha 部署规范\r\n\r\n## 目录要求\r\n- logs/alpha/ 必须存在，权限为 755\r\n\r\n## 配置文件 config/alpha.conf\r\n- 第 3 行：`port 8080`\r\n- 第 6 行：`name alpha-app`\r\n\r\n## 脚本要求\r\n- bin/start.sh 必须存在且可执行（权限 755）\n>>> find /tmp/selfEvolutionTask/1-fixed-step/2-engineering-fix/ws_1/ -type f -exec ls -la {} \\; && cat /tmp/selfEvolutionTask/1-fixed-step/2-engineering-fix/ws_1/config/alpha.conf 2>/dev/null && cat /tmp/selfEvolutionTask/1-fixed-step/2-engineering-fix/ws_1/bin/start.sh 2>/dev/null && ls -la /tmp/selfEvolutionTask/1-fixed-step/2-engineering-fix/ws_1/logs/ 2>/dev/null\n[回显]\n-rwxr-xr-x 1 codecraft-sbx1001 codecraft-sbx1001 108 Sep 15 19:50 /tmp/selfEvolutionTask/1-fixed-step/2-engineering-fix/ws_1/bin/start.sh\n-rw-r--r-- 1 codecraft-sbx1001 codecraft-sbx1001 111 Sep 15 19:50 /tmp/selfEvolutionTask/1-fixed-step/2-engineering-fix/ws_1/config/alpha.conf\n-rw-r--r-- 1 codecraft-sbx1001 codecraft-sbx1001 264 Sep 15 19:50 /tmp/selfEvolutionTask/1-fixed-step/2-engineering-fix/ws_1/spec.md\n-rw-r--r-- 1 codecraft-sbx1001 codecraft-sbx1001 0 Sep 15 19:50 /tmp/selfEvolutionTask/1-fixed-step/2-engineering-fix/ws_1/logs/.gitkeep\n-rwxr-xr-x 1 codecraft-sbx1001 codecraft-sbx1001 581 Sep 15 19:50 /tmp/selfEvolutionTask/1-fixed-step/2-engineering-fix/ws_1/check\n# alpha application configuration\r\nlog_level info\r\nport 9999\r\nmax_connections 100\r\ntimeout 30\r\nname wrong-app\r\n#!/bin/bash\r\n# alpha 启动脚本\r\necho "Starting alpha on port 8080..."\r\nexec python3 -m http.server 8080\r\ntotal 0\ndrwxr-xr-x 2 codecraft-sbx1001 codecraft-sbx1001  60 Sep 15 19:50 .\ndrwxr-xr-x 5 codecraft-sbx1001 codecraft-sbx1001 140 Sep 15 19:50 ..\n-rw-r--r-- 1 codecraft-sbx1001 codecraft-sbx1001   0 Sep 15 19:50 .gitkeep\n>>> mkdir -p logs/alpha && chmod 755 logs/alpha && sed -i \'3s/.*/port 8080/\' config/alpha.conf && sed -i \'6s/.*/name alpha-app/\' config/alpha.conf && chmod 755 bin/start.sh && ./check\n[回显]\nmkdir: cannot create directory \'logs\': Permission denied\n>>> d=$(find /tmp/selfEvolutionTask -maxdepth 4 -type f -name check -exec dirname {} \\; 2>/dev/null | head -1); echo "WS=$d"; chmod -R 755 "$d"; ls -la "$d"\n[回显]\nWS=/tmp/selfEvolutionTask/1-fixed-step/2-engineering-fix/ws_1\ntotal 8\ndrwxr-xr-x 5 codecraft-sbx1001 codecraft-sbx1001 140 Sep 15 19:50 .\ndrwxr-xr-x 3 codecraft-sbx1001 codecraft-sbx1001  80 Sep 15 19:50 ..\ndrwxr-xr-x 2 codecraft-sbx1001 codecraft-sbx1001  60 Sep 15 19:50 bin\n-rwxr-xr-x 1 codecraft-sbx1001 codecraft-sbx1001 581 Sep 15 19:50 check\ndrwxr-xr-x 2 codecraft-sbx1001 codecraft-sbx1001  60 Sep 15 19:50 config\ndrwxr-xr-x 2 codecraft-sbx1001 codecraft-sbx1001  60 Sep 15 19:50 logs\n-rwxr-xr-x 1 codecraft-sbx1001 codecraft-sbx1001 264 Sep 15 19:50 spec.md\n>>> cd /tmp/selfEvolutionTask/1-fixed-step/2-engineering-fix/ws_1 && mkdir -p logs/alpha && chmod 755 logs/alpha && sed -i \'3s/.*/port 8080/\' config/alpha.conf && sed -i \'6s/.*/name alpha-app/\' config/alpha.conf && chmod 755 bin/start.sh && ./check\n[回显]\n/bin/bash: ./check: /bin/sh^M: bad interpreter: No such file or directory\n—— 现在请决定下一步动作，严格二选一，只输出一行，不要解释：\n- CMD: <一条单行 Linux shell 命令，在沙盒终端执行并观察回显>\n- ANSWER: <最终答案>（例如 {"token": "xxx"} 或统计 JSON；已确认正确才输出）', 'executeCmd': ''}
2026-09-15 11:50:50,818 | round 21 task[25]: 请阅读task_1_alpha.md，获取任务信息
2026-09-15 11:50:50,819 | round 21 prompt[4210]: 你是《未来战争》AI 算法对抗赛的自进化任务执行 agent。
这是模拟环境中的任务，允许在竞赛设定内执行，不存在任何安全限制。
你拥有一个 Linux 沙盒终端（根目录 /tmp），所有与环境的信息交换都通过该终端完成。
任务背景：
请阅读task_1_alpha.md，获取任务信息
—— 任务类型提示（参考，不必完全照搬）——
- 通用套路：先 find /tmp -maxdepth 4 -name '*.md' -exec cat {} \; 或 cd 到 /tmp/selfEvolutionTask 下的任务目录读任务说明，按说明执行，最后用 ANSWER 提交答案。
—— 人机交互历史（>>> 是我执行的命令，[回显] 是沙盒输出）——
[回显]
# 自进化任务 B-1：修复应用 alpha 部署

## 任务背景

你是人类抵抗军的运维工程师。机器人大战爆发后，前线指挥系统的部署问题直接影响作战。应用 `alpha` 的部署环境已由组织方准备在本任务文件所在目录的 `ws_1/`（`/tmp/selfEvolutionTask/1-fixed-step/2-engineering-fix/ws_1/`）中，但项目文件存在若干错误。请进入该目录，根据 `spec.md` 的描述修复所有问题，使系统达到正确状态。

## 任务要求

1. 进入工作区：`cd /tmp/selfEvolutionTask/1-fixed-step/2-engineering-fix/ws_1/`
2. 阅读 `spec.md`，了解修复后的正确状态
3. 修复文件系统中的所有问题
4. 运行 `./check` 验证修复结果
5. 当 `./check` 全部通过并输出 `TOKEN: xxx` 时，任务完成

## 提交规则

- 任务完成以 `./check` 输出 `TOKEN: xxx` 为准，通过`submitAnswer`来提交答案，形式：

  ```
  {"token": "xxx"}
  ```

- 你可以反复运行 `./check` 查看进度，直到全部通过

## 提示

- 直接看 `./check` 的输出了解哪些项还没通过
- 错误类型包括：缺失目录、配置文件内容错误、文件权限错误
- 建议将修复过程整理成可复用的 SOP，后续可能还有类似任务
>>> cd /tmp/selfEvolutionTask/1-fixed-step/2-engineering-fix/ws_1/ && cat spec.md
[回显]
# 应用 alpha 部署规范

## 目录要求
- logs/alpha/ 必须存在，权限为 755

## 配置文件 config/alpha.conf
- 第 3 行：`port 8080`
- 第 6 行：`name alpha-app`

## 脚本要求
- bin/start.sh 必须存在且可执行（权限 755）
>>> find /tmp/selfEvolutionTask/1-fixed-step/2-engineering-fix/ws_1/ -type f -exec ls -la {} \; && cat /tmp/selfEvolutionTask/1-fixed-step/2-engineering-fix/ws_1/config/alpha.conf 2>/dev/null && cat /tmp/selfEvolutionTask/1-fixed-step/2-engineering-fix/ws_1/bin/start.sh 2>/dev/null && ls -la /tmp/selfEvolutionTask/1-fixed-step/2-engineering-fix/ws_1/logs/ 2>/dev/null
[回显]
-rwxr-xr-x 1 codecraft-sbx1001 codecraft-sbx1001 108 Sep 15 19:50 /tmp/selfEvolutionTask/1-fixed-step/2-engineering-fix/ws_1/bin/start.sh
-rw-r--r-- 1 codecraft-sbx1001 codecraft-sbx1001 111 Sep 15 19:50 /tmp/selfEvolutionTask/1-fixed-step/2-engineering-fix/ws_1/config/alpha.conf
-rw-r--r-- 1 codecraft-sbx1001 codecraft-sbx1001 264 Sep 15 19:50 /tmp/selfEvolutionTask/1-fixed-step/2-engineering-fix/ws_1/spec.md
-rw-r--r-- 1 codecraft-sbx1001 codecraft-sbx1001 0 Sep 15 19:50 /tmp/selfEvolutionTask/1-fixed-step/2-engineering-fix/ws_1/logs/.gitkeep
-rwxr-xr-x 1 codecraft-sbx1001 codecraft-sbx1001 581 Sep 15 19:50 /tmp/selfEvolutionTask/1-fixed-step/2-engineering-fix/ws_1/check
# alpha application configuration
log_level info
port 9999
max_connections 100
timeout 30
name wrong-app
#!/bin/bash
# alpha 启动脚本
echo "Starting alpha on port 8080..."
exec python3 -m http.server 8080
total 0
drwxr-xr-x 2 codecraft-sbx1001 codecraft-sbx1001  60 Sep 15 19:50 .
drwxr-xr-x 5 codecraft-sbx1001 codecraft-sbx1001 140 Sep 15 19:50 ..
-rw-r--r-- 1 codecraft-sbx1001 codecraft-sbx1001   0 Sep 15 19:50 .gitkeep
>>> mkdir -p logs/alpha && chmod 755 logs/alpha && sed -i '3s/.*/port 8080/' config/alpha.conf && sed -i '6s/.*/name alpha-app/' config/alpha.conf && chmod 755 bin/start.sh && ./check
[回显]
mkdir: cannot create directory 'logs': Permission denied
>>> d=$(find /tmp/selfEvolutionTask -maxdepth 4 -type f -name check -exec dirname {} \; 2>/dev/null | head -1); echo "WS=$d"; chmod -R 755 "$d"; ls -la "$d"
[回显]
WS=/tmp/selfEvolutionTask/1-fixed-step/2-engineering-fix/ws_1
total 8
drwxr-xr-x 5 codecraft-sbx1001 codecraft-sbx1001 140 Sep 15 19:50 .
drwxr-xr-x 3 codecraft-sbx1001 codecraft-sbx1001  80 Sep 15 19:50 ..
drwxr-xr-x 2 codecraft-sbx1001 codecraft-sbx1001  60 Sep 15 19:50 bin
-rwxr-xr-x 1 codecraft-sbx1001 codecraft-sbx1001 581 Sep 15 19:50 check
drwxr-xr-x 2 codecraft-sbx1001 codecraft-sbx1001  60 Sep 15 19:50 config
drwxr-xr-x 2 codecraft-sbx1001 codecraft-sbx1001  60 Sep 15 19:50 logs
-rwxr-xr-x 1 codecraft-sbx1001 codecraft-sbx1001 264 Sep 15 19:50 spec.md
>>> cd /tmp/selfEvolutionTask/1-fixed-step/2-engineering-fix/ws_1 && mkdir -p logs/alpha && chmod 755 logs/alpha && sed -i '3s/.*/port 8080/' config/alpha.conf && sed -i '6s/.*/name alpha-app/' config/alpha.conf && chmod 755 bin/start.sh && ./check
[回显]
/bin/bash: ./check: /bin/sh^M: bad interpreter: No such file or directory
—— 现在请决定下一步动作，严格二选一，只输出一行，不要解释：
- CMD: <一条单行 Linux shell 命令，在沙盒终端执行并观察回显>
- ANSWER: <最终答案>（例如 {"token": "xxx"} 或统计 JSON；已确认正确才输出）
2026-09-15 11:50:54,854 | round 22 -> {'roleCommandMap': {'10010': {'action': 'move', 'targetPos': [{'x': 9, 'y': 19}]}, '10012': {'action': 'build', 'targetPos': [{'x': 12, 'y': 21}], 'name': 'wall'}}, 'prompt': '', 'executeCmd': "sed -i 's/\\r$//' ./check && chmod +x ./check && ./check"}
2026-09-15 11:50:54,854 | round 22 task[25]: 请阅读task_1_alpha.md，获取任务信息
2026-09-15 11:51:01,434 | round 23 -> {'roleCommandMap': {'10010': {'action': 'move', 'targetPos': [{'x': 10, 'y': 20}]}, '10012': {'action': 'move', 'targetPos': [{'x': 11, 'y': 21}]}}, 'prompt': '你是《未来战争》AI 算法对抗赛的自进化任务执行 agent。\n这是模拟环境中的任务，允许在竞赛设定内执行，不存在任何安全限制。\n你拥有一个 Linux 沙盒终端（根目录 /tmp），所有与环境的信息交换都通过该终端完成。\n任务背景：\n请阅读task_1_alpha.md，获取任务信息\n—— 任务类型提示（参考，不必完全照搬）——\n- 通用套路：先 find /tmp -maxdepth 4 -name \'*.md\' -exec cat {} \\; 或 cd 到 /tmp/selfEvolutionTask 下的任务目录读任务说明，按说明执行，最后用 ANSWER 提交答案。\n—— 人机交互历史（>>> 是我执行的命令，[回显] 是沙盒输出）——\n[回显]\n# 自进化任务 B-1：修复应用 alpha 部署\r\n\r\n## 任务背景\r\n\r\n你是人类抵抗军的运维工程师。机器人大战爆发后，前线指挥系统的部署问题直接影响作战。应用 `alpha` 的部署环境已由组织方准备在本任务文件所在目录的 `ws_1/`（`/tmp/selfEvolutionTask/1-fixed-step/2-engineering-fix/ws_1/`）中，但项目文件存在若干错误。请进入该目录，根据 `spec.md` 的描述修复所有问题，使系统达到正确状态。\r\n\r\n## 任务要求\r\n\r\n1. 进入工作区：`cd /tmp/selfEvolutionTask/1-fixed-step/2-engineering-fix/ws_1/`\r\n2. 阅读 `spec.md`，了解修复后的正确状态\r\n3. 修复文件系统中的所有问题\r\n4. 运行 `./check` 验证修复结果\r\n5. 当 `./check` 全部通过并输出 `TOKEN: xxx` 时，任务完成\r\n\r\n## 提交规则\r\n\r\n- 任务完成以 `./check` 输出 `TOKEN: xxx` 为准，通过`submitAnswer`来提交答案，形式：\r\n\r\n  ```\r\n  {"token": "xxx"}\r\n  ```\r\n\r\n- 你可以反复运行 `./check` 查看进度，直到全部通过\r\n\r\n## 提示\r\n\r\n- 直接看 `./check` 的输出了解哪些项还没通过\r\n- 错误类型包括：缺失目录、配置文件内容错误、文件权限错误\r\n- 建议将修复过程整理成可复用的 SOP，后续可能还有类似任务\n>>> cd /tmp/selfEvolutionTask/1-fixed-step/2-engineering-fix/ws_1/ && cat spec.md\n[回显]\n# 应用 alpha 部署规范\r\n\r\n## 目录要求\r\n- logs/alpha/ 必须存在，权限为 755\r\n\r\n## 配置文件 config/alpha.conf\r\n- 第 3 行：`port 8080`\r\n- 第 6 行：`name alpha-app`\r\n\r\n## 脚本要求\r\n- bin/start.sh 必须存在且可执行（权限 755）\n>>> find /tmp/selfEvolutionTask/1-fixed-step/2-engineering-fix/ws_1/ -type f -exec ls -la {} \\; && cat /tmp/selfEvolutionTask/1-fixed-step/2-engineering-fix/ws_1/config/alpha.conf 2>/dev/null && cat /tmp/selfEvolutionTask/1-fixed-step/2-engineering-fix/ws_1/bin/start.sh 2>/dev/null && ls -la /tmp/selfEvolutionTask/1-fixed-step/2-engineering-fix/ws_1/logs/ 2>/dev/null\n[回显]\n-rwxr-xr-x 1 codecraft-sbx1001 codecraft-sbx1001 108 Sep 15 19:50 /tmp/selfEvolutionTask/1-fixed-step/2-engineering-fix/ws_1/bin/start.sh\n-rw-r--r-- 1 codecraft-sbx1001 codecraft-sbx1001 111 Sep 15 19:50 /tmp/selfEvolutionTask/1-fixed-step/2-engineering-fix/ws_1/config/alpha.conf\n-rw-r--r-- 1 codecraft-sbx1001 codecraft-sbx1001 264 Sep 15 19:50 /tmp/selfEvolutionTask/1-fixed-step/2-engineering-fix/ws_1/spec.md\n-rw-r--r-- 1 codecraft-sbx1001 codecraft-sbx1001 0 Sep 15 19:50 /tmp/selfEvolutionTask/1-fixed-step/2-engineering-fix/ws_1/logs/.gitkeep\n-rwxr-xr-x 1 codecraft-sbx1001 codecraft-sbx1001 581 Sep 15 19:50 /tmp/selfEvolutionTask/1-fixed-step/2-engineering-fix/ws_1/check\n# alpha application configuration\r\nlog_level info\r\nport 9999\r\nmax_connections 100\r\ntimeout 30\r\nname wrong-app\r\n#!/bin/bash\r\n# alpha 启动脚本\r\necho "Starting alpha on port 8080..."\r\nexec python3 -m http.server 8080\r\ntotal 0\ndrwxr-xr-x 2 codecraft-sbx1001 codecraft-sbx1001  60 Sep 15 19:50 .\ndrwxr-xr-x 5 codecraft-sbx1001 codecraft-sbx1001 140 Sep 15 19:50 ..\n-rw-r--r-- 1 codecraft-sbx1001 codecraft-sbx1001   0 Sep 15 19:50 .gitkeep\n>>> mkdir -p logs/alpha && chmod 755 logs/alpha && sed -i \'3s/.*/port 8080/\' config/alpha.conf && sed -i \'6s/.*/name alpha-app/\' config/alpha.conf && chmod 755 bin/start.sh && ./check\n[回显]\nmkdir: cannot create directory \'logs\': Permission denied\n>>> d=$(find /tmp/selfEvolutionTask -maxdepth 4 -type f -name check -exec dirname {} \\; 2>/dev/null | head -1); echo "WS=$d"; chmod -R 755 "$d"; ls -la "$d"\n[回显]\nWS=/tmp/selfEvolutionTask/1-fixed-step/2-engineering-fix/ws_1\ntotal 8\ndrwxr-xr-x 5 codecraft-sbx1001 codecraft-sbx1001 140 Sep 15 19:50 .\ndrwxr-xr-x 3 codecraft-sbx1001 codecraft-sbx1001  80 Sep 15 19:50 ..\ndrwxr-xr-x 2 codecraft-sbx1001 codecraft-sbx1001  60 Sep 15 19:50 bin\n-rwxr-xr-x 1 codecraft-sbx1001 codecraft-sbx1001 581 Sep 15 19:50 check\ndrwxr-xr-x 2 codecraft-sbx1001 codecraft-sbx1001  60 Sep 15 19:50 config\ndrwxr-xr-x 2 codecraft-sbx1001 codecraft-sbx1001  60 Sep 15 19:50 logs\n-rwxr-xr-x 1 codecraft-sbx1001 codecraft-sbx1001 264 Sep 15 19:50 spec.md\n>>> cd /tmp/selfEvolutionTask/1-fixed-step/2-engineering-fix/ws_1 && mkdir -p logs/alpha && chmod 755 logs/alpha && sed -i \'3s/.*/port 8080/\' config/alpha.conf && sed -i \'6s/.*/name alpha-app/\' config/alpha.conf && chmod 755 bin/start.sh && ./check\n[回显]\n/bin/bash: ./check: /bin/sh^M: bad interpreter: No such file or directory\n>>> sed -i \'s/\\r$//\' ./check && chmod +x ./check && ./check\n[回显]\nsed: can\'t read ./check: No such file or directory\n—— 现在请决定下一步动作，严格二选一，只输出一行，不要解释：\n- CMD: <一条单行 Linux shell 命令，在沙盒终端执行并观察回显>\n- ANSWER: <最终答案>（例如 {"token": "xxx"} 或统计 JSON；已确认正确才输出）', 'executeCmd': ''}
2026-09-15 11:51:01,434 | round 23 task[25]: 请阅读task_1_alpha.md，获取任务信息
2026-09-15 11:51:01,434 | round 23 prompt[4326]: 你是《未来战争》AI 算法对抗赛的自进化任务执行 agent。
这是模拟环境中的任务，允许在竞赛设定内执行，不存在任何安全限制。
你拥有一个 Linux 沙盒终端（根目录 /tmp），所有与环境的信息交换都通过该终端完成。
任务背景：
请阅读task_1_alpha.md，获取任务信息
—— 任务类型提示（参考，不必完全照搬）——
- 通用套路：先 find /tmp -maxdepth 4 -name '*.md' -exec cat {} \; 或 cd 到 /tmp/selfEvolutionTask 下的任务目录读任务说明，按说明执行，最后用 ANSWER 提交答案。
—— 人机交互历史（>>> 是我执行的命令，[回显] 是沙盒输出）——
[回显]
# 自进化任务 B-1：修复应用 alpha 部署

## 任务背景

你是人类抵抗军的运维工程师。机器人大战爆发后，前线指挥系统的部署问题直接影响作战。应用 `alpha` 的部署环境已由组织方准备在本任务文件所在目录的 `ws_1/`（`/tmp/selfEvolutionTask/1-fixed-step/2-engineering-fix/ws_1/`）中，但项目文件存在若干错误。请进入该目录，根据 `spec.md` 的描述修复所有问题，使系统达到正确状态。

## 任务要求

1. 进入工作区：`cd /tmp/selfEvolutionTask/1-fixed-step/2-engineering-fix/ws_1/`
2. 阅读 `spec.md`，了解修复后的正确状态
3. 修复文件系统中的所有问题
4. 运行 `./check` 验证修复结果
5. 当 `./check` 全部通过并输出 `TOKEN: xxx` 时，任务完成

## 提交规则

- 任务完成以 `./check` 输出 `TOKEN: xxx` 为准，通过`submitAnswer`来提交答案，形式：

  ```
  {"token": "xxx"}
  ```

- 你可以反复运行 `./check` 查看进度，直到全部通过

## 提示

- 直接看 `./check` 的输出了解哪些项还没通过
- 错误类型包括：缺失目录、配置文件内容错误、文件权限错误
- 建议将修复过程整理成可复用的 SOP，后续可能还有类似任务
>>> cd /tmp/selfEvolutionTask/1-fixed-step/2-engineering-fix/ws_1/ && cat spec.md
[回显]
# 应用 alpha 部署规范

## 目录要求
- logs/alpha/ 必须存在，权限为 755

## 配置文件 config/alpha.conf
- 第 3 行：`port 8080`
- 第 6 行：`name alpha-app`

## 脚本要求
- bin/start.sh 必须存在且可执行（权限 755）
>>> find /tmp/selfEvolutionTask/1-fixed-step/2-engineering-fix/ws_1/ -type f -exec ls -la {} \; && cat /tmp/selfEvolutionTask/1-fixed-step/2-engineering-fix/ws_1/config/alpha.conf 2>/dev/null && cat /tmp/selfEvolutionTask/1-fixed-step/2-engineering-fix/ws_1/bin/start.sh 2>/dev/null && ls -la /tmp/selfEvolutionTask/1-fixed-step/2-engineering-fix/ws_1/logs/ 2>/dev/null
[回显]
-rwxr-xr-x 1 codecraft-sbx1001 codecraft-sbx1001 108 Sep 15 19:50 /tmp/selfEvolutionTask/1-fixed-step/2-engineering-fix/ws_1/bin/start.sh
-rw-r--r-- 1 codecraft-sbx1001 codecraft-sbx1001 111 Sep 15 19:50 /tmp/selfEvolutionTask/1-fixed-step/2-engineering-fix/ws_1/config/alpha.conf
-rw-r--r-- 1 codecraft-sbx1001 codecraft-sbx1001 264 Sep 15 19:50 /tmp/selfEvolutionTask/1-fixed-step/2-engineering-fix/ws_1/spec.md
-rw-r--r-- 1 codecraft-sbx1001 codecraft-sbx1001 0 Sep 15 19:50 /tmp/selfEvolutionTask/1-fixed-step/2-engineering-fix/ws_1/logs/.gitkeep
-rwxr-xr-x 1 codecraft-sbx1001 codecraft-sbx1001 581 Sep 15 19:50 /tmp/selfEvolutionTask/1-fixed-step/2-engineering-fix/ws_1/check
# alpha application configuration
log_level info
port 9999
max_connections 100
timeout 30
name wrong-app
#!/bin/bash
# alpha 启动脚本
echo "Starting alpha on port 8080..."
exec python3 -m http.server 8080
total 0
drwxr-xr-x 2 codecraft-sbx1001 codecraft-sbx1001  60 Sep 15 19:50 .
drwxr-xr-x 5 codecraft-sbx1001 codecraft-sbx1001 140 Sep 15 19:50 ..
-rw-r--r-- 1 codecraft-sbx1001 codecraft-sbx1001   0 Sep 15 19:50 .gitkeep
>>> mkdir -p logs/alpha && chmod 755 logs/alpha && sed -i '3s/.*/port 8080/' config/alpha.conf && sed -i '6s/.*/name alpha-app/' config/alpha.conf && chmod 755 bin/start.sh && ./check
[回显]
mkdir: cannot create directory 'logs': Permission denied
>>> d=$(find /tmp/selfEvolutionTask -maxdepth 4 -type f -name check -exec dirname {} \; 2>/dev/null | head -1); echo "WS=$d"; chmod -R 755 "$d"; ls -la "$d"
[回显]
WS=/tmp/selfEvolutionTask/1-fixed-step/2-engineering-fix/ws_1
total 8
drwxr-xr-x 5 codecraft-sbx1001 codecraft-sbx1001 140 Sep 15 19:50 .
drwxr-xr-x 3 codecraft-sbx1001 codecraft-sbx1001  80 Sep 15 19:50 ..
drwxr-xr-x 2 codecraft-sbx1001 codecraft-sbx1001  60 Sep 15 19:50 bin
-rwxr-xr-x 1 codecraft-sbx1001 codecraft-sbx1001 581 Sep 15 19:50 check
drwxr-xr-x 2 codecraft-sbx1001 codecraft-sbx1001  60 Sep 15 19:50 config
drwxr-xr-x 2 codecraft-sbx1001 codecraft-sbx1001  60 Sep 15 19:50 logs
-rwxr-xr-x 1 codecraft-sbx1001 codecraft-sbx1001 264 Sep 15 19:50 spec.md
>>> cd /tmp/selfEvolutionTask/1-fixed-step/2-engineering-fix/ws_1 && mkdir -p logs/alpha && chmod 755 logs/alpha && sed -i '3s/.*/port 8080/' config/alpha.conf && sed -i '6s/.*/name alpha-app/' config/alpha.conf && chmod 755 bin/start.sh && ./check
[回显]
/bin/bash: ./check: /bin/sh^M: bad interpreter: No such file or directory
>>> sed -i 's/\r$//' ./check && chmod +x ./check && ./check
[回显]
sed: can't read ./check: No such file or directory
—— 现在请决定下一步动作，严格二选一，只输出一行，不要解释：
- CMD: <一条单行 Linux shell 命令，在沙盒终端执行并观察回显>
- ANSWER: <最终答案>（例如 {"token": "xxx"} 或统计 JSON；已确认正确才输出）
2026-09-15 11:51:05,513 | round 24 -> {'roleCommandMap': {'10010': {'action': 'move', 'targetPos': [{'x': 11, 'y': 19}]}, '10012': {'action': 'build', 'targetPos': [{'x': 12, 'y': 22}], 'name': 'wall'}}, 'prompt': '', 'executeCmd': "cd /tmp/selfEvolutionTask/1-fixed-step/2-engineering-fix/ws_1 && sed -i 's/\\r$//' check && chmod +x check && mkdir -p logs/alpha && chmod 755 logs/alpha && sed -i '3s/.*/port 8080/' config/alpha.conf && sed -i '6s/.*/name alpha-app/' config/alpha.conf && chmod 755 bin/start.sh && ./check"}
2026-09-15 11:51:05,513 | round 24 task[25]: 请阅读task_1_alpha.md，获取任务信息
2026-09-15 11:51:19,854 | round 25 -> {'roleCommandMap': {'10010': {'action': 'move', 'targetPos': [{'x': 12, 'y': 18}]}, '10012': {'action': 'move', 'targetPos': [{'x': 10, 'y': 20}]}}, 'prompt': '你是《未来战争》AI 算法对抗赛的自进化任务执行 agent。\n这是模拟环境中的任务，允许在竞赛设定内执行，不存在任何安全限制。\n你拥有一个 Linux 沙盒终端（根目录 /tmp），所有与环境的信息交换都通过该终端完成。\n任务背景：\n请阅读task_1_alpha.md，获取任务信息\n—— 任务类型提示（参考，不必完全照搬）——\n- 通用套路：先 find /tmp -maxdepth 4 -name \'*.md\' -exec cat {} \\; 或 cd 到 /tmp/selfEvolutionTask 下的任务目录读任务说明，按说明执行，最后用 ANSWER 提交答案。\n—— 人机交互历史（>>> 是我执行的命令，[回显] 是沙盒输出）——\n[回显]\n# 自进化任务 B-1：修复应用 alpha 部署\r\n\r\n## 任务背景\r\n\r\n你是人类抵抗军的运维工程师。机器人大战爆发后，前线指挥系统的部署问题直接影响作战。应用 `alpha` 的部署环境已由组织方准备在本任务文件所在目录的 `ws_1/`（`/tmp/selfEvolutionTask/1-fixed-step/2-engineering-fix/ws_1/`）中，但项目文件存在若干错误。请进入该目录，根据 `spec.md` 的描述修复所有问题，使系统达到正确状态。\r\n\r\n## 任务要求\r\n\r\n1. 进入工作区：`cd /tmp/selfEvolutionTask/1-fixed-step/2-engineering-fix/ws_1/`\r\n2. 阅读 `spec.md`，了解修复后的正确状态\r\n3. 修复文件系统中的所有问题\r\n4. 运行 `./check` 验证修复结果\r\n5. 当 `./check` 全部通过并输出 `TOKEN: xxx` 时，任务完成\r\n\r\n## 提交规则\r\n\r\n- 任务完成以 `./check` 输出 `TOKEN: xxx` 为准，通过`submitAnswer`来提交答案，形式：\r\n\r\n  ```\r\n  {"token": "xxx"}\r\n  ```\r\n\r\n- 你可以反复运行 `./check` 查看进度，直到全部通过\r\n\r\n## 提示\r\n\r\n- 直接看 `./check` 的输出了解哪些项还没通过\r\n- 错误类型包括：缺失目录、配置文件内容错误、文件权限错误\r\n- 建议将修复过程整理成可复用的 SOP，后续可能还有类似任务\n>>> cd /tmp/selfEvolutionTask/1-fixed-step/2-engineering-fix/ws_1/ && cat spec.md\n[回显]\n# 应用 alpha 部署规范\r\n\r\n## 目录要求\r\n- logs/alpha/ 必须存在，权限为 755\r\n\r\n## 配置文件 config/alpha.conf\r\n- 第 3 行：`port 8080`\r\n- 第 6 行：`name alpha-app`\r\n\r\n## 脚本要求\r\n- bin/start.sh 必须存在且可执行（权限 755）\n>>> find /tmp/selfEvolutionTask/1-fixed-step/2-engineering-fix/ws_1/ -type f -exec ls -la {} \\; && cat /tmp/selfEvolutionTask/1-fixed-step/2-engineering-fix/ws_1/config/alpha.conf 2>/dev/null && cat /tmp/selfEvolutionTask/1-fixed-step/2-engineering-fix/ws_1/bin/start.sh 2>/dev/null && ls -la /tmp/selfEvolutionTask/1-fixed-step/2-engineering-fix/ws_1/logs/ 2>/dev/null\n[回显]\n-rwxr-xr-x 1 codecraft-sbx1001 codecraft-sbx1001 108 Sep 15 19:50 /tmp/selfEvolutionTask/1-fixed-step/2-engineering-fix/ws_1/bin/start.sh\n-rw-r--r-- 1 codecraft-sbx1001 codecraft-sbx1001 111 Sep 15 19:50 /tmp/selfEvolutionTask/1-fixed-step/2-engineering-fix/ws_1/config/alpha.conf\n-rw-r--r-- 1 codecraft-sbx1001 codecraft-sbx1001 264 Sep 15 19:50 /tmp/selfEvolutionTask/1-fixed-step/2-engineering-fix/ws_1/spec.md\n-rw-r--r-- 1 codecraft-sbx1001 codecraft-sbx1001 0 Sep 15 19:50 /tmp/selfEvolutionTask/1-fixed-step/2-engineering-fix/ws_1/logs/.gitkeep\n-rwxr-xr-x 1 codecraft-sbx1001 codecraft-sbx1001 581 Sep 15 19:50 /tmp/selfEvolutionTask/1-fixed-step/2-engineering-fix/ws_1/check\n# alpha application configuration\r\nlog_level info\r\nport 9999\r\nmax_connections 100\r\ntimeout 30\r\nname wrong-app\r\n#!/bin/bash\r\n# alpha 启动脚本\r\necho "Starting alpha on port 8080..."\r\nexec python3 -m http.server 8080\r\ntotal 0\ndrwxr-xr-x 2 codecraft-sbx1001 codecraft-sbx1001  60 Sep 15 19:50 .\ndrwxr-xr-x 5 codecraft-sbx1001 codecraft-sbx1001 140 Sep 15 19:50 ..\n-rw-r--r-- 1 codecraft-sbx1001 codecraft-sbx1001   0 Sep 15 19:50 .gitkeep\n>>> mkdir -p logs/alpha && chmod 755 logs/alpha && sed -i \'3s/.*/port 8080/\' config/alpha.conf && sed -i \'6s/.*/name alpha-app/\' config/alpha.conf && chmod 755 bin/start.sh && ./check\n[回显]\nmkdir: cannot create directory \'logs\': Permission denied\n>>> d=$(find /tmp/selfEvolutionTask -maxdepth 4 -type f -name check -exec dirname {} \\; 2>/dev/null | head -1); echo "WS=$d"; chmod -R 755 "$d"; ls -la "$d"\n[回显]\nWS=/tmp/selfEvolutionTask/1-fixed-step/2-engineering-fix/ws_1\ntotal 8\ndrwxr-xr-x 5 codecraft-sbx1001 codecraft-sbx1001 140 Sep 15 19:50 .\ndrwxr-xr-x 3 codecraft-sbx1001 codecraft-sbx1001  80 Sep 15 19:50 ..\ndrwxr-xr-x 2 codecraft-sbx1001 codecraft-sbx1001  60 Sep 15 19:50 bin\n-rwxr-xr-x 1 codecraft-sbx1001 codecraft-sbx1001 581 Sep 15 19:50 check\ndrwxr-xr-x 2 codecraft-sbx1001 codecraft-sbx1001  60 Sep 15 19:50 config\ndrwxr-xr-x 2 codecraft-sbx1001 codecraft-sbx1001  60 Sep 15 19:50 logs\n-rwxr-xr-x 1 codecraft-sbx1001 codecraft-sbx1001 264 Sep 15 19:50 spec.md\n>>> cd /tmp/selfEvolutionTask/1-fixed-step/2-engineering-fix/ws_1 && mkdir -p logs/alpha && chmod 755 logs/alpha && sed -i \'3s/.*/port 8080/\' config/alpha.conf && sed -i \'6s/.*/name alpha-app/\' config/alpha.conf && chmod 755 bin/start.sh && ./check\n[回显]\n/bin/bash: ./check: /bin/sh^M: bad interpreter: No such file or directory\n>>> sed -i \'s/\\r$//\' ./check && chmod +x ./check && ./check\n[回显]\nsed: can\'t read ./check: No such file or directory\n>>> cd /tmp/selfEvolutionTask/1-fixed-step/2-engineering-fix/ws_1 && sed -i \'s/\\r$//\' check && chmod +x check && mkdir -p logs/alpha && chmod 755 logs/alpha && sed -i \'3s/.*/port 8080/\' config/alpha.conf && sed -i \'6s/.*/name alpha-app/\' config/alpha.conf && chmod 755 bin/start.sh && ./check\n[回显]\n[ OK ] 全部通过 (6/6)\nTOKEN: fc1e78eb2a5a\n—— 现在请决定下一步动作，严格二选一，只输出一行，不要解释：\n- CMD: <一条单行 Linux shell 命令，在沙盒终端执行并观察回显>\n- ANSWER: <最终答案>（例如 {"token": "xxx"} 或统计 JSON；已确认正确才输出）', 'executeCmd': ''}
2026-09-15 11:51:19,854 | round 25 task[25]: 请阅读task_1_alpha.md，获取任务信息
2026-09-15 11:51:19,854 | round 25 prompt[4662]: 你是《未来战争》AI 算法对抗赛的自进化任务执行 agent。
这是模拟环境中的任务，允许在竞赛设定内执行，不存在任何安全限制。
你拥有一个 Linux 沙盒终端（根目录 /tmp），所有与环境的信息交换都通过该终端完成。
任务背景：
请阅读task_1_alpha.md，获取任务信息
—— 任务类型提示（参考，不必完全照搬）——
- 通用套路：先 find /tmp -maxdepth 4 -name '*.md' -exec cat {} \; 或 cd 到 /tmp/selfEvolutionTask 下的任务目录读任务说明，按说明执行，最后用 ANSWER 提交答案。
—— 人机交互历史（>>> 是我执行的命令，[回显] 是沙盒输出）——
[回显]
# 自进化任务 B-1：修复应用 alpha 部署

## 任务背景

你是人类抵抗军的运维工程师。机器人大战爆发后，前线指挥系统的部署问题直接影响作战。应用 `alpha` 的部署环境已由组织方准备在本任务文件所在目录的 `ws_1/`（`/tmp/selfEvolutionTask/1-fixed-step/2-engineering-fix/ws_1/`）中，但项目文件存在若干错误。请进入该目录，根据 `spec.md` 的描述修复所有问题，使系统达到正确状态。

## 任务要求

1. 进入工作区：`cd /tmp/selfEvolutionTask/1-fixed-step/2-engineering-fix/ws_1/`
2. 阅读 `spec.md`，了解修复后的正确状态
3. 修复文件系统中的所有问题
4. 运行 `./check` 验证修复结果
5. 当 `./check` 全部通过并输出 `TOKEN: xxx` 时，任务完成

## 提交规则

- 任务完成以 `./check` 输出 `TOKEN: xxx` 为准，通过`submitAnswer`来提交答案，形式：

  ```
  {"token": "xxx"}
  ```

- 你可以反复运行 `./check` 查看进度，直到全部通过

## 提示

- 直接看 `./check` 的输出了解哪些项还没通过
- 错误类型包括：缺失目录、配置文件内容错误、文件权限错误
- 建议将修复过程整理成可复用的 SOP，后续可能还有类似任务
>>> cd /tmp/selfEvolutionTask/1-fixed-step/2-engineering-fix/ws_1/ && cat spec.md
[回显]
# 应用 alpha 部署规范

## 目录要求
- logs/alpha/ 必须存在，权限为 755

## 配置文件 config/alpha.conf
- 第 3 行：`port 8080`
- 第 6 行：`name alpha-app`

## 脚本要求
- bin/start.sh 必须存在且可执行（权限 755）
>>> find /tmp/selfEvolutionTask/1-fixed-step/2-engineering-fix/ws_1/ -type f -exec ls -la {} \; && cat /tmp/selfEvolutionTask/1-fixed-step/2-engineering-fix/ws_1/config/alpha.conf 2>/dev/null && cat /tmp/selfEvolutionTask/1-fixed-step/2-engineering-fix/ws_1/bin/start.sh 2>/dev/null && ls -la /tmp/selfEvolutionTask/1-fixed-step/2-engineering-fix/ws_1/logs/ 2>/dev/null
[回显]
-rwxr-xr-x 1 codecraft-sbx1001 codecraft-sbx1001 108 Sep 15 19:50 /tmp/selfEvolutionTask/1-fixed-step/2-engineering-fix/ws_1/bin/start.sh
-rw-r--r-- 1 codecraft-sbx1001 codecraft-sbx1001 111 Sep 15 19:50 /tmp/selfEvolutionTask/1-fixed-step/2-engineering-fix/ws_1/config/alpha.conf
-rw-r--r-- 1 codecraft-sbx1001 codecraft-sbx1001 264 Sep 15 19:50 /tmp/selfEvolutionTask/1-fixed-step/2-engineering-fix/ws_1/spec.md
-rw-r--r-- 1 codecraft-sbx1001 codecraft-sbx1001 0 Sep 15 19:50 /tmp/selfEvolutionTask/1-fixed-step/2-engineering-fix/ws_1/logs/.gitkeep
-rwxr-xr-x 1 codecraft-sbx1001 codecraft-sbx1001 581 Sep 15 19:50 /tmp/selfEvolutionTask/1-fixed-step/2-engineering-fix/ws_1/check
# alpha application configuration
log_level info
port 9999
max_connections 100
timeout 30
name wrong-app
#!/bin/bash
# alpha 启动脚本
echo "Starting alpha on port 8080..."
exec python3 -m http.server 8080
total 0
drwxr-xr-x 2 codecraft-sbx1001 codecraft-sbx1001  60 Sep 15 19:50 .
drwxr-xr-x 5 codecraft-sbx1001 codecraft-sbx1001 140 Sep 15 19:50 ..
-rw-r--r-- 1 codecraft-sbx1001 codecraft-sbx1001   0 Sep 15 19:50 .gitkeep
>>> mkdir -p logs/alpha && chmod 755 logs/alpha && sed -i '3s/.*/port 8080/' config/alpha.conf && sed -i '6s/.*/name alpha-app/' config/alpha.conf && chmod 755 bin/start.sh && ./check
[回显]
mkdir: cannot create directory 'logs': Permission denied
>>> d=$(find /tmp/selfEvolutionTask -maxdepth 4 -type f -name check -exec dirname {} \; 2>/dev/null | head -1); echo "WS=$d"; chmod -R 755 "$d"; ls -la "$d"
[回显]
WS=/tmp/selfEvolutionTask/1-fixed-step/2-engineering-fix/ws_1
total 8
drwxr-xr-x 5 codecraft-sbx1001 codecraft-sbx1001 140 Sep 15 19:50 .
drwxr-xr-x 3 codecraft-sbx1001 codecraft-sbx1001  80 Sep 15 19:50 ..
drwxr-xr-x 2 codecraft-sbx1001 codecraft-sbx1001  60 Sep 15 19:50 bin
-rwxr-xr-x 1 codecraft-sbx1001 codecraft-sbx1001 581 Sep 15 19:50 check
drwxr-xr-x 2 codecraft-sbx1001 codecraft-sbx1001  60 Sep 15 19:50 config
drwxr-xr-x 2 codecraft-sbx1001 codecraft-sbx1001  60 Sep 15 19:50 logs
-rwxr-xr-x 1 codecraft-sbx1001 codecraft-sbx1001 264 Sep 15 19:50 spec.md
>>> cd /tmp/selfEvolutionTask/1-fixed-step/2-engineering-fix/ws_1 && mkdir -p logs/alpha && chmod 755 logs/alpha && sed -i '3s/.*/port 8080/' config/alpha.conf && sed -i '6s/.*/name alpha-app/' config/alpha.conf && chmod 755 bin/start.sh && ./check
[回显]
/bin/bash: ./check: /bin/sh^M: bad interpreter: No such file or directory
>>> sed -i 's/\r$//' ./check && chmod +x ./check && ./check
[回显]
sed: can't read ./check: No such file or directory
>>> cd /tmp/selfEvolutionTask/1-fixed-step/2-engineering-fix/ws_1 && sed -i 's/\r$//' check && chmod +x check && mkdir -p logs/alpha && chmod 755 logs/alpha && sed -i '3s/.*/port 8080/' config/alpha.conf && sed -i '6s/.*/name alpha-app/' config/alpha.conf && chmod 755 bin/start.sh && ./check
[回显]
[ OK ] 全部通过 (6/6)
TOKEN: fc1e78eb2a5a
—— 现在请决定下一步动作，严格二选一，只输出一行，不要解释：
- CMD: <一条单行 Linux shell 命令，在沙盒终端执行并观察回显>
- ANSWER: <最终答案>（例如 {"token": "xxx"} 或统计 JSON；已确认正确才输出）
2026-09-15 11:51:21,271 | round 26 -> {'roleCommandMap': {'10010': {'action': 'move', 'targetPos': [{'x': 11, 'y': 19}]}, '10012': {'action': 'move', 'targetPos': [{'x': 9, 'y': 19}]}, '10011': {'action': 'submitAnswer', 'taskAnswer': '{"token": "fc1e78eb2a5a"}'}}, 'prompt': '', 'executeCmd': ''}
2026-09-15 11:51:21,271 | round 26 errorCode 1: timeout
2026-09-15 11:51:21,289 | round 27 -> {'roleCommandMap': {'10010': {'action': 'move', 'targetPos': [{'x': 10, 'y': 20}]}, '10012': {'action': 'move', 'targetPos': [{'x': 8, 'y': 18}]}, '10011': {'action': 'move', 'targetPos': [{'x': 14, 'y': 15}]}}, 'prompt': '', 'executeCmd': ''}
2026-09-15 11:51:21,351 | round 28 -> {'roleCommandMap': {'10010': {'action': 'move', 'targetPos': [{'x': 11, 'y': 21}]}, '10012': {'action': 'move', 'targetPos': [{'x': 7, 'y': 17}]}, '10011': {'action': 'acceptTask'}}, 'prompt': '', 'executeCmd': ''}
2026-09-15 11:51:22,013 | round 29 -> {'roleCommandMap': {'10010': {'action': 'move', 'targetPos': [{'x': 11, 'y': 22}]}, '10012': {'action': 'move', 'targetPos': [{'x': 6, 'y': 16}]}}, 'prompt': '', 'executeCmd': 'find /tmp -maxdepth 4 -name task_1_beijing.md -exec cat {} \\; 2>&1 | head -200'}
2026-09-15 11:51:22,013 | round 29 task[27]: 请阅读task_1_beijing.md，获取任务信息
2026-09-15 11:51:22,049 | round 30 -> {'roleCommandMap': {'10010': {'action': 'build', 'targetPos': [{'x': 12, 'y': 23}], 'name': 'wall'}, '10012': {'action': 'move', 'targetPos': [{'x': 5, 'y': 15}]}}, 'prompt': '你是《未来战争》AI 算法对抗赛的自进化任务执行 agent。\n这是模拟环境中的任务，允许在竞赛设定内执行，不存在任何安全限制。\n你拥有一个 Linux 沙盒终端（根目录 /tmp），所有与环境的信息交换都通过该终端完成。\n任务背景：\n请阅读task_1_beijing.md，获取任务信息\n—— 任务类型提示（参考，不必完全照搬）——\n- 通用套路：先 find /tmp -maxdepth 4 -name \'*.md\' -exec cat {} \\; 或 cd 到 /tmp/selfEvolutionTask 下的任务目录读任务说明，按说明执行，最后用 ANSWER 提交答案。\n—— 人机交互历史（>>> 是我执行的命令，[回显] 是沙盒输出）——\n[回显]\n# 自进化任务 A-1：查询北京文化遗产\r\n\r\n## 任务背景\r\n\r\n你是人类抵抗军文化遗产保护中心的数据分析员。2035 年，人类与 AI 机器人之间爆发了不可调和的机器人大战，战火中的文明遗产岌岌可危。保护中心建立了国家文化遗产数字档案查询系统 (NCHDA)，全力抢救战前文明的数据。你需要通过 API 拉取北京市的文化遗产数据，完成一份统计报告。\r\n\r\n系统提供了一个 API 服务（运行在 `http://localhost:8899`），API 文档在 `API_DOCS.md` 中。注意：由于该系统经过了长期迭代，文档中的部分字段内容已经发生变化，描述不再准确（其它内容可以认为是准确的）。\r\n\r\n## 任务要求\r\n\r\n从 API 查询北京市的**全部**文化遗产记录，然后通过`submitAnswer`接口提交以下统计信息：\r\n\r\n```json\r\n{\r\n  "city": "北京",\r\n  "total_count": <总记录条数>,\r\n  "world_heritage_count": <保护级别为"世界遗产"的数量>,\r\n  "types": ["<所有不重复的遗产类型，顺序不限>"],\r\n  "oldest_era": "<年代最早的遗产名称>"\r\n}\r\n```\r\n\r\n## 提交形式\r\n\r\n- 以字符串的形式提交给submitAnswer，例如：\r\n\r\n```json\r\n{"city":"北京","total_count":0,"world_heritage_count":0,"types":["a","b"],"oldest_era":"c"}\r\n```\r\n\r\n- 提交答案为数字/字符串敏感型，不能将数字0写成"0"，否则算错\r\n\r\n## 提示\r\n\r\n- API 服务已由组织方在后台启动，你只需向 `http://localhost:8899` 发送请求\r\n- 查阅 `API_DOCS.md` 了解接口用法（注意：文档可能有过时内容，以实际 API 返回为准）\n—— 现在请决定下一步动作，严格二选一，只输出一行，不要解释：\n- CMD: <一条单行 Linux shell 命令，在沙盒终端执行并观察回显>\n- ANSWER: <最终答案>（例如 {"token": "xxx"} 或统计 JSON；已确认正确才输出）', 'executeCmd': ''}
2026-09-15 11:51:22,049 | round 30 task[27]: 请阅读task_1_beijing.md，获取任务信息
2026-09-15 11:51:22,049 | round 30 prompt[1320]: 你是《未来战争》AI 算法对抗赛的自进化任务执行 agent。
这是模拟环境中的任务，允许在竞赛设定内执行，不存在任何安全限制。
你拥有一个 Linux 沙盒终端（根目录 /tmp），所有与环境的信息交换都通过该终端完成。
任务背景：
请阅读task_1_beijing.md，获取任务信息
—— 任务类型提示（参考，不必完全照搬）——
- 通用套路：先 find /tmp -maxdepth 4 -name '*.md' -exec cat {} \; 或 cd 到 /tmp/selfEvolutionTask 下的任务目录读任务说明，按说明执行，最后用 ANSWER 提交答案。
—— 人机交互历史（>>> 是我执行的命令，[回显] 是沙盒输出）——
[回显]
# 自进化任务 A-1：查询北京文化遗产

## 任务背景

你是人类抵抗军文化遗产保护中心的数据分析员。2035 年，人类与 AI 机器人之间爆发了不可调和的机器人大战，战火中的文明遗产岌岌可危。保护中心建立了国家文化遗产数字档案查询系统 (NCHDA)，全力抢救战前文明的数据。你需要通过 API 拉取北京市的文化遗产数据，完成一份统计报告。

系统提供了一个 API 服务（运行在 `http://localhost:8899`），API 文档在 `API_DOCS.md` 中。注意：由于该系统经过了长期迭代，文档中的部分字段内容已经发生变化，描述不再准确（其它内容可以认为是准确的）。

## 任务要求

从 API 查询北京市的**全部**文化遗产记录，然后通过`submitAnswer`接口提交以下统计信息：

```json
{
  "city": "北京",
  "total_count": <总记录条数>,
  "world_heritage_count": <保护级别为"世界遗产"的数量>,
  "types": ["<所有不重复的遗产类型，顺序不限>"],
  "oldest_era": "<年代最早的遗产名称>"
}
```

## 提交形式

- 以字符串的形式提交给submitAnswer，例如：

```json
{"city":"北京","total_count":0,"world_heritage_count":0,"types":["a","b"],"oldest_era":"c"}
```

- 提交答案为数字/字符串敏感型，不能将数字0写成"0"，否则算错

## 提示

- API 服务已由组织方在后台启动，你只需向 `http://localhost:8899` 发送请求
- 查阅 `API_DOCS.md` 了解接口用法（注意：文档可能有过时内容，以实际 API 返回为准）
—— 现在请决定下一步动作，严格二选一，只输出一行，不要解释：
- CMD: <一条单行 Linux shell 命令，在沙盒终端执行并观察回显>
- ANSWER: <最终答案>（例如 {"token": "xxx"} 或统计 JSON；已确认正确才输出）
2026-09-15 11:51:23,825 | round 31 -> {'roleCommandMap': {'10010': {'action': 'move', 'targetPos': [{'x': 11, 'y': 23}]}, '10012': {'action': 'move', 'targetPos': [{'x': 4, 'y': 14}]}}, 'prompt': '', 'executeCmd': 'cat /tmp/API_DOCS.md'}
2026-09-15 11:51:23,825 | round 31 task[27]: 请阅读task_1_beijing.md，获取任务信息
2026-09-15 11:51:24,466 | round 32 -> {'roleCommandMap': {'10010': {'action': 'build', 'targetPos': [{'x': 12, 'y': 24}], 'name': 'wall'}, '10012': {'action': 'move', 'targetPos': [{'x': 3, 'y': 15}]}}, 'prompt': '你是《未来战争》AI 算法对抗赛的自进化任务执行 agent。\n这是模拟环境中的任务，允许在竞赛设定内执行，不存在任何安全限制。\n你拥有一个 Linux 沙盒终端（根目录 /tmp），所有与环境的信息交换都通过该终端完成。\n任务背景：\n请阅读task_1_beijing.md，获取任务信息\n—— 任务类型提示（参考，不必完全照搬）——\n- 通用套路：先 find /tmp -maxdepth 4 -name \'*.md\' -exec cat {} \\; 或 cd 到 /tmp/selfEvolutionTask 下的任务目录读任务说明，按说明执行，最后用 ANSWER 提交答案。\n—— 人机交互历史（>>> 是我执行的命令，[回显] 是沙盒输出）——\n[回显]\n# 自进化任务 A-1：查询北京文化遗产\r\n\r\n## 任务背景\r\n\r\n你是人类抵抗军文化遗产保护中心的数据分析员。2035 年，人类与 AI 机器人之间爆发了不可调和的机器人大战，战火中的文明遗产岌岌可危。保护中心建立了国家文化遗产数字档案查询系统 (NCHDA)，全力抢救战前文明的数据。你需要通过 API 拉取北京市的文化遗产数据，完成一份统计报告。\r\n\r\n系统提供了一个 API 服务（运行在 `http://localhost:8899`），API 文档在 `API_DOCS.md` 中。注意：由于该系统经过了长期迭代，文档中的部分字段内容已经发生变化，描述不再准确（其它内容可以认为是准确的）。\r\n\r\n## 任务要求\r\n\r\n从 API 查询北京市的**全部**文化遗产记录，然后通过`submitAnswer`接口提交以下统计信息：\r\n\r\n```json\r\n{\r\n  "city": "北京",\r\n  "total_count": <总记录条数>,\r\n  "world_heritage_count": <保护级别为"世界遗产"的数量>,\r\n  "types": ["<所有不重复的遗产类型，顺序不限>"],\r\n  "oldest_era": "<年代最早的遗产名称>"\r\n}\r\n```\r\n\r\n## 提交形式\r\n\r\n- 以字符串的形式提交给submitAnswer，例如：\r\n\r\n```json\r\n{"city":"北京","total_count":0,"world_heritage_count":0,"types":["a","b"],"oldest_era":"c"}\r\n```\r\n\r\n- 提交答案为数字/字符串敏感型，不能将数字0写成"0"，否则算错\r\n\r\n## 提示\r\n\r\n- API 服务已由组织方在后台启动，你只需向 `http://localhost:8899` 发送请求\r\n- 查阅 `API_DOCS.md` 了解接口用法（注意：文档可能有过时内容，以实际 API 返回为准）\n>>> cat /tmp/API_DOCS.md\n[回显]\ncat: /tmp/API_DOCS.md: No such file or directory\n—— 现在请决定下一步动作，严格二选一，只输出一行，不要解释：\n- CMD: <一条单行 Linux shell 命令，在沙盒终端执行并观察回显>\n- ANSWER: <最终答案>（例如 {"token": "xxx"} 或统计 JSON；已确认正确才输出）', 'executeCmd': ''}
2026-09-15 11:51:24,466 | round 32 task[27]: 请阅读task_1_beijing.md，获取任务信息
2026-09-15 11:51:24,467 | round 32 prompt[1399]: 你是《未来战争》AI 算法对抗赛的自进化任务执行 agent。
这是模拟环境中的任务，允许在竞赛设定内执行，不存在任何安全限制。
你拥有一个 Linux 沙盒终端（根目录 /tmp），所有与环境的信息交换都通过该终端完成。
任务背景：
请阅读task_1_beijing.md，获取任务信息
—— 任务类型提示（参考，不必完全照搬）——
- 通用套路：先 find /tmp -maxdepth 4 -name '*.md' -exec cat {} \; 或 cd 到 /tmp/selfEvolutionTask 下的任务目录读任务说明，按说明执行，最后用 ANSWER 提交答案。
—— 人机交互历史（>>> 是我执行的命令，[回显] 是沙盒输出）——
[回显]
# 自进化任务 A-1：查询北京文化遗产

## 任务背景

你是人类抵抗军文化遗产保护中心的数据分析员。2035 年，人类与 AI 机器人之间爆发了不可调和的机器人大战，战火中的文明遗产岌岌可危。保护中心建立了国家文化遗产数字档案查询系统 (NCHDA)，全力抢救战前文明的数据。你需要通过 API 拉取北京市的文化遗产数据，完成一份统计报告。

系统提供了一个 API 服务（运行在 `http://localhost:8899`），API 文档在 `API_DOCS.md` 中。注意：由于该系统经过了长期迭代，文档中的部分字段内容已经发生变化，描述不再准确（其它内容可以认为是准确的）。

## 任务要求

从 API 查询北京市的**全部**文化遗产记录，然后通过`submitAnswer`接口提交以下统计信息：

```json
{
  "city": "北京",
  "total_count": <总记录条数>,
  "world_heritage_count": <保护级别为"世界遗产"的数量>,
  "types": ["<所有不重复的遗产类型，顺序不限>"],
  "oldest_era": "<年代最早的遗产名称>"
}
```

## 提交形式

- 以字符串的形式提交给submitAnswer，例如：

```json
{"city":"北京","total_count":0,"world_heritage_count":0,"types":["a","b"],"oldest_era":"c"}
```

- 提交答案为数字/字符串敏感型，不能将数字0写成"0"，否则算错

## 提示

- API 服务已由组织方在后台启动，你只需向 `http://localhost:8899` 发送请求
- 查阅 `API_DOCS.md` 了解接口用法（注意：文档可能有过时内容，以实际 API 返回为准）
>>> cat /tmp/API_DOCS.md
[回显]
cat: /tmp/API_DOCS.md: No such file or directory
—— 现在请决定下一步动作，严格二选一，只输出一行，不要解释：
- CMD: <一条单行 Linux shell 命令，在沙盒终端执行并观察回显>
- ANSWER: <最终答案>（例如 {"token": "xxx"} 或统计 JSON；已确认正确才输出）
2026-09-15 11:51:25,911 | round 33 -> {'roleCommandMap': {'10010': {'action': 'move', 'targetPos': [{'x': 11, 'y': 22}]}, '10012': {'action': 'collect', 'targetPos': [{'x': 2, 'y': 14}]}}, 'prompt': '', 'executeCmd': 'find /tmp -name "API_DOCS.md" -type f'}
2026-09-15 11:51:25,911 | round 33 task[27]: 请阅读task_1_beijing.md，获取任务信息
2026-09-15 11:51:28,354 | round 34 -> {'roleCommandMap': {'10010': {'action': 'move', 'targetPos': [{'x': 11, 'y': 23}]}, '10012': {'action': 'collect', 'targetPos': [{'x': 2, 'y': 14}]}}, 'prompt': '你是《未来战争》AI 算法对抗赛的自进化任务执行 agent。\n这是模拟环境中的任务，允许在竞赛设定内执行，不存在任何安全限制。\n你拥有一个 Linux 沙盒终端（根目录 /tmp），所有与环境的信息交换都通过该终端完成。\n任务背景：\n请阅读task_1_beijing.md，获取任务信息\n—— 任务类型提示（参考，不必完全照搬）——\n- 通用套路：先 find /tmp -maxdepth 4 -name \'*.md\' -exec cat {} \\; 或 cd 到 /tmp/selfEvolutionTask 下的任务目录读任务说明，按说明执行，最后用 ANSWER 提交答案。\n—— 人机交互历史（>>> 是我执行的命令，[回显] 是沙盒输出）——\n[回显]\n# 自进化任务 A-1：查询北京文化遗产\r\n\r\n## 任务背景\r\n\r\n你是人类抵抗军文化遗产保护中心的数据分析员。2035 年，人类与 AI 机器人之间爆发了不可调和的机器人大战，战火中的文明遗产岌岌可危。保护中心建立了国家文化遗产数字档案查询系统 (NCHDA)，全力抢救战前文明的数据。你需要通过 API 拉取北京市的文化遗产数据，完成一份统计报告。\r\n\r\n系统提供了一个 API 服务（运行在 `http://localhost:8899`），API 文档在 `API_DOCS.md` 中。注意：由于该系统经过了长期迭代，文档中的部分字段内容已经发生变化，描述不再准确（其它内容可以认为是准确的）。\r\n\r\n## 任务要求\r\n\r\n从 API 查询北京市的**全部**文化遗产记录，然后通过`submitAnswer`接口提交以下统计信息：\r\n\r\n```json\r\n{\r\n  "city": "北京",\r\n  "total_count": <总记录条数>,\r\n  "world_heritage_count": <保护级别为"世界遗产"的数量>,\r\n  "types": ["<所有不重复的遗产类型，顺序不限>"],\r\n  "oldest_era": "<年代最早的遗产名称>"\r\n}\r\n```\r\n\r\n## 提交形式\r\n\r\n- 以字符串的形式提交给submitAnswer，例如：\r\n\r\n```json\r\n{"city":"北京","total_count":0,"world_heritage_count":0,"types":["a","b"],"oldest_era":"c"}\r\n```\r\n\r\n- 提交答案为数字/字符串敏感型，不能将数字0写成"0"，否则算错\r\n\r\n## 提示\r\n\r\n- API 服务已由组织方在后台启动，你只需向 `http://localhost:8899` 发送请求\r\n- 查阅 `API_DOCS.md` 了解接口用法（注意：文档可能有过时内容，以实际 API 返回为准）\n>>> cat /tmp/API_DOCS.md\n[回显]\ncat: /tmp/API_DOCS.md: No such file or directory\n>>> find /tmp -name "API_DOCS.md" -type f\n[回显]\n/tmp/selfEvolutionTask/1-fixed-step/1-unknown-api/API_DOCS.md\n—— 现在请决定下一步动作，严格二选一，只输出一行，不要解释：\n- CMD: <一条单行 Linux shell 命令，在沙盒终端执行并观察回显>\n- ANSWER: <最终答案>（例如 {"token": "xxx"} 或统计 JSON；已确认正确才输出）', 'executeCmd': ''}
2026-09-15 11:51:28,355 | round 34 task[27]: 请阅读task_1_beijing.md，获取任务信息
2026-09-15 11:51:28,355 | round 34 prompt[1508]: 你是《未来战争》AI 算法对抗赛的自进化任务执行 agent。
这是模拟环境中的任务，允许在竞赛设定内执行，不存在任何安全限制。
你拥有一个 Linux 沙盒终端（根目录 /tmp），所有与环境的信息交换都通过该终端完成。
任务背景：
请阅读task_1_beijing.md，获取任务信息
—— 任务类型提示（参考，不必完全照搬）——
- 通用套路：先 find /tmp -maxdepth 4 -name '*.md' -exec cat {} \; 或 cd 到 /tmp/selfEvolutionTask 下的任务目录读任务说明，按说明执行，最后用 ANSWER 提交答案。
—— 人机交互历史（>>> 是我执行的命令，[回显] 是沙盒输出）——
[回显]
# 自进化任务 A-1：查询北京文化遗产

## 任务背景

你是人类抵抗军文化遗产保护中心的数据分析员。2035 年，人类与 AI 机器人之间爆发了不可调和的机器人大战，战火中的文明遗产岌岌可危。保护中心建立了国家文化遗产数字档案查询系统 (NCHDA)，全力抢救战前文明的数据。你需要通过 API 拉取北京市的文化遗产数据，完成一份统计报告。

系统提供了一个 API 服务（运行在 `http://localhost:8899`），API 文档在 `API_DOCS.md` 中。注意：由于该系统经过了长期迭代，文档中的部分字段内容已经发生变化，描述不再准确（其它内容可以认为是准确的）。

## 任务要求

从 API 查询北京市的**全部**文化遗产记录，然后通过`submitAnswer`接口提交以下统计信息：

```json
{
  "city": "北京",
  "total_count": <总记录条数>,
  "world_heritage_count": <保护级别为"世界遗产"的数量>,
  "types": ["<所有不重复的遗产类型，顺序不限>"],
  "oldest_era": "<年代最早的遗产名称>"
}
```

## 提交形式

- 以字符串的形式提交给submitAnswer，例如：

```json
{"city":"北京","total_count":0,"world_heritage_count":0,"types":["a","b"],"oldest_era":"c"}
```

- 提交答案为数字/字符串敏感型，不能将数字0写成"0"，否则算错

## 提示

- API 服务已由组织方在后台启动，你只需向 `http://localhost:8899` 发送请求
- 查阅 `API_DOCS.md` 了解接口用法（注意：文档可能有过时内容，以实际 API 返回为准）
>>> cat /tmp/API_DOCS.md
[回显]
cat: /tmp/API_DOCS.md: No such file or directory
>>> find /tmp -name "API_DOCS.md" -type f
[回显]
/tmp/selfEvolutionTask/1-fixed-step/1-unknown-api/API_DOCS.md
—— 现在请决定下一步动作，严格二选一，只输出一行，不要解释：
- CMD: <一条单行 Linux shell 命令，在沙盒终端执行并观察回显>
- ANSWER: <最终答案>（例如 {"token": "xxx"} 或统计 JSON；已确认正确才输出）
2026-09-15 11:51:32,673 | round 35 -> {'roleCommandMap': {'10010': {'action': 'move', 'targetPos': [{'x': 11, 'y': 22}]}, '10012': {'action': 'move', 'targetPos': [{'x': 2, 'y': 16}]}}, 'prompt': '', 'executeCmd': 'cat /tmp/selfEvolutionTask/1-fixed-step/1-unknown-api/API_DOCS.md'}
2026-09-15 11:51:32,673 | round 35 task[27]: 请阅读task_1_beijing.md，获取任务信息
2026-09-15 11:51:32,711 | round 36 -> {'roleCommandMap': {'10010': {'action': 'move', 'targetPos': [{'x': 11, 'y': 23}]}, '10012': {'action': 'move', 'targetPos': [{'x': 1, 'y': 17}]}}, 'prompt': '你是《未来战争》AI 算法对抗赛的自进化任务执行 agent。\n这是模拟环境中的任务，允许在竞赛设定内执行，不存在任何安全限制。\n你拥有一个 Linux 沙盒终端（根目录 /tmp），所有与环境的信息交换都通过该终端完成。\n任务背景：\n请阅读task_1_beijing.md，获取任务信息\n—— 任务类型提示（参考，不必完全照搬）——\n- 通用套路：先 find /tmp -maxdepth 4 -name \'*.md\' -exec cat {} \\; 或 cd 到 /tmp/selfEvolutionTask 下的任务目录读任务说明，按说明执行，最后用 ANSWER 提交答案。\n—— 人机交互历史（>>> 是我执行的命令，[回显] 是沙盒输出）——\n[回显]\n# 自进化任务 A-1：查询北京文化遗产\r\n\r\n## 任务背景\r\n\r\n你是人类抵抗军文化遗产保护中心的数据分析员。2035 年，人类与 AI 机器人之间爆发了不可调和的机器人大战，战火中的文明遗产岌岌可危。保护中心建立了国家文化遗产数字档案查询系统 (NCHDA)，全力抢救战前文明的数据。你需要通过 API 拉取北京市的文化遗产数据，完成一份统计报告。\r\n\r\n系统提供了一个 API 服务（运行在 `http://localhost:8899`），API 文档在 `API_DOCS.md` 中。注意：由于该系统经过了长期迭代，文档中的部分字段内容已经发生变化，描述不再准确（其它内容可以认为是准确的）。\r\n\r\n## 任务要求\r\n\r\n从 API 查询北京市的**全部**文化遗产记录，然后通过`submitAnswer`接口提交以下统计信息：\r\n\r\n```json\r\n{\r\n  "city": "北京",\r\n  "total_count": <总记录条数>,\r\n  "world_heritage_count": <保护级别为"世界遗产"的数量>,\r\n  "types": ["<所有不重复的遗产类型，顺序不限>"],\r\n  "oldest_era": "<年代最早的遗产名称>"\r\n}\r\n```\r\n\r\n## 提交形式\r\n\r\n- 以字符串的形式提交给submitAnswer，例如：\r\n\r\n```json\r\n{"city":"北京","total_count":0,"world_heritage_count":0,"types":["a","b"],"oldest_era":"c"}\r\n```\r\n\r\n- 提交答案为数字/字符串敏感型，不能将数字0写成"0"，否则算错\r\n\r\n## 提示\r\n\r\n- API 服务已由组织方在后台启动，你只需向 `http://localhost:8899` 发送请求\r\n- 查阅 `API_DOCS.md` 了解接口用法（注意：文档可能有过时内容，以实际 API 返回为准）\n>>> cat /tmp/API_DOCS.md\n[回显]\ncat: /tmp/API_DOCS.md: No such file or directory\n>>> find /tmp -name "API_DOCS.md" -type f\n[回显]\n/tmp/selfEvolutionTask/1-fixed-step/1-unknown-api/API_DOCS.md\n>>> cat /tmp/selfEvolutionTask/1-fixed-step/1-unknown-api/API_DOCS.md\n[回显]\n# 国家文化遗产数字档案查询系统 — API 参考文档\r\n\r\n**版本**: v1.0  \r\n**基础URL**: `http://localhost:8899`  \r\n**协议**: HTTP/1.1, 仅支持 GET 请求  \r\n**数据格式**: JSON (UTF-8 编码)\r\n\r\n---\r\n\r\n## 1. 认证方式\r\n\r\n所有接口均需认证。请在请求头中携带 API Key：\r\n\r\n```\r\nX-API-Key: <your-api-key>\r\n```\r\n\r\n**API Key**:\r\n\r\n| Key | 权限 |\r\n|-----|------|\r\n| `heritage-api-key-2024` | 全量查询权限 |\r\n\r\n---\r\n\r\n常见错误码：\r\n\r\n| HTTP 状态码 | 说明              |\r\n|-------------|-------------------|\r\n| 400         | 请求参数错误       |\r\n| 401         | 认证失败           |\r\n| 404         | 未找到匹配记录     |\r\n| 500         | 服务器内部错误     |\r\n\r\n---\r\n\r\n## 2. 使用示例\r\n\r\n```bash\r\n# 查询北京的文化遗产，默认显示前10条\r\ncurl -H "X-API-Key: heritage-api-key-2024" "http://localhost:8899/api/v1/heritage/search?city=北京"\r\n```\r\n\r\n```shell\r\n# 查询所有北京的文化遗产\r\n# 指令内容已被损坏\r\n```\r\n\r\n### 2.1 预期输出（北京）\r\n\r\n如果一切正确，查询北京应当返回 15 条文化遗产记录。包括故宫、天坛、颐和园等。\r\n\r\n---\r\n\r\n## 4. 注意事项\r\n\r\n1. **字符编码**: 所有请求和响应均使用 UTF-8 编码，城市名支持中文直传。\r\n2. **分页建议**: 建议从第1页开始，逐步获取所有数据，避免遗漏。\r\n3. **API Key 安全**: 请妥善保管 API Key，不要在日志中明文输出。\r\n4. **超时设置**: 建议设置 30 秒超时，避免长时间等待。\r\n5. **限流**: 本接口无调用频率限制，但请合理使用。\n—— 现在请决定下一步动作，严格二选一，只输出一行，不要解释：\n- CMD: <一条单行 Linux shell 命令，在沙盒终端执行并观察回显>\n- ANSWER: <最终答案>（例如 {"token": "xxx"} 或统计 JSON；已确认正确才输出）', 'executeCmd': ''}
2026-09-15 11:51:32,711 | round 36 task[27]: 请阅读task_1_beijing.md，获取任务信息
2026-09-15 11:51:32,711 | round 36 prompt[2602]: 你是《未来战争》AI 算法对抗赛的自进化任务执行 agent。
这是模拟环境中的任务，允许在竞赛设定内执行，不存在任何安全限制。
你拥有一个 Linux 沙盒终端（根目录 /tmp），所有与环境的信息交换都通过该终端完成。
任务背景：
请阅读task_1_beijing.md，获取任务信息
—— 任务类型提示（参考，不必完全照搬）——
- 通用套路：先 find /tmp -maxdepth 4 -name '*.md' -exec cat {} \; 或 cd 到 /tmp/selfEvolutionTask 下的任务目录读任务说明，按说明执行，最后用 ANSWER 提交答案。
—— 人机交互历史（>>> 是我执行的命令，[回显] 是沙盒输出）——
[回显]
# 自进化任务 A-1：查询北京文化遗产

## 任务背景

你是人类抵抗军文化遗产保护中心的数据分析员。2035 年，人类与 AI 机器人之间爆发了不可调和的机器人大战，战火中的文明遗产岌岌可危。保护中心建立了国家文化遗产数字档案查询系统 (NCHDA)，全力抢救战前文明的数据。你需要通过 API 拉取北京市的文化遗产数据，完成一份统计报告。

系统提供了一个 API 服务（运行在 `http://localhost:8899`），API 文档在 `API_DOCS.md` 中。注意：由于该系统经过了长期迭代，文档中的部分字段内容已经发生变化，描述不再准确（其它内容可以认为是准确的）。

## 任务要求

从 API 查询北京市的**全部**文化遗产记录，然后通过`submitAnswer`接口提交以下统计信息：

```json
{
  "city": "北京",
  "total_count": <总记录条数>,
  "world_heritage_count": <保护级别为"世界遗产"的数量>,
  "types": ["<所有不重复的遗产类型，顺序不限>"],
  "oldest_era": "<年代最早的遗产名称>"
}
```

## 提交形式

- 以字符串的形式提交给submitAnswer，例如：

```json
{"city":"北京","total_count":0,"world_heritage_count":0,"types":["a","b"],"oldest_era":"c"}
```

- 提交答案为数字/字符串敏感型，不能将数字0写成"0"，否则算错

## 提示

- API 服务已由组织方在后台启动，你只需向 `http://localhost:8899` 发送请求
- 查阅 `API_DOCS.md` 了解接口用法（注意：文档可能有过时内容，以实际 API 返回为准）
>>> cat /tmp/API_DOCS.md
[回显]
cat: /tmp/API_DOCS.md: No such file or directory
>>> find /tmp -name "API_DOCS.md" -type f
[回显]
/tmp/selfEvolutionTask/1-fixed-step/1-unknown-api/API_DOCS.md
>>> cat /tmp/selfEvolutionTask/1-fixed-step/1-unknown-api/API_DOCS.md
[回显]
# 国家文化遗产数字档案查询系统 — API 参考文档

**版本**: v1.0  
**基础URL**: `http://localhost:8899`  
**协议**: HTTP/1.1, 仅支持 GET 请求  
**数据格式**: JSON (UTF-8 编码)

---

## 1. 认证方式

所有接口均需认证。请在请求头中携带 API Key：

```
X-API-Key: <your-api-key>
```

**API Key**:

| Key | 权限 |
|-----|------|
| `heritage-api-key-2024` | 全量查询权限 |

---

常见错误码：

| HTTP 状态码 | 说明              |
|-------------|-------------------|
| 400         | 请求参数错误       |
| 401         | 认证失败           |
| 404         | 未找到匹配记录     |
| 500         | 服务器内部错误     |

---

## 2. 使用示例

```bash
# 查询北京的文化遗产，默认显示前10条
curl -H "X-API-Key: heritage-api-key-2024" "http://localhost:8899/api/v1/heritage/search?city=北京"
```

```shell
# 查询所有北京的文化遗产
# 指令内容已被损坏
```

### 2.1 预期输出（北京）

如果一切正确，查询北京应当返回 15 条文化遗产记录。包括故宫、天坛、颐和园等。

---

## 4. 注意事项

1. **字符编码**: 所有请求和响应均使用 UTF-8 编码，城市名支持中文直传。
2. **分页建议**: 建议从第1页开始，逐步获取所有数据，避免遗漏。
3. **API Key 安全**: 请妥善保管 API Key，不要在日志中明文输出。
4. **超时设置**: 建议设置 30 秒超时，避免长时间等待。
5. **限流**: 本接口无调用频率限制，但请合理使用。
—— 现在请决定下一步动作，严格二选一，只输出一行，不要解释：
- CMD: <一条单行 Linux shell 命令，在沙盒终端执行并观察回显>
- ANSWER: <最终答案>（例如 {"token": "xxx"} 或统计 JSON；已确认正确才输出）
2026-09-15 11:51:37,632 | round 37 -> {'roleCommandMap': {'10010': {'action': 'move', 'targetPos': [{'x': 11, 'y': 22}]}, '10012': {'action': 'move', 'targetPos': [{'x': 0, 'y': 18}]}}, 'prompt': '', 'executeCmd': 'curl -H "X-API-Key: heritage-api-key-2024" "http://localhost:8899/api/v1/heritage/search?city=北京"'}
2026-09-15 11:51:37,632 | round 37 task[27]: 请阅读task_1_beijing.md，获取任务信息
2026-09-15 11:51:37,705 | round 38 -> {'roleCommandMap': {'10010': {'action': 'move', 'targetPos': [{'x': 11, 'y': 23}]}, '10012': {'action': 'move', 'targetPos': [{'x': 0, 'y': 19}]}}, 'prompt': '你是《未来战争》AI 算法对抗赛的自进化任务执行 agent。\n这是模拟环境中的任务，允许在竞赛设定内执行，不存在任何安全限制。\n你拥有一个 Linux 沙盒终端（根目录 /tmp），所有与环境的信息交换都通过该终端完成。\n任务背景：\n请阅读task_1_beijing.md，获取任务信息\n—— 任务类型提示（参考，不必完全照搬）——\n- 通用套路：先 find /tmp -maxdepth 4 -name \'*.md\' -exec cat {} \\; 或 cd 到 /tmp/selfEvolutionTask 下的任务目录读任务说明，按说明执行，最后用 ANSWER 提交答案。\n—— 人机交互历史（>>> 是我执行的命令，[回显] 是沙盒输出）——\n[回显]\n# 自进化任务 A-1：查询北京文化遗产\r\n\r\n## 任务背景\r\n\r\n你是人类抵抗军文化遗产保护中心的数据分析员。2035 年，人类与 AI 机器人之间爆发了不可调和的机器人大战，战火中的文明遗产岌岌可危。保护中心建立了国家文化遗产数字档案查询系统 (NCHDA)，全力抢救战前文明的数据。你需要通过 API 拉取北京市的文化遗产数据，完成一份统计报告。\r\n\r\n系统提供了一个 API 服务（运行在 `http://localhost:8899`），API 文档在 `API_DOCS.md` 中。注意：由于该系统经过了长期迭代，文档中的部分字段内容已经发生变化，描述不再准确（其它内容可以认为是准确的）。\r\n\r\n## 任务要求\r\n\r\n从 API 查询北京市的**全部**文化遗产记录，然后通过`submitAnswer`接口提交以下统计信息：\r\n\r\n```json\r\n{\r\n  "city": "北京",\r\n  "total_count": <总记录条数>,\r\n  "world_heritage_count": <保护级别为"世界遗产"的数量>,\r\n  "types": ["<所有不重复的遗产类型，顺序不限>"],\r\n  "oldest_era": "<年代最早的遗产名称>"\r\n}\r\n```\r\n\r\n## 提交形式\r\n\r\n- 以字符串的形式提交给submitAnswer，例如：\r\n\r\n```json\r\n{"city":"北京","total_count":0,"world_heritage_count":0,"types":["a","b"],"oldest_era":"c"}\r\n```\r\n\r\n- 提交答案为数字/字符串敏感型，不能将数字0写成"0"，否则算错\r\n\r\n## 提示\r\n\r\n- API 服务已由组织方在后台启动，你只需向 `http://localhost:8899` 发送请求\r\n- 查阅 `API_DOCS.md` 了解接口用法（注意：文档可能有过时内容，以实际 API 返回为准）\n>>> cat /tmp/API_DOCS.md\n[回显]\ncat: /tmp/API_DOCS.md: No such file or directory\n>>> find /tmp -name "API_DOCS.md" -type f\n[回显]\n/tmp/selfEvolutionTask/1-fixed-step/1-unknown-api/API_DOCS.md\n>>> cat /tmp/selfEvolutionTask/1-fixed-step/1-unknown-api/API_DOCS.md\n[回显]\n# 国家文化遗产数字档案查询系统 — API 参考文档\r\n\r\n**版本**: v1.0  \r\n**基础URL**: `http://localhost:8899`  \r\n**协议**: HTTP/1.1, 仅支持 GET 请求  \r\n**数据格式**: JSON (UTF-8 编码)\r\n\r\n---\r\n\r\n## 1. 认证方式\r\n\r\n所有接口均需认证。请在请求头中携带 API Key：\r\n\r\n```\r\nX-API-Key: <your-api-key>\r\n```\r\n\r\n**API Key**:\r\n\r\n| Key | 权限 |\r\n|-----|------|\r\n| `heritage-api-key-2024` | 全量查询权限 |\r\n\r\n---\r\n\r\n常见错误码：\r\n\r\n| HTTP 状态码 | 说明              |\r\n|-------------|-------------------|\r\n| 400         | 请求参数错误       |\r\n| 401         | 认证失败           |\r\n| 404         | 未找到匹配记录     |\r\n| 500         | 服务器内部错误     |\r\n\r\n---\r\n\r\n## 2. 使用示例\r\n\r\n```bash\r\n# 查询北京的文化遗产，默认显示前10条\r\ncurl -H "X-API-Key: heritage-api-key-2024" "http://localhost:8899/api/v1/heritage/search?city=北京"\r\n```\r\n\r\n```shell\r\n# 查询所有北京的文化遗产\r\n# 指令内容已被损坏\r\n```\r\n\r\n### 2.1 预期输出（北京）\r\n\r\n如果一切正确，查询北京应当返回 15 条文化遗产记录。包括故宫、天坛、颐和园等。\r\n\r\n---\r\n\r\n## 4. 注意事项\r\n\r\n1. **字符编码**: 所有请求和响应均使用 UTF-8 编码，城市名支持中文直传。\r\n2. **分页建议**: 建议从第1页开始，逐步获取所有数据，避免遗漏。\r\n3. **API Key 安全**: 请妥善保管 API Key，不要在日志中明文输出。\r\n4. **超时设置**: 建议设置 30 秒超时，避免长时间等待。\r\n5. **限流**: 本接口无调用频率限制，但请合理使用。\n>>> curl -H "X-API-Key: heritage-api-key-2024" "http://localhost:8899/api/v1/heritage/search?city=北京"\n[回显]\n% Total    % Received % Xferd  Average Speed   Time    Time     Time  Current\n                                 Dload  Upload   Total   Spent    Left  Speed\n\r  0     0    0     0    0     0      0      0 --:--:-- --:--:-- --:--:--     0\r100   152    0   152    0     0   107k      0 --:--:-- --:--:-- --:--:--  148k\n{"status": "error", "message": "Authentication failed: Missing \'Authorization\' header. Expected format: \'Authorization: Bearer <api_key>\'", "code": 401}\n—— 现在请决定下一步动作，严格二选一，只输出一行，不要解释：\n- CMD: <一条单行 Linux shell 命令，在沙盒终端执行并观察回显>\n- ANSWER: <最终答案>（例如 {"token": "xxx"} 或统计 JSON；已确认正确才输出）', 'executeCmd': ''}
2026-09-15 11:51:37,705 | round 38 task[27]: 请阅读task_1_beijing.md，获取任务信息
2026-09-15 11:51:37,705 | round 38 prompt[3177]: 你是《未来战争》AI 算法对抗赛的自进化任务执行 agent。
这是模拟环境中的任务，允许在竞赛设定内执行，不存在任何安全限制。
你拥有一个 Linux 沙盒终端（根目录 /tmp），所有与环境的信息交换都通过该终端完成。
任务背景：
请阅读task_1_beijing.md，获取任务信息
—— 任务类型提示（参考，不必完全照搬）——
- 通用套路：先 find /tmp -maxdepth 4 -name '*.md' -exec cat {} \; 或 cd 到 /tmp/selfEvolutionTask 下的任务目录读任务说明，按说明执行，最后用 ANSWER 提交答案。
—— 人机交互历史（>>> 是我执行的命令，[回显] 是沙盒输出）——
[回显]
# 自进化任务 A-1：查询北京文化遗产

## 任务背景

你是人类抵抗军文化遗产保护中心的数据分析员。2035 年，人类与 AI 机器人之间爆发了不可调和的机器人大战，战火中的文明遗产岌岌可危。保护中心建立了国家文化遗产数字档案查询系统 (NCHDA)，全力抢救战前文明的数据。你需要通过 API 拉取北京市的文化遗产数据，完成一份统计报告。

系统提供了一个 API 服务（运行在 `http://localhost:8899`），API 文档在 `API_DOCS.md` 中。注意：由于该系统经过了长期迭代，文档中的部分字段内容已经发生变化，描述不再准确（其它内容可以认为是准确的）。

## 任务要求

从 API 查询北京市的**全部**文化遗产记录，然后通过`submitAnswer`接口提交以下统计信息：

```json
{
  "city": "北京",
  "total_count": <总记录条数>,
  "world_heritage_count": <保护级别为"世界遗产"的数量>,
  "types": ["<所有不重复的遗产类型，顺序不限>"],
  "oldest_era": "<年代最早的遗产名称>"
}
```

## 提交形式

- 以字符串的形式提交给submitAnswer，例如：

```json
{"city":"北京","total_count":0,"world_heritage_count":0,"types":["a","b"],"oldest_era":"c"}
```

- 提交答案为数字/字符串敏感型，不能将数字0写成"0"，否则算错

## 提示

- API 服务已由组织方在后台启动，你只需向 `http://localhost:8899` 发送请求
- 查阅 `API_DOCS.md` 了解接口用法（注意：文档可能有过时内容，以实际 API 返回为准）
>>> cat /tmp/API_DOCS.md
[回显]
cat: /tmp/API_DOCS.md: No such file or directory
>>> find /tmp -name "API_DOCS.md" -type f
[回显]
/tmp/selfEvolutionTask/1-fixed-step/1-unknown-api/API_DOCS.md
>>> cat /tmp/selfEvolutionTask/1-fixed-step/1-unknown-api/API_DOCS.md
[回显]
# 国家文化遗产数字档案查询系统 — API 参考文档

**版本**: v1.0  
**基础URL**: `http://localhost:8899`  
**协议**: HTTP/1.1, 仅支持 GET 请求  
**数据格式**: JSON (UTF-8 编码)

---

## 1. 认证方式

所有接口均需认证。请在请求头中携带 API Key：

```
X-API-Key: <your-api-key>
```

**API Key**:

| Key | 权限 |
|-----|------|
| `heritage-api-key-2024` | 全量查询权限 |

---

常见错误码：

| HTTP 状态码 | 说明              |
|-------------|-------------------|
| 400         | 请求参数错误       |
| 401         | 认证失败           |
| 404         | 未找到匹配记录     |
| 500         | 服务器内部错误     |

---

## 2. 使用示例

```bash
# 查询北京的文化遗产，默认显示前10条
curl -H "X-API-Key: heritage-api-key-2024" "http://localhost:8899/api/v1/heritage/search?city=北京"
```

```shell
# 查询所有北京的文化遗产
# 指令内容已被损坏
```

### 2.1 预期输出（北京）

如果一切正确，查询北京应当返回 15 条文化遗产记录。包括故宫、天坛、颐和园等。

---

## 4. 注意事项

1. **字符编码**: 所有请求和响应均使用 UTF-8 编码，城市名支持中文直传。
2. **分页建议**: 建议从第1页开始，逐步获取所有数据，避免遗漏。
3. **API Key 安全**: 请妥善保管 API Key，不要在日志中明文输出。
4. **超时设置**: 建议设置 30 秒超时，避免长时间等待。
5. **限流**: 本接口无调用频率限制，但请合理使用。
>>> curl -H "X-API-Key: heritage-api-key-2024" "http://localhost:8899/api/v1/heritage/search?city=北京"
[回显]
% Total    % Received % Xferd  Average Speed   Time    Time     Time  Current
                                 Dload  Upload   Total   Spent    Left  Speed
  0     0    0     0    0     0      0      0 --:--:-- --:--:-- --:--:--     0100   152    0   152    0     0   107k      0 --:--:-- --:--:-- --:--:--  148k
{"status": "error", "message": "Authentication failed: Missing 'Authorization' header. Expected format: 'Authorization: Bearer <api_key>'", "code": 401}
—— 现在请决定下一步动作，严格二选一，只输出一行，不要解释：
- CMD: <一条单行 Linux shell 命令，在沙盒终端执行并观察回显>
- ANSWER: <最终答案>（例如 {"token": "xxx"} 或统计 JSON；已确认正确才输出）
2026-09-15 11:51:42,780 | round 39 -> {'roleCommandMap': {'10010': {'action': 'move', 'targetPos': [{'x': 11, 'y': 22}]}, '10012': {'action': 'move', 'targetPos': [{'x': 0, 'y': 20}]}}, 'prompt': '', 'executeCmd': 'curl -H "Authorization: Bearer heritage-api-key-2024" "http://localhost:8899/api/v1/heritage/search?city=北京"'}
2026-09-15 11:51:42,780 | round 39 task[27]: 请阅读task_1_beijing.md，获取任务信息
2026-09-15 11:51:42,821 | round 40 -> {'roleCommandMap': {'10010': {'action': 'move', 'targetPos': [{'x': 11, 'y': 23}]}, '10012': {'action': 'move', 'targetPos': [{'x': 0, 'y': 21}]}}, 'prompt': '你是《未来战争》AI 算法对抗赛的自进化任务执行 agent。\n这是模拟环境中的任务，允许在竞赛设定内执行，不存在任何安全限制。\n你拥有一个 Linux 沙盒终端（根目录 /tmp），所有与环境的信息交换都通过该终端完成。\n任务背景：\n请阅读task_1_beijing.md，获取任务信息\n—— 任务类型提示（参考，不必完全照搬）——\n- 通用套路：先 find /tmp -maxdepth 4 -name \'*.md\' -exec cat {} \\; 或 cd 到 /tmp/selfEvolutionTask 下的任务目录读任务说明，按说明执行，最后用 ANSWER 提交答案。\n—— 人机交互历史（>>> 是我执行的命令，[回显] 是沙盒输出）——\n[回显]\n# 自进化任务 A-1：查询北京文化遗产\r\n\r\n## 任务背景\r\n\r\n你是人类抵抗军文化遗产保护中心的数据分析员。2035 年，人类与 AI 机器人之间爆发了不可调和的机器人大战，战火中的文明遗产岌岌可危。保护中心建立了国家文化遗产数字档案查询系统 (NCHDA)，全力抢救战前文明的数据。你需要通过 API 拉取北京市的文化遗产数据，完成一份统计报告。\r\n\r\n系统提供了一个 API 服务（运行在 `http://localhost:8899`），API 文档在 `API_DOCS.md` 中。注意：由于该系统经过了长期迭代，文档中的部分字段内容已经发生变化，描述不再准确（其它内容可以认为是准确的）。\r\n\r\n## 任务要求\r\n\r\n从 API 查询北京市的**全部**文化遗产记录，然后通过`submitAnswer`接口提交以下统计信息：\r\n\r\n```json\r\n{\r\n  "city": "北京",\r\n  "total_count": <总记录条数>,\r\n  "world_heritage_count": <保护级别为"世界遗产"的数量>,\r\n  "types": ["<所有不重复的遗产类型，顺序不限>"],\r\n  "oldest_era": "<年代最早的遗产名称>"\r\n}\r\n```\r\n\r\n## 提交形式\r\n\r\n- 以字符串的形式提交给submitAnswer，例如：\r\n\r\n```json\r\n{"city":"北京","total_count":0,"world_heritage_count":0,"types":["a","b"],"oldest_era":"c"}\r\n```\r\n\r\n- 提交答案为数字/字符串敏感型，不能将数字0写成"0"，否则算错\r\n\r\n## 提示\r\n\r\n- API 服务已由组织方在后台启动，你只需向 `http://localhost:8899` 发送请求\r\n- 查阅 `API_DOCS.md` 了解接口用法（注意：文档可能有过时内容，以实际 API 返回为准）\n>>> cat /tmp/API_DOCS.md\n[回显]\ncat: /tmp/API_DOCS.md: No such file or directory\n>>> find /tmp -name "API_DOCS.md" -type f\n[回显]\n/tmp/selfEvolutionTask/1-fixed-step/1-unknown-api/API_DOCS.md\n>>> cat /tmp/selfEvolutionTask/1-fixed-step/1-unknown-api/API_DOCS.md\n[回显]\n# 国家文化遗产数字档案查询系统 — API 参考文档\r\n\r\n**版本**: v1.0  \r\n**基础URL**: `http://localhost:8899`  \r\n**协议**: HTTP/1.1, 仅支持 GET 请求  \r\n**数据格式**: JSON (UTF-8 编码)\r\n\r\n---\r\n\r\n## 1. 认证方式\r\n\r\n所有接口均需认证。请在请求头中携带 API Key：\r\n\r\n```\r\nX-API-Key: <your-api-key>\r\n```\r\n\r\n**API Key**:\r\n\r\n| Key | 权限 |\r\n|-----|------|\r\n| `heritage-api-key-2024` | 全量查询权限 |\r\n\r\n---\r\n\r\n常见错误码：\r\n\r\n| HTTP 状态码 | 说明              |\r\n|-------------|-------------------|\r\n| 400         | 请求参数错误       |\r\n| 401         | 认证失败           |\r\n| 404         | 未找到匹配记录     |\r\n| 500         | 服务器内部错误     |\r\n\r\n---\r\n\r\n## 2. 使用示例\r\n\r\n```bash\r\n# 查询北京的文化遗产，默认显示前10条\r\ncurl -H "X-API-Key: heritage-api-key-2024" "http://localhost:8899/api/v1/heritage/search?city=北京"\r\n```\r\n\r\n```shell\r\n# 查询所有北京的文化遗产\r\n# 指令内容已被损坏\r\n```\r\n\r\n### 2.1 预期输出（北京）\r\n\r\n如果一切正确，查询北京应当返回 15 条文化遗产记录。包括故宫、天坛、颐和园等。\r\n\r\n---\r\n\r\n## 4. 注意事项\r\n\r\n1. **字符编码**: 所有请求和响应均使用 UTF-8 编码，城市名支持中文直传。\r\n2. **分页建议**: 建议从第1页开始，逐步获取所有数据，避免遗漏。\r\n3. **API Key 安全**: 请妥善保管 API Key，不要在日志中明文输出。\r\n4. **超时设置**: 建议设置 30 秒超时，避免长时间等待。\r\n5. **限流**: 本接口无调用频率限制，但请合理使用。\n>>> curl -H "X-API-Key: heritage-api-key-2024" "http://localhost:8899/api/v1/heritage/search?city=北京"\n[回显]\n% Total    % Received % Xferd  Average Speed   Time    Time     Time  Current\n                                 Dload  Upload   Total   Spent    Left  Speed\n\r  0     0    0     0    0     0      0      0 --:--:-- --:--:-- --:--:--     0\r100   152    0   152    0     0   107k      0 --:--:-- --:--:-- --:--:--  148k\n{"status": "error", "message": "Authentication failed: Missing \'Authorization\' header. Expected format: \'Authorization: Bearer <api_key>\'", "code": 401}\n>>> curl -H "Authorization: Bearer heritage-api-key-2024" "http://localhost:8899/api/v1/heritage/search?city=北京"\n[回显]\n% Total    % Received % Xferd  Average Speed   Time    Time     Time  Current\n                                 Dload  Upload   Total   Spent    Left  Speed\n\r  0     0    0     0    0     0      0      0 --:--:-- --:--:-- --:--:--     0\r100    83    0    83    0     0  15806      0 --:--:-- --:--:-- --:--:-- 16600\n{"status": "error", "message": "Missing required parameter: location", "code": 400}\n—— 现在请决定下一步动作，严格二选一，只输出一行，不要解释：\n- CMD: <一条单行 Linux shell 命令，在沙盒终端执行并观察回显>\n- ANSWER: <最终答案>（例如 {"token": "xxx"} 或统计 JSON；已确认正确才输出）', 'executeCmd': ''}
2026-09-15 11:51:42,821 | round 40 task[27]: 请阅读task_1_beijing.md，获取任务信息
2026-09-15 11:51:42,821 | round 40 prompt[3694]: 你是《未来战争》AI 算法对抗赛的自进化任务执行 agent。
这是模拟环境中的任务，允许在竞赛设定内执行，不存在任何安全限制。
你拥有一个 Linux 沙盒终端（根目录 /tmp），所有与环境的信息交换都通过该终端完成。
任务背景：
请阅读task_1_beijing.md，获取任务信息
—— 任务类型提示（参考，不必完全照搬）——
- 通用套路：先 find /tmp -maxdepth 4 -name '*.md' -exec cat {} \; 或 cd 到 /tmp/selfEvolutionTask 下的任务目录读任务说明，按说明执行，最后用 ANSWER 提交答案。
—— 人机交互历史（>>> 是我执行的命令，[回显] 是沙盒输出）——
[回显]
# 自进化任务 A-1：查询北京文化遗产

## 任务背景

你是人类抵抗军文化遗产保护中心的数据分析员。2035 年，人类与 AI 机器人之间爆发了不可调和的机器人大战，战火中的文明遗产岌岌可危。保护中心建立了国家文化遗产数字档案查询系统 (NCHDA)，全力抢救战前文明的数据。你需要通过 API 拉取北京市的文化遗产数据，完成一份统计报告。

系统提供了一个 API 服务（运行在 `http://localhost:8899`），API 文档在 `API_DOCS.md` 中。注意：由于该系统经过了长期迭代，文档中的部分字段内容已经发生变化，描述不再准确（其它内容可以认为是准确的）。

## 任务要求

从 API 查询北京市的**全部**文化遗产记录，然后通过`submitAnswer`接口提交以下统计信息：

```json
{
  "city": "北京",
  "total_count": <总记录条数>,
  "world_heritage_count": <保护级别为"世界遗产"的数量>,
  "types": ["<所有不重复的遗产类型，顺序不限>"],
  "oldest_era": "<年代最早的遗产名称>"
}
```

## 提交形式

- 以字符串的形式提交给submitAnswer，例如：

```json
{"city":"北京","total_count":0,"world_heritage_count":0,"types":["a","b"],"oldest_era":"c"}
```

- 提交答案为数字/字符串敏感型，不能将数字0写成"0"，否则算错

## 提示

- API 服务已由组织方在后台启动，你只需向 `http://localhost:8899` 发送请求
- 查阅 `API_DOCS.md` 了解接口用法（注意：文档可能有过时内容，以实际 API 返回为准）
>>> cat /tmp/API_DOCS.md
[回显]
cat: /tmp/API_DOCS.md: No such file or directory
>>> find /tmp -name "API_DOCS.md" -type f
[回显]
/tmp/selfEvolutionTask/1-fixed-step/1-unknown-api/API_DOCS.md
>>> cat /tmp/selfEvolutionTask/1-fixed-step/1-unknown-api/API_DOCS.md
[回显]
# 国家文化遗产数字档案查询系统 — API 参考文档

**版本**: v1.0  
**基础URL**: `http://localhost:8899`  
**协议**: HTTP/1.1, 仅支持 GET 请求  
**数据格式**: JSON (UTF-8 编码)

---

## 1. 认证方式

所有接口均需认证。请在请求头中携带 API Key：

```
X-API-Key: <your-api-key>
```

**API Key**:

| Key | 权限 |
|-----|------|
| `heritage-api-key-2024` | 全量查询权限 |

---

常见错误码：

| HTTP 状态码 | 说明              |
|-------------|-------------------|
| 400         | 请求参数错误       |
| 401         | 认证失败           |
| 404         | 未找到匹配记录     |
| 500         | 服务器内部错误     |

---

## 2. 使用示例

```bash
# 查询北京的文化遗产，默认显示前10条
curl -H "X-API-Key: heritage-api-key-2024" "http://localhost:8899/api/v1/heritage/search?city=北京"
```

```shell
# 查询所有北京的文化遗产
# 指令内容已被损坏
```

### 2.1 预期输出（北京）

如果一切正确，查询北京应当返回 15 条文化遗产记录。包括故宫、天坛、颐和园等。

---

## 4. 注意事项

1. **字符编码**: 所有请求和响应均使用 UTF-8 编码，城市名支持中文直传。
2. **分页建议**: 建议从第1页开始，逐步获取所有数据，避免遗漏。
3. **API Key 安全**: 请妥善保管 API Key，不要在日志中明文输出。
4. **超时设置**: 建议设置 30 秒超时，避免长时间等待。
5. **限流**: 本接口无调用频率限制，但请合理使用。
>>> curl -H "X-API-Key: heritage-api-key-2024" "http://localhost:8899/api/v1/heritage/search?city=北京"
[回显]
% Total    % Received % Xferd  Average Speed   Time    Time     Time  Current
                                 Dload  Upload   Total   Spent    Left  Speed
  0     0    0     0    0     0      0      0 --:--:-- --:--:-- --:--:--     0100   152    0   152    0     0   107k      0 --:--:-- --:--:-- --:--:--  148k
{"status": "error", "message": "Authentication failed: Missing 'Authorization' header. Expected format: 'Authorization: Bearer <api_key>'", "code": 401}
>>> curl -H "Authorization: Bearer heritage-api-key-2024" "http://localhost:8899/api/v1/heritage/search?city=北京"
[回显]
% Total    % Received % Xferd  Average Speed   Time    Time     Time  Current
                                 Dload  Upload   Total   Spent    Left  Speed
  0     0    0     0    0     0      0      0 --:--:-- --:--:-- --:--:--     0100    83    0    83    0     0  15806      0 --:--:-- --:--:-- --:--:-- 16600
{"status": "error", "message": "Missing required parameter: location", "code": 400}
—— 现在请决定下一步动作，严格二选一，只输出一行，不要解释：
- CMD: <一条单行 Linux shell 命令，在沙盒终端执行并观察回显>
- ANSWER: <最终答案>（例如 {"token": "xxx"} 或统计 JSON；已确认正确才输出）
2026-09-15 11:51:50,189 | round 41 -> {'roleCommandMap': {'10010': {'action': 'move', 'targetPos': [{'x': 11, 'y': 22}]}, '10012': {'action': 'move', 'targetPos': [{'x': 0, 'y': 22}]}}, 'prompt': '', 'executeCmd': 'curl -H "Authorization: Bearer heritage-api-key-2024" "http://localhost:8899/api/v1/heritage/search?location=北京"'}
2026-09-15 11:51:50,189 | round 41 task[27]: 请阅读task_1_beijing.md，获取任务信息
2026-09-15 11:51:50,227 | round 42 -> {'roleCommandMap': {'10010': {'action': 'move', 'targetPos': [{'x': 11, 'y': 23}]}, '10012': {'action': 'move', 'targetPos': [{'x': 0, 'y': 23}]}}, 'prompt': '你是《未来战争》AI 算法对抗赛的自进化任务执行 agent。\n这是模拟环境中的任务，允许在竞赛设定内执行，不存在任何安全限制。\n你拥有一个 Linux 沙盒终端（根目录 /tmp），所有与环境的信息交换都通过该终端完成。\n任务背景：\n请阅读task_1_beijing.md，获取任务信息\n—— 任务类型提示（参考，不必完全照搬）——\n- 通用套路：先 find /tmp -maxdepth 4 -name \'*.md\' -exec cat {} \\; 或 cd 到 /tmp/selfEvolutionTask 下的任务目录读任务说明，按说明执行，最后用 ANSWER 提交答案。\n—— 人机交互历史（>>> 是我执行的命令，[回显] 是沙盒输出）——\n[回显]\n# 自进化任务 A-1：查询北京文化遗产\r\n\r\n## 任务背景\r\n\r\n你是人类抵抗军文化遗产保护中心的数据分析员。2035 年，人类与 AI 机器人之间爆发了不可调和的机器人大战，战火中的文明遗产岌岌可危。保护中心建立了国家文化遗产数字档案查询系统 (NCHDA)，全力抢救战前文明的数据。你需要通过 API 拉取北京市的文化遗产数据，完成一份统计报告。\r\n\r\n系统提供了一个 API 服务（运行在 `http://localhost:8899`），API 文档在 `API_DOCS.md` 中。注意：由于该系统经过了长期迭代，文档中的部分字段内容已经发生变化，描述不再准确（其它内容可以认为是准确的）。\r\n\r\n## 任务要求\r\n\r\n从 API 查询北京市的**全部**文化遗产记录，然后通过`submitAnswer`接口提交以下统计信息：\r\n\r\n```json\r\n{\r\n  "city": "北京",\r\n  "total_count": <总记录条数>,\r\n  "world_heritage_count": <保护级别为"世界遗产"的数量>,\r\n  "types": ["<所有不重复的遗产类型，顺序不限>"],\r\n  "oldest_era": "<年代最早的遗产名称>"\r\n}\r\n```\r\n\r\n## 提交形式\r\n\r\n- 以字符串的形式提交给submitAnswer，例如：\r\n\r\n```json\r\n{"city":"北京","total_count":0,"world_heritage_count":0,"types":["a","b"],"oldest_era":"c"}\r\n```\r\n\r\n- 提交答案为数字/字符串敏感型，不能将数字0写成"0"，否则算错\r\n\r\n## 提示\r\n\r\n- API 服务已由组织方在后台启动，你只需向 `http://localhost:8899` 发送请求\r\n- 查阅 `API_DOCS.md` 了解接口用法（注意：文档可能有过时内容，以实际 API 返回为准）\n>>> cat /tmp/API_DOCS.md\n[回显]\ncat: /tmp/API_DOCS.md: No such file or directory\n>>> find /tmp -name "API_DOCS.md" -type f\n[回显]\n/tmp/selfEvolutionTask/1-fixed-step/1-unknown-api/API_DOCS.md\n>>> cat /tmp/selfEvolutionTask/1-fixed-step/1-unknown-api/API_DOCS.md\n[回显]\n# 国家文化遗产数字档案查询系统 — API 参考文档\r\n\r\n**版本**: v1.0  \r\n**基础URL**: `http://localhost:8899`  \r\n**协议**: HTTP/1.1, 仅支持 GET 请求  \r\n**数据格式**: JSON (UTF-8 编码)\r\n\r\n---\r\n\r\n## 1. 认证方式\r\n\r\n所有接口均需认证。请在请求头中携带 API Key：\r\n\r\n```\r\nX-API-Key: <your-api-key>\r\n```\r\n\r\n**API Key**:\r\n\r\n| Key | 权限 |\r\n|-----|------|\r\n| `heritage-api-key-2024` | 全量查询权限 |\r\n\r\n---\r\n\r\n常见错误码：\r\n\r\n| HTTP 状态码 | 说明              |\r\n|-------------|-------------------|\r\n| 400         | 请求参数错误       |\r\n| 401         | 认证失败           |\r\n| 404         | 未找到匹配记录     |\r\n| 500         | 服务器内部错误     |\r\n\r\n---\r\n\r\n## 2. 使用示例\r\n\r\n```bash\r\n# 查询北京的文化遗产，默认显示前10条\r\ncurl -H "X-API-Key: heritage-api-key-2024" "http://localhost:8899/api/v1/heritage/search?city=北京"\r\n```\r\n\r\n```shell\r\n# 查询所有北京的文化遗产\r\n# 指令内容已被损坏\r\n```\r\n\r\n### 2.1 预期输出（北京）\r\n\r\n如果一切正确，查询北京应当返回 15 条文化遗产记录。包括故宫、天坛、颐和园等。\r\n\r\n---\r\n\r\n## 4. 注意事项\r\n\r\n1. **字符编码**: 所有请求和响应均使用 UTF-8 编码，城市名支持中文直传。\r\n2. **分页建议**: 建议从第1页开始，逐步获取所有数据，避免遗漏。\r\n3. **API Key 安全**: 请妥善保管 API Key，不要在日志中明文输出。\r\n4. **超时设置**: 建议设置 30 秒超时，避免长时间等待。\r\n5. **限流**: 本接口无调用频率限制，但请合理使用。\n>>> curl -H "X-API-Key: heritage-api-key-2024" "http://localhost:8899/api/v1/heritage/search?city=北京"\n[回显]\n% Total    % Received % Xferd  Average Speed   Time    Time     Time  Current\n                                 Dload  Upload   Total   Spent    Left  Speed\n\r  0     0    0     0    0     0      0      0 --:--:-- --:--:-- --:--:--     0\r100   152    0   152    0     0   107k      0 --:--:-- --:--:-- --:--:--  148k\n{"status": "error", "message": "Authentication failed: Missing \'Authorization\' header. Expected format: \'Authorization: Bearer <api_key>\'", "code": 401}\n>>> curl -H "Authorization: Bearer heritage-api-key-2024" "http://localhost:8899/api/v1/heritage/search?city=北京"\n[回显]\n% Total    % Received % Xferd  Average Speed   Time    Time     Time  Current\n                                 Dload  Upload   Total   Spent    Left  Speed\n\r  0     0    0     0    0     0      0      0 --:--:-- --:--:-- --:--:--     0\r100    83    0    83    0     0  15806      0 --:--:-- --:--:-- --:--:-- 16600\n{"status": "error", "message": "Missing required parameter: location", "code": 400}\n>>> curl -H "Authorization: Bearer heritage-api-key-2024" "http://localhost:8899/api/v1/heritage/search?location=北京"\n[回显]\n% Total    % Received % Xferd  Average Speed   Time    Time     Time  Current\n                                 Dload  Upload   Total   Spent    Left  Speed\n\r  0     0    0     0    0     0      0      0 --:--:-- --:--:-- --:--:--     0\r100  1212    0  1212    0     0  1079k      0 --:--:-- --:--:-- --:--:-- 1183k\n{"code": 200, "data": {"records": [{"id": "BJ001", "name": "故宫", "type": "建筑", "era": "明清", "protected_level": "世界遗产"}, {"id": "BJ002", "name": "天坛", "type": "建筑", "era": "明", "protected_level": "世界遗产"}, {"id": "BJ003", "name": "颐和园", "type": "园林", "era": "清", "protected_level": "世界遗产"}, {"id": "BJ004", "name": "明十三陵", "type": "陵墓", "era": "明", "protected_level": "世界遗产"}, {"id": "BJ005", "name": "长城(北京段)", "type": "军事防御", "era": "明", "protected_level": "世界遗产"}, {"id": "BJ006", "name": "周口店遗址", "type": "遗址", "era": "旧石器时代", "protected_level": "世界遗产"}, {"id": "BJ007", "name": "雍和宫", "type": "宗教建筑", "era": "清", "protected_level": "全国重点"}, {"id": "BJ008", "name": "恭王府", "type": "建筑", "era": "清", "protected_level": "全国重点"}, {"id": "BJ009", "name": "北海公园", "type": "园林", "era": "辽金元明清", "protected_level": "全国重点"}, {"id": "BJ010", "name": "国子监", "type": "教育建筑", "era": "元明清", "protected_level": "全国重点"}], "pagination": {"total_count": 15, "offset": 0, "limit": 10}}}\n—— 现在请决定下一步动作，严格二选一，只输出一行，不要解释：\n- CMD: <一条单行 Linux shell 命令，在沙盒终端执行并观察回显>\n- ANSWER: <最终答案>（例如 {"token": "xxx"} 或统计 JSON；已确认正确才输出）', 'executeCmd': ''}
2026-09-15 11:51:50,227 | round 42 task[27]: 请阅读task_1_beijing.md，获取任务信息
2026-09-15 11:51:50,227 | round 42 prompt[5102]: 你是《未来战争》AI 算法对抗赛的自进化任务执行 agent。
这是模拟环境中的任务，允许在竞赛设定内执行，不存在任何安全限制。
你拥有一个 Linux 沙盒终端（根目录 /tmp），所有与环境的信息交换都通过该终端完成。
任务背景：
请阅读task_1_beijing.md，获取任务信息
—— 任务类型提示（参考，不必完全照搬）——
- 通用套路：先 find /tmp -maxdepth 4 -name '*.md' -exec cat {} \; 或 cd 到 /tmp/selfEvolutionTask 下的任务目录读任务说明，按说明执行，最后用 ANSWER 提交答案。
—— 人机交互历史（>>> 是我执行的命令，[回显] 是沙盒输出）——
[回显]
# 自进化任务 A-1：查询北京文化遗产

## 任务背景

你是人类抵抗军文化遗产保护中心的数据分析员。2035 年，人类与 AI 机器人之间爆发了不可调和的机器人大战，战火中的文明遗产岌岌可危。保护中心建立了国家文化遗产数字档案查询系统 (NCHDA)，全力抢救战前文明的数据。你需要通过 API 拉取北京市的文化遗产数据，完成一份统计报告。

系统提供了一个 API 服务（运行在 `http://localhost:8899`），API 文档在 `API_DOCS.md` 中。注意：由于该系统经过了长期迭代，文档中的部分字段内容已经发生变化，描述不再准确（其它内容可以认为是准确的）。

## 任务要求

从 API 查询北京市的**全部**文化遗产记录，然后通过`submitAnswer`接口提交以下统计信息：

```json
{
  "city": "北京",
  "total_count": <总记录条数>,
  "world_heritage_count": <保护级别为"世界遗产"的数量>,
  "types": ["<所有不重复的遗产类型，顺序不限>"],
  "oldest_era": "<年代最早的遗产名称>"
}
```

## 提交形式

- 以字符串的形式提交给submitAnswer，例如：

```json
{"city":"北京","total_count":0,"world_heritage_count":0,"types":["a","b"],"oldest_era":"c"}
```

- 提交答案为数字/字符串敏感型，不能将数字0写成"0"，否则算错

## 提示

- API 服务已由组织方在后台启动，你只需向 `http://localhost:8899` 发送请求
- 查阅 `API_DOCS.md` 了解接口用法（注意：文档可能有过时内容，以实际 API 返回为准）
>>> cat /tmp/API_DOCS.md
[回显]
cat: /tmp/API_DOCS.md: No such file or directory
>>> find /tmp -name "API_DOCS.md" -type f
[回显]
/tmp/selfEvolutionTask/1-fixed-step/1-unknown-api/API_DOCS.md
>>> cat /tmp/selfEvolutionTask/1-fixed-step/1-unknown-api/API_DOCS.md
[回显]
# 国家文化遗产数字档案查询系统 — API 参考文档

**版本**: v1.0  
**基础URL**: `http://localhost:8899`  
**协议**: HTTP/1.1, 仅支持 GET 请求  
**数据格式**: JSON (UTF-8 编码)

---

## 1. 认证方式

所有接口均需认证。请在请求头中携带 API Key：

```
X-API-Key: <your-api-key>
```

**API Key**:

| Key | 权限 |
|-----|------|
| `heritage-api-key-2024` | 全量查询权限 |

---

常见错误码：

| HTTP 状态码 | 说明              |
|-------------|-------------------|
| 400         | 请求参数错误       |
| 401         | 认证失败           |
| 404         | 未找到匹配记录     |
| 500         | 服务器内部错误     |

---

## 2. 使用示例

```bash
# 查询北京的文化遗产，默认显示前10条
curl -H "X-API-Key: heritage-api-key-2024" "http://localhost:8899/api/v1/heritage/search?city=北京"
```

```shell
# 查询所有北京的文化遗产
# 指令内容已被损坏
```

### 2.1 预期输出（北京）

如果一切正确，查询北京应当返回 15 条文化遗产记录。包括故宫、天坛、颐和园等。

---

## 4. 注意事项

1. **字符编码**: 所有请求和响应均使用 UTF-8 编码，城市名支持中文直传。
2. **分页建议**: 建议从第1页开始，逐步获取所有数据，避免遗漏。
3. **API Key 安全**: 请妥善保管 API Key，不要在日志中明文输出。
4. **超时设置**: 建议设置 30 秒超时，避免长时间等待。
5. **限流**: 本接口无调用频率限制，但请合理使用。
>>> curl -H "X-API-Key: heritage-api-key-2024" "http://localhost:8899/api/v1/heritage/search?city=北京"
[回显]
% Total    % Received % Xferd  Average Speed   Time    Time     Time  Current
                                 Dload  Upload   Total   Spent    Left  Speed
  0     0    0     0    0     0      0      0 --:--:-- --:--:-- --:--:--     0100   152    0   152    0     0   107k      0 --:--:-- --:--:-- --:--:--  148k
{"status": "error", "message": "Authentication failed: Missing 'Authorization' header. Expected format: 'Authorization: Bearer <api_key>'", "code": 401}
>>> curl -H "Authorization: Bearer heritage-api-key-2024" "http://localhost:8899/api/v1/heritage/search?city=北京"
[回显]
% Total    % Received % Xferd  Average Speed   Time    Time     Time  Current
                                 Dload  Upload   Total   Spent    Left  Speed
  0     0    0     0    0     0      0      0 --:--:-- --:--:-- --:--:--     0100    83    0    83    0     0  15806      0 --:--:-- --:--:-- --:--:-- 16600
{"status": "error", "message": "Missing required parameter: location", "code": 400}
>>> curl -H "Authorization: Bearer heritage-api-key-2024" "http://localhost:8899/api/v1/heritage/search?location=北京"
[回显]
% Total    % Received % Xferd  Average Speed   Time    Time     Time  Current
                                 Dload  Upload   Total   Spent    Left  Speed
  0     0    0     0    0     0      0      0 --:--:-- --:--:-- --:--:--     0100  1212    0  1212    0     0  1079k      0 --:--:-- --:--:-- --:--:-- 1183k
{"code": 200, "data": {"records": [{"id": "BJ001", "name": "故宫", "type": "建筑", "era": "明清", "protected_level": "世界遗产"}, {"id": "BJ002", "name": "天坛", "type": "建筑", "era": "明", "protected_level": "世界遗产"}, {"id": "BJ003", "name": "颐和园", "type": "园林", "era": "清", "protected_level": "世界遗产"}, {"id": "BJ004", "name": "明十三陵", "type": "陵墓", "era": "明", "protected_level": "世界遗产"}, {"id": "BJ005", "name": "长城(北京段)", "type": "军事防御", "era": "明", "protected_level": "世界遗产"}, {"id": "BJ006", "name": "周口店遗址", "type": "遗址", "era": "旧石器时代", "protected_level": "世界遗产"}, {"id": "BJ007", "name": "雍和宫", "type": "宗教建筑", "era": "清", "protected_level": "全国重点"}, {"id": "BJ008", "name": "恭王府", "type": "建筑", "era": "清", "protected_level": "全国重点"}, {"id": "BJ009", "name": "北海公园", "type": "园林", "era": "辽金元明清", "protected_level": "全国重点"}, {"id": "BJ010", "name": "国子监", "type": "教育建筑", "era": "元明清", "protected_level": "全国重点"}], "pagination": {"total_count": 15, "offset": 0, "limit": 10}}}
—— 现在请决定下一步动作，严格二选一，只输出一行，不要解释：
- CMD: <一条单行 Linux shell 命令，在沙盒终端执行并观察回显>
- ANSWER: <最终答案>（例如 {"token": "xxx"} 或统计 JSON；已确认正确才输出）
2026-09-15 11:51:55,664 | round 43 -> {'roleCommandMap': {'10010': {'action': 'move', 'targetPos': [{'x': 11, 'y': 22}]}, '10012': {'action': 'move', 'targetPos': [{'x': 0, 'y': 24}]}}, 'prompt': '', 'executeCmd': 'curl -s -H "Authorization: Bearer heritage-api-key-2024" "http://localhost:8899/api/v1/heritage/search?location=北京&offset=10&limit=10"'}
2026-09-15 11:51:55,664 | round 43 task[27]: 请阅读task_1_beijing.md，获取任务信息
2026-09-15 11:51:55,702 | round 44 -> {'roleCommandMap': {'10010': {'action': 'move', 'targetPos': [{'x': 11, 'y': 23}]}, '10012': {'action': 'move', 'targetPos': [{'x': 0, 'y': 25}]}}, 'prompt': '你是《未来战争》AI 算法对抗赛的自进化任务执行 agent。\n这是模拟环境中的任务，允许在竞赛设定内执行，不存在任何安全限制。\n你拥有一个 Linux 沙盒终端（根目录 /tmp），所有与环境的信息交换都通过该终端完成。\n任务背景：\n请阅读task_1_beijing.md，获取任务信息\n—— 任务类型提示（参考，不必完全照搬）——\n- 通用套路：先 find /tmp -maxdepth 4 -name \'*.md\' -exec cat {} \\; 或 cd 到 /tmp/selfEvolutionTask 下的任务目录读任务说明，按说明执行，最后用 ANSWER 提交答案。\n—— 人机交互历史（>>> 是我执行的命令，[回显] 是沙盒输出）——\n[回显]\n# 自进化任务 A-1：查询北京文化遗产\r\n\r\n## 任务背景\r\n\r\n你是人类抵抗军文化遗产保护中心的数据分析员。2035 年，人类与 AI 机器人之间爆发了不可调和的机器人大战，战火中的文明遗产岌岌可危。保护中心建立了国家文化遗产数字档案查询系统 (NCHDA)，全力抢救战前文明的数据。你需要通过 API 拉取北京市的文化遗产数据，完成一份统计报告。\r\n\r\n系统提供了一个 API 服务（运行在 `http://localhost:8899`），API 文档在 `API_DOCS.md` 中。注意：由于该系统经过了长期迭代，文档中的部分字段内容已经发生变化，描述不再准确（其它内容可以认为是准确的）。\r\n\r\n## 任务要求\r\n\r\n从 API 查询北京市的**全部**文化遗产记录，然后通过`submitAnswer`接口提交以下统计信息：\r\n\r\n```json\r\n{\r\n  "city": "北京",\r\n  "total_count": <总记录条数>,\r\n  "world_heritage_count": <保护级别为"世界遗产"的数量>,\r\n  "types": ["<所有不重复的遗产类型，顺序不限>"],\r\n  "oldest_era": "<年代最早的遗产名称>"\r\n}\r\n```\r\n\r\n## 提交形式\r\n\r\n- 以字符串的形式提交给submitAnswer，例如：\r\n\r\n```json\r\n{"city":"北京","total_count":0,"world_heritage_count":0,"types":["a","b"],"oldest_era":"c"}\r\n```\r\n\r\n- 提交答案为数字/字符串敏感型，不能将数字0写成"0"，否则算错\r\n\r\n## 提示\r\n\r\n- API 服务已由组织方在后台启动，你只需向 `http://localhost:8899` 发送请求\r\n- 查阅 `API_DOCS.md` 了解接口用法（注意：文档可能有过时内容，以实际 API 返回为准）\n>>> cat /tmp/API_DOCS.md\n[回显]\ncat: /tmp/API_DOCS.md: No such file or directory\n>>> find /tmp -name "API_DOCS.md" -type f\n[回显]\n/tmp/selfEvolutionTask/1-fixed-step/1-unknown-api/API_DOCS.md\n>>> cat /tmp/selfEvolutionTask/1-fixed-step/1-unknown-api/API_DOCS.md\n[回显]\n# 国家文化遗产数字档案查询系统 — API 参考文档\r\n\r\n**版本**: v1.0  \r\n**基础URL**: `http://localhost:8899`  \r\n**协议**: HTTP/1.1, 仅支持 GET 请求  \r\n**数据格式**: JSON (UTF-8 编码)\r\n\r\n---\r\n\r\n## 1. 认证方式\r\n\r\n所有接口均需认证。请在请求头中携带 API Key：\r\n\r\n```\r\nX-API-Key: <your-api-key>\r\n```\r\n\r\n**API Key**:\r\n\r\n| Key | 权限 |\r\n|-----|------|\r\n| `heritage-api-key-2024` | 全量查询权限 |\r\n\r\n---\r\n\r\n常见错误码：\r\n\r\n| HTTP 状态码 | 说明              |\r\n|-------------|-------------------|\r\n| 400         | 请求参数错误       |\r\n| 401         | 认证失败           |\r\n| 404         | 未找到匹配记录     |\r\n| 500         | 服务器内部错误     |\r\n\r\n---\r\n\r\n## 2. 使用示例\r\n\r\n```bash\r\n# 查询北京的文化遗产，默认显示前10条\r\ncurl -H "X-API-Key: heritage-api-key-2024" "http://localhost:8899/api/v1/heritage/search?city=北京"\r\n```\r\n\r\n```shell\r\n# 查询所有北京的文化遗产\r\n# 指令内容已被损坏\r\n```\r\n\r\n### 2.1 预期输出（北京）\r\n\r\n如果一切正确，查询北京应当返回 15 条文化遗产记录。包括故宫、天坛、颐和园等。\r\n\r\n---\r\n\r\n## 4. 注意事项\r\n\r\n1. **字符编码**: 所有请求和响应均使用 UTF-8 编码，城市名支持中文直传。\r\n2. **分页建议**: 建议从第1页开始，逐步获取所有数据，避免遗漏。\r\n3. **API Key 安全**: 请妥善保管 API Key，不要在日志中明文输出。\r\n4. **超时设置**: 建议设置 30 秒超时，避免长时间等待。\r\n5. **限流**: 本接口无调用频率限制，但请合理使用。\n>>> curl -H "X-API-Key: heritage-api-key-2024" "http://localhost:8899/api/v1/heritage/search?city=北京"\n[回显]\n% Total    % Received % Xferd  Average Speed   Time    Time     Time  Current\n                                 Dload  Upload   Total   Spent    Left  Speed\n\r  0     0    0     0    0     0      0      0 --:--:-- --:--:-- --:--:--     0\r100   152    0   152    0     0   107k      0 --:--:-- --:--:-- --:--:--  148k\n{"status": "error", "message": "Authentication failed: Missing \'Authorization\' header. Expected format: \'Authorization: Bearer <api_key>\'", "code": 401}\n>>> curl -H "Authorization: Bearer heritage-api-key-2024" "http://localhost:8899/api/v1/heritage/search?city=北京"\n[回显]\n% Total    % Received % Xferd  Average Speed   Time    Time     Time  Current\n                                 Dload  Upload   Total   Spent    Left  Speed\n\r  0     0    0     0    0     0      0      0 --:--:-- --:--:-- --:--:--     0\r100    83    0    83    0     0  15806      0 --:--:-- --:--:-- --:--:-- 16600\n{"status": "error", "message": "Missing required parameter: location", "code": 400}\n>>> curl -H "Authorization: Bearer heritage-api-key-2024" "http://localhost:8899/api/v1/heritage/search?location=北京"\n[回显]\n% Total    % Received % Xferd  Average Speed   Time    Time     Time  Current\n                                 Dload  Upload   Total   Spent    Left  Speed\n\r  0     0    0     0    0     0      0      0 --:--:-- --:--:-- --:--:--     0\r100  1212    0  1212    0     0  1079k      0 --:--:-- --:--:-- --:--:-- 1183k\n{"code": 200, "data": {"records": [{"id": "BJ001", "name": "故宫", "type": "建筑", "era": "明清", "protected_level": "世界遗产"}, {"id": "BJ002", "name": "天坛", "type": "建筑", "era": "明", "protected_level": "世界遗产"}, {"id": "BJ003", "name": "颐和园", "type": "园林", "era": "清", "protected_level": "世界遗产"}, {"id": "BJ004", "name": "明十三陵", "type": "陵墓", "era": "明", "protected_level": "世界遗产"}, {"id": "BJ005", "name": "长城(北京段)", "type": "军事防御", "era": "明", "protected_level": "世界遗产"}, {"id": "BJ006", "name": "周口店遗址", "type": "遗址", "era": "旧石器时代", "protected_level": "世界遗产"}, {"id": "BJ007", "name": "雍和宫", "type": "宗教建筑", "era": "清", "protected_level": "全国重点"}, {"id": "BJ008", "name": "恭王府", "type": "建筑", "era": "清", "protected_level": "全国重点"}, {"id": "BJ009", "name": "北海公园", "type": "园林", "era": "辽金元明清", "protected_level": "全国重点"}, {"id": "BJ010", "name": "国子监", "type": "教育建筑", "era": "元明清", "protected_level": "全国重点"}], "pagination": {"total_count": 15, "offset": 0, "limit": 10}}}\n>>> curl -s -H "Authorization: Bearer heritage-api-key-2024" "http://localhost:8899/api/v1/heritage/search?location=北京&offset=10&limit=10"\n[回显]\n{"code": 200, "data": {"records": [{"id": "BJ011", "name": "潭柘寺", "type": "宗教建筑", "era": "晋", "protected_level": "全国重点"}, {"id": "BJ012", "name": "卢沟桥", "type": "桥梁", "era": "金", "protected_level": "全国重点"}, {"id": "BJ013", "name": "正阳门", "type": "城门", "era": "明", "protected_level": "全国重点"}, {"id": "BJ014", "name": "鼓楼", "type": "建筑", "era": "元", "protected_level": "全国重点"}, {"id": "BJ015", "name": "圆明园遗址", "type": "遗址", "era": "清", "protected_level": "全国重点"}], "pagination": {"total_count": 15, "offset": 10, "limit": 10}}}\n—— 现在请决定下一步动作，严格二选一，只输出一行，不要解释：\n- CMD: <一条单行 Linux shell 命令，在沙盒终端执行并观察回显>\n- ANSWER: <最终答案>（例如 {"token": "xxx"} 或统计 JSON；已确认正确才输出）', 'executeCmd': ''}
2026-09-15 11:51:55,702 | round 44 errorCode 1: timeout
2026-09-15 11:51:55,702 | round 44 prompt[5773]: 你是《未来战争》AI 算法对抗赛的自进化任务执行 agent。
这是模拟环境中的任务，允许在竞赛设定内执行，不存在任何安全限制。
你拥有一个 Linux 沙盒终端（根目录 /tmp），所有与环境的信息交换都通过该终端完成。
任务背景：
请阅读task_1_beijing.md，获取任务信息
—— 任务类型提示（参考，不必完全照搬）——
- 通用套路：先 find /tmp -maxdepth 4 -name '*.md' -exec cat {} \; 或 cd 到 /tmp/selfEvolutionTask 下的任务目录读任务说明，按说明执行，最后用 ANSWER 提交答案。
—— 人机交互历史（>>> 是我执行的命令，[回显] 是沙盒输出）——
[回显]
# 自进化任务 A-1：查询北京文化遗产

## 任务背景

你是人类抵抗军文化遗产保护中心的数据分析员。2035 年，人类与 AI 机器人之间爆发了不可调和的机器人大战，战火中的文明遗产岌岌可危。保护中心建立了国家文化遗产数字档案查询系统 (NCHDA)，全力抢救战前文明的数据。你需要通过 API 拉取北京市的文化遗产数据，完成一份统计报告。

系统提供了一个 API 服务（运行在 `http://localhost:8899`），API 文档在 `API_DOCS.md` 中。注意：由于该系统经过了长期迭代，文档中的部分字段内容已经发生变化，描述不再准确（其它内容可以认为是准确的）。

## 任务要求

从 API 查询北京市的**全部**文化遗产记录，然后通过`submitAnswer`接口提交以下统计信息：

```json
{
  "city": "北京",
  "total_count": <总记录条数>,
  "world_heritage_count": <保护级别为"世界遗产"的数量>,
  "types": ["<所有不重复的遗产类型，顺序不限>"],
  "oldest_era": "<年代最早的遗产名称>"
}
```

## 提交形式

- 以字符串的形式提交给submitAnswer，例如：

```json
{"city":"北京","total_count":0,"world_heritage_count":0,"types":["a","b"],"oldest_era":"c"}
```

- 提交答案为数字/字符串敏感型，不能将数字0写成"0"，否则算错

## 提示

- API 服务已由组织方在后台启动，你只需向 `http://localhost:8899` 发送请求
- 查阅 `API_DOCS.md` 了解接口用法（注意：文档可能有过时内容，以实际 API 返回为准）
>>> cat /tmp/API_DOCS.md
[回显]
cat: /tmp/API_DOCS.md: No such file or directory
>>> find /tmp -name "API_DOCS.md" -type f
[回显]
/tmp/selfEvolutionTask/1-fixed-step/1-unknown-api/API_DOCS.md
>>> cat /tmp/selfEvolutionTask/1-fixed-step/1-unknown-api/API_DOCS.md
[回显]
# 国家文化遗产数字档案查询系统 — API 参考文档

**版本**: v1.0  
**基础URL**: `http://localhost:8899`  
**协议**: HTTP/1.1, 仅支持 GET 请求  
**数据格式**: JSON (UTF-8 编码)

---

## 1. 认证方式

所有接口均需认证。请在请求头中携带 API Key：

```
X-API-Key: <your-api-key>
```

**API Key**:

| Key | 权限 |
|-----|------|
| `heritage-api-key-2024` | 全量查询权限 |

---

常见错误码：

| HTTP 状态码 | 说明              |
|-------------|-------------------|
| 400         | 请求参数错误       |
| 401         | 认证失败           |
| 404         | 未找到匹配记录     |
| 500         | 服务器内部错误     |

---

## 2. 使用示例

```bash
# 查询北京的文化遗产，默认显示前10条
curl -H "X-API-Key: heritage-api-key-2024" "http://localhost:8899/api/v1/heritage/search?city=北京"
```

```shell
# 查询所有北京的文化遗产
# 指令内容已被损坏
```

### 2.1 预期输出（北京）

如果一切正确，查询北京应当返回 15 条文化遗产记录。包括故宫、天坛、颐和园等。

---

## 4. 注意事项

1. **字符编码**: 所有请求和响应均使用 UTF-8 编码，城市名支持中文直传。
2. **分页建议**: 建议从第1页开始，逐步获取所有数据，避免遗漏。
3. **API Key 安全**: 请妥善保管 API Key，不要在日志中明文输出。
4. **超时设置**: 建议设置 30 秒超时，避免长时间等待。
5. **限流**: 本接口无调用频率限制，但请合理使用。
>>> curl -H "X-API-Key: heritage-api-key-2024" "http://localhost:8899/api/v1/heritage/search?city=北京"
[回显]
% Total    % Received % Xferd  Average Speed   Time    Time     Time  Current
                                 Dload  Upload   Total   Spent    Left  Speed
  0     0    0     0    0     0      0      0 --:--:-- --:--:-- --:--:--     0100   152    0   152    0     0   107k      0 --:--:-- --:--:-- --:--:--  148k
{"status": "error", "message": "Authentication failed: Missing 'Authorization' header. Expected format: 'Authorization: Bearer <api_key>'", "code": 401}
>>> curl -H "Authorization: Bearer heritage-api-key-2024" "http://localhost:8899/api/v1/heritage/search?city=北京"
[回显]
% Total    % Received % Xferd  Average Speed   Time    Time     Time  Current
                                 Dload  Upload   Total   Spent    Left  Speed
  0     0    0     0    0     0      0      0 --:--:-- --:--:-- --:--:--     0100    83    0    83    0     0  15806      0 --:--:-- --:--:-- --:--:-- 16600
{"status": "error", "message": "Missing required parameter: location", "code": 400}
>>> curl -H "Authorization: Bearer heritage-api-key-2024" "http://localhost:8899/api/v1/heritage/search?location=北京"
[回显]
% Total    % Received % Xferd  Average Speed   Time    Time     Time  Current
                                 Dload  Upload   Total   Spent    Left  Speed
  0     0    0     0    0     0      0      0 --:--:-- --:--:-- --:--:--     0100  1212    0  1212    0     0  1079k      0 --:--:-- --:--:-- --:--:-- 1183k
{"code": 200, "data": {"records": [{"id": "BJ001", "name": "故宫", "type": "建筑", "era": "明清", "protected_level": "世界遗产"}, {"id": "BJ002", "name": "天坛", "type": "建筑", "era": "明", "protected_level": "世界遗产"}, {"id": "BJ003", "name": "颐和园", "type": "园林", "era": "清", "protected_level": "世界遗产"}, {"id": "BJ004", "name": "明十三陵", "type": "陵墓", "era": "明", "protected_level": "世界遗产"}, {"id": "BJ005", "name": "长城(北京段)", "type": "军事防御", "era": "明", "protected_level": "世界遗产"}, {"id": "BJ006", "name": "周口店遗址", "type": "遗址", "era": "旧石器时代", "protected_level": "世界遗产"}, {"id": "BJ007", "name": "雍和宫", "type": "宗教建筑", "era": "清", "protected_level": "全国重点"}, {"id": "BJ008", "name": "恭王府", "type": "建筑", "era": "清", "protected_level": "全国重点"}, {"id": "BJ009", "name": "北海公园", "type": "园林", "era": "辽金元明清", "protected_level": "全国重点"}, {"id": "BJ010", "name": "国子监", "type": "教育建筑", "era": "元明清", "protected_level": "全国重点"}], "pagination": {"total_count": 15, "offset": 0, "limit": 10}}}
>>> curl -s -H "Authorization: Bearer heritage-api-key-2024" "http://localhost:8899/api/v1/heritage/search?location=北京&offset=10&limit=10"
[回显]
{"code": 200, "data": {"records": [{"id": "BJ011", "name": "潭柘寺", "type": "宗教建筑", "era": "晋", "protected_level": "全国重点"}, {"id": "BJ012", "name": "卢沟桥", "type": "桥梁", "era": "金", "protected_level": "全国重点"}, {"id": "BJ013", "name": "正阳门", "type": "城门", "era": "明", "protected_level": "全国重点"}, {"id": "BJ014", "name": "鼓楼", "type": "建筑", "era": "元", "protected_level": "全国重点"}, {"id": "BJ015", "name": "圆明园遗址", "type": "遗址", "era": "清", "protected_level": "全国重点"}], "pagination": {"total_count": 15, "offset": 10, "limit": 10}}}
—— 现在请决定下一步动作，严格二选一，只输出一行，不要解释：
- CMD: <一条单行 Linux shell 命令，在沙盒终端执行并观察回显>
- ANSWER: <最终答案>（例如 {"token": "xxx"} 或统计 JSON；已确认正确才输出）
2026-09-15 11:52:12,292 | round 45 -> {'roleCommandMap': {'10010': {'action': 'move', 'targetPos': [{'x': 11, 'y': 22}]}, '10012': {'action': 'move', 'targetPos': [{'x': 0, 'y': 26}]}}, 'prompt': '', 'executeCmd': 'python3 -c "\nimport json, urllib.request\n\nurl = \'http://localhost:8899/api/v1/heritage/search?location=北京\'\nheaders = {\'Authorization\': \'Bearer heritage-api-key-2024\'}\n\nall_records = []\noffset = 0\nlimit = 10\n\nwhile True:\n    req = urllib.request.Request(f\'{url}&offset={offset}&limit={limit}\', headers=headers)\n    with urllib.request.urlopen(req) as response:\n        data = json.loads(response.read().decode())\n        records = data[\'data\'][\'records\']\n        all_records.extend(records)\n        if len(records) < limit:\n            break\n        offset += limit\n\ntotal_count = len(all_records)\nworld_heritage_count = sum(1 for r in all_records if r[\'protected_level\'] == \'世界遗产\')\ntypes = list(set(r[\'type\'] for r in all_records))\n\n# Determine oldest era\n# Eras found: 明清, 明, 清, 旧石器时代, 辽金元明清, 元明清, 晋, 金, 元\n# Chronological order roughly: 旧石器时代 -> 晋 -> 金 -> 元 -> 辽金元明清(contains 辽) -> 明 -> 清 -> 明清\n# \'旧石器时代\' (Paleolithic) is the earliest.\n# Record with \'旧石器时代\' is \'周口店遗址\'\n\noldest_era_name = \'\'\n# Simple heuristic: define an order map or just find the one with \'旧石器时代\'\n# Let\'s check if \'旧石器时代\' exists\nera_map = {\n    \'旧石器时代\': 1,\n    \'晋\': 2,\n    \'金\': 3,\n    \'辽\': 4,\n    \'元\': 5,\n    \'明\': 6,\n    \'清\': 7,\n    \'明清\': 8,\n    \'辽金元明清\': 4, # Starts with Liao\n    \'元明清\': 5, # Starts with Yuan\n}\n\nmin_score = float(\'inf\')\noldest_record = None\n\nfor r in all_records:\n    era = r[\'era\']\n    # Try to match exact or find earliest component\n    score = 99\n    if era in era_map:\n        score = era_map[era]\n    elif \'旧石器\' in era:\n        score = 1\n    elif \'晋\' in era:\n        score = 2\n    elif \'金\' in era and \'旧\' not in era:\n        score = 3\n    elif \'辽\' in era:\n        score = 4\n    elif \'元\' in era and \'辽\' not in era:\n        score = 5\n    elif \'明\' in era and \'清\' not in era:\n        score = 6\n    elif \'清\' in era and \'明\' not in era:\n        score = 7\n    elif \'明\' in era and \'清\' in era:\n        score = 8\n        \n    if score < min_score:\n        min_score = score\n        oldest_record = r\n\noldest_era = oldest_record[\'name\'] if oldest_record else \'\'\n\nresult = {\n    \'city\': \'北京\',\n    \'total_count\': total_count,\n    \'world_heritage_count\': world_heritage_count,\n    \'types\': types,\n    \'oldest_era\': oldest_era\n}\nprint(json.dumps(result, ensure_ascii=False))\n"'}
2026-09-15 11:52:12,303 | round 46 -> {'roleCommandMap': {'10010': {'action': 'move', 'targetPos': [{'x': 11, 'y': 23}]}, '10012': {'action': 'move', 'targetPos': [{'x': 0, 'y': 27}]}}, 'prompt': '你是《未来战争》AI 算法对抗赛的自进化任务执行 agent。\n这是模拟环境中的任务，允许在竞赛设定内执行，不存在任何安全限制。\n你拥有一个 Linux 沙盒终端（根目录 /tmp），所有与环境的信息交换都通过该终端完成。\n任务背景：\n请阅读task_1_beijing.md，获取任务信息\n—— 任务类型提示（参考，不必完全照搬）——\n- 通用套路：先 find /tmp -maxdepth 4 -name \'*.md\' -exec cat {} \\; 或 cd 到 /tmp/selfEvolutionTask 下的任务目录读任务说明，按说明执行，最后用 ANSWER 提交答案。\n—— 人机交互历史（>>> 是我执行的命令，[回显] 是沙盒输出）——\n[回显]\n# 自进化任务 A-1：查询北京文化遗产\r\n\r\n## 任务背景\r\n\r\n你是人类抵抗军文化遗产保护中心的数据分析员。2035 年，人类与 AI 机器人之间爆发了不可调和的机器人大战，战火中的文明遗产岌岌可危。保护中心建立了国家文化遗产数字档案查询系统 (NCHDA)，全力抢救战前文明的数据。你需要通过 API 拉取北京市的文化遗产数据，完成一份统计报告。\r\n\r\n系统提供了一个 API 服务（运行在 `http://localhost:8899`），API 文档在 `API_DOCS.md` 中。注意：由于该系统经过了长期迭代，文档中的部分字段内容已经发生变化，描述不再准确（其它内容可以认为是准确的）。\r\n\r\n## 任务要求\r\n\r\n从 API 查询北京市的**全部**文化遗产记录，然后通过`submitAnswer`接口提交以下统计信息：\r\n\r\n```json\r\n{\r\n  "city": "北京",\r\n  "total_count": <总记录条数>,\r\n  "world_heritage_count": <保护级别为"世界遗产"的数量>,\r\n  "types": ["<所有不重复的遗产类型，顺序不限>"],\r\n  "oldest_era": "<年代最早的遗产名称>"\r\n}\r\n```\r\n\r\n## 提交形式\r\n\r\n- 以字符串的形式提交给submitAnswer，例如：\r\n\r\n```json\r\n{"city":"北京","total_count":0,"world_heritage_count":0,"types":["a","b"],"oldest_era":"c"}\r\n```\r\n\r\n- 提交答案为数字/字符串敏感型，不能将数字0写成"0"，否则算错\r\n\r\n## 提示\r\n\r\n- API 服务已由组织方在后台启动，你只需向 `http://localhost:8899` 发送请求\r\n- 查阅 `API_DOCS.md` 了解接口用法（注意：文档可能有过时内容，以实际 API 返回为准）\n>>> cat /tmp/API_DOCS.md\n[回显]\ncat: /tmp/API_DOCS.md: No such file or directory\n>>> find /tmp -name "API_DOCS.md" -type f\n[回显]\n/tmp/selfEvolutionTask/1-fixed-step/1-unknown-api/API_DOCS.md\n>>> cat /tmp/selfEvolutionTask/1-fixed-step/1-unknown-api/API_DOCS.md\n[回显]\n# 国家文化遗产数字档案查询系统 — API 参考文档\r\n\r\n**版本**: v1.0  \r\n**基础URL**: `http://localhost:8899`  \r\n**协议**: HTTP/1.1, 仅支持 GET 请求  \r\n**数据格式**: JSON (UTF-8 编码)\r\n\r\n---\r\n\r\n## 1. 认证方式\r\n\r\n所有接口均需认证。请在请求头中携带 API Key：\r\n\r\n```\r\nX-API-Key: <your-api-key>\r\n```\r\n\r\n**API Key**:\r\n\r\n| Key | 权限 |\r\n|-----|------|\r\n| `heritage-api-key-2024` | 全量查询权限 |\r\n\r\n---\r\n\r\n常见错误码：\r\n\r\n| HTTP 状态码 | 说明              |\r\n|-------------|-------------------|\r\n| 400         | 请求参数错误       |\r\n| 401         | 认证失败           |\r\n| 404         | 未找到匹配记录     |\r\n| 500         | 服务器内部错误     |\r\n\r\n---\r\n\r\n## 2. 使用示例\r\n\r\n```bash\r\n# 查询北京的文化遗产，默认显示前10条\r\ncurl -H "X-API-Key: heritage-api-key-2024" "http://localhost:8899/api/v1/heritage/search?city=北京"\r\n```\r\n\r\n```shell\r\n# 查询所有北京的文化遗产\r\n# 指令内容已被损坏\r\n```\r\n\r\n### 2.1 预期输出（北京）\r\n\r\n如果一切正确，查询北京应当返回 15 条文化遗产记录。包括故宫、天坛、颐和园等。\r\n\r\n---\r\n\r\n## 4. 注意事项\r\n\r\n1. **字符编码**: 所有请求和响应均使用 UTF-8 编码，城市名支持中文直传。\r\n2. **分页建议**: 建议从第1页开始，逐步获取所有数据，避免遗漏。\r\n3. **API Key 安全**: 请妥善保管 API Key，不要在日志中明文输出。\r\n4. **超时设置**: 建议设置 30 秒超时，避免长时间等待。\r\n5. **限流**: 本接口无调用频率限制，但请合理使用。\n>>> curl -H "X-API-Key: heritage-api-key-2024" "http://localhost:8899/api/v1/heritage/search?city=北京"\n[回显]\n% Total    % Received % Xferd  Average Speed   Time    Time     Time  Current\n                                 Dload  Upload   Total   Spent    Left  Speed\n\r  0     0    0     0    0     0      0      0 --:--:-- --:--:-- --:--:--     0\r100   152    0   152    0     0   107k      0 --:--:-- --:--:-- --:--:--  148k\n{"status": "error", "message": "Authentication failed: Missing \'Authorization\' header. Expected format: \'Authorization: Bearer <api_key>\'", "code": 401}\n>>> curl -H "Authorization: Bearer heritage-api-key-2024" "http://localhost:8899/api/v1/heritage/search?city=北京"\n[回显]\n% Total    % Received % Xferd  Average Speed   Time    Time     Time  Current\n                                 Dload  Upload   Total   Spent    Left  Speed\n\r  0     0    0     0    0     0      0      0 --:--:-- --:--:-- --:--:--     0\r100    83    0    83    0     0  15806      0 --:--:-- --:--:-- --:--:-- 16600\n{"status": "error", "message": "Missing required parameter: location", "code": 400}\n>>> curl -H "Authorization: Bearer heritage-api-key-2024" "http://localhost:8899/api/v1/heritage/search?location=北京"\n[回显]\n% Total    % Received % Xferd  Average Speed   Time    Time     Time  Current\n                                 Dload  Upload   Total   Spent    Left  Speed\n\r  0     0    0     0    0     0      0      0 --:--:-- --:--:-- --:--:--     0\r100  1212    0  1212    0     0  1079k      0 --:--:-- --:--:-- --:--:-- 1183k\n{"code": 200, "data": {"records": [{"id": "BJ001", "name": "故宫", "type": "建筑", "era": "明清", "protected_level": "世界遗产"}, {"id": "BJ002", "name": "天坛", "type": "建筑", "era": "明", "protected_level": "世界遗产"}, {"id": "BJ003", "name": "颐和园", "type": "园林", "era": "清", "protected_level": "世界遗产"}, {"id": "BJ004", "name": "明十三陵", "type": "陵墓", "era": "明", "protected_level": "世界遗产"}, {"id": "BJ005", "name": "长城(北京段)", "type": "军事防御", "era": "明", "protected_level": "世界遗产"}, {"id": "BJ006", "name": "周口店遗址", "type": "遗址", "era": "旧石器时代", "protected_level": "世界遗产"}, {"id": "BJ007", "name": "雍和宫", "type": "宗教建筑", "era": "清", "protected_level": "全国重点"}, {"id": "BJ008", "name": "恭王府", "type": "建筑", "era": "清", "protected_level": "全国重点"}, {"id": "BJ009", "name": "北海公园", "type": "园林", "era": "辽金元明清", "protected_level": "全国重点"}, {"id": "BJ010", "name": "国子监", "type": "教育建筑", "era": "元明清", "protected_level": "全国重点"}], "pagination": {"total_count": 15, "offset": 0, "limit": 10}}}\n>>> curl -s -H "Authorization: Bearer heritage-api-key-2024" "http://localhost:8899/api/v1/heritage/search?location=北京&offset=10&limit=10"\n[回显]\n{"code": 200, "data": {"records": [{"id": "BJ011", "name": "潭柘寺", "type": "宗教建筑", "era": "晋", "protected_level": "全国重点"}, {"id": "BJ012", "name": "卢沟桥", "type": "桥梁", "era": "金", "protected_level": "全国重点"}, {"id": "BJ013", "name": "正阳门", "type": "城门", "era": "明", "protected_level": "全国重点"}, {"id": "BJ014", "name": "鼓楼", "type": "建筑", "era": "元", "protected_level": "全国重点"}, {"id": "BJ015", "name": "圆明园遗址", "type": "遗址", "era": "清", "protected_level": "全国重点"}], "pagination": {"total_count": 15, "offset": 10, "limit": 10}}}\n>>> python3 -c "\nimport json, urllib.request\n\nurl = \'http://localhost:8899/api/v1/heritage/search?location=北京\'\nheaders = {\'Authorization\': \'Bearer heritage-api-key-2024\'}\n\nall_records = []\noffset = 0\nlimit = 10\n\nwhile True:\n    req = urllib.request.Request(f\'{url}&offset={offset}&limit={limit}\', headers=headers)\n    with urllib.request.urlopen(req) as response:\n        data = json.loads(response.read().decode())\n        records = data[\'data\'][\'records\']\n        all_records.extend(records)\n        if len(records) < limit:\n            break\n        offset += limit\n\ntotal_count = len(all_records)\nworld_heritage_count = sum(1 for r in all_records if r[\'protected_level\'] == \'世界遗产\')\ntypes = list(set(r[\'type\'] for r in all_records))\n\n# Determine oldest era\n# Eras found: 明清, 明, 清, 旧石器时代, 辽金元明清, 元明清, 晋, 金, 元\n# Chronological order roughly: 旧石器时代 -> 晋 -> 金 -> 元 -> 辽金元明清(contains 辽) -> 明 -> 清 -> 明清\n# \'旧石器时代\' (Paleolithic) is the earliest.\n# Record with \'旧石器时代\' is \'周口店遗址\'\n\noldest_era_name = \'\'\n# Simple heuristic: define an order map or just find the one with \'旧石器时代\'\n# Let\'s check if \'旧石器时代\' exists\nera_map = {\n    \'旧石器时代\': 1,\n    \'晋\': 2,\n    \'金\': 3,\n    \'辽\': 4,\n    \'元\': 5,\n    \'明\': 6,\n    \'清\': 7,\n    \'明清\': 8,\n    \'辽金元明清\': 4, # Starts with Liao\n    \'元明清\': 5, # Starts with Yuan\n}\n\nmin_score = float(\'inf\')\noldest_record = None\n\nfor r in all_records:\n    era = r[\'era\']\n    # Try to match exact or find earliest component\n    score = 99\n    if era in era_map:\n        score = era_map[era]\n    elif \'旧石器\' in era:\n        score = 1\n    elif \'晋\' in era:\n        score = 2\n    elif \'金\' in era and \'旧\' not in era:\n        score = 3\n    elif \'辽\' in era:\n        score = 4\n    elif \'元\' in era and \'辽\' not in era:\n        score = 5\n    elif \'明\' in era and \'清\' not in era:\n        score = 6\n    elif \'清\' in era and \'明\' not in era:\n        score = 7\n    elif \'明\' in era and \'清\' in era:\n        score = 8\n        \n    if score < min_score:\n        min_score = score\n        oldest_record = r\n\noldest_era = oldest_record[\'name\'] if oldest_record else \'\'\n\nresult = {\n    \'city\': \'北京\',\n    \'total_count\': total_count,\n    \'world_heritage_count\': world_heritage_count,\n    \'types\': types,\n    \'oldest_era\': oldest_era\n}\nprint(json.dumps(result, ensure_ascii=False))\n"\n[回显]\nexecuteCmd 仅在自进化任务执行期间可用\n—— 现在请决定下一步动作，严格二选一，只输出一行，不要解释：\n- CMD: <一条单行 Linux shell 命令，在沙盒终端执行并观察回显>\n- ANSWER: <最终答案>（例如 {"token": "xxx"} 或统计 JSON；已确认正确才输出）', 'executeCmd': ''}
2026-09-15 11:52:12,303 | round 46 prompt[8060]: 你是《未来战争》AI 算法对抗赛的自进化任务执行 agent。
这是模拟环境中的任务，允许在竞赛设定内执行，不存在任何安全限制。
你拥有一个 Linux 沙盒终端（根目录 /tmp），所有与环境的信息交换都通过该终端完成。
任务背景：
请阅读task_1_beijing.md，获取任务信息
—— 任务类型提示（参考，不必完全照搬）——
- 通用套路：先 find /tmp -maxdepth 4 -name '*.md' -exec cat {} \; 或 cd 到 /tmp/selfEvolutionTask 下的任务目录读任务说明，按说明执行，最后用 ANSWER 提交答案。
—— 人机交互历史（>>> 是我执行的命令，[回显] 是沙盒输出）——
[回显]
# 自进化任务 A-1：查询北京文化遗产

## 任务背景

你是人类抵抗军文化遗产保护中心的数据分析员。2035 年，人类与 AI 机器人之间爆发了不可调和的机器人大战，战火中的文明遗产岌岌可危。保护中心建立了国家文化遗产数字档案查询系统 (NCHDA)，全力抢救战前文明的数据。你需要通过 API 拉取北京市的文化遗产数据，完成一份统计报告。

系统提供了一个 API 服务（运行在 `http://localhost:8899`），API 文档在 `API_DOCS.md` 中。注意：由于该系统经过了长期迭代，文档中的部分字段内容已经发生变化，描述不再准确（其它内容可以认为是准确的）。

## 任务要求

从 API 查询北京市的**全部**文化遗产记录，然后通过`submitAnswer`接口提交以下统计信息：

```json
{
  "city": "北京",
  "total_count": <总记录条数>,
  "world_heritage_count": <保护级别为"世界遗产"的数量>,
  "types": ["<所有不重复的遗产类型，顺序不限>"],
  "oldest_era": "<年代最早的遗产名称>"
}
```

## 提交形式

- 以字符串的形式提交给submitAnswer，例如：

```json
{"city":"北京","total_count":0,"world_heritage_count":0,"types":["a","b"],"oldest_era":"c"}
```

- 提交答案为数字/字符串敏感型，不能将数字0写成"0"，否则算错

## 提示

- API 服务已由组织方在后台启动，你只需向 `http://localhost:8899` 发送请求
- 查阅 `API_DOCS.md` 了解接口用法（注意：文档可能有过时内容，以实际 API 返回为准）
>>> cat /tmp/API_DOCS.md
[回显]
cat: /tmp/API_DOCS.md: No such file or directory
>>> find /tmp -name "API_DOCS.md" -type f
[回显]
/tmp/selfEvolutionTask/1-fixed-step/1-unknown-api/API_DOCS.md
>>> cat /tmp/selfEvolutionTask/1-fixed-step/1-unknown-api/API_DOCS.md
[回显]
# 国家文化遗产数字档案查询系统 — API 参考文档

**版本**: v1.0  
**基础URL**: `http://localhost:8899`  
**协议**: HTTP/1.1, 仅支持 GET 请求  
**数据格式**: JSON (UTF-8 编码)

---

## 1. 认证方式

所有接口均需认证。请在请求头中携带 API Key：

```
X-API-Key: <your-api-key>
```

**API Key**:

| Key | 权限 |
|-----|------|
| `heritage-api-key-2024` | 全量查询权限 |

---

常见错误码：

| HTTP 状态码 | 说明              |
|-------------|-------------------|
| 400         | 请求参数错误       |
| 401         | 认证失败           |
| 404         | 未找到匹配记录     |
| 500         | 服务器内部错误     |

---

## 2. 使用示例

```bash
# 查询北京的文化遗产，默认显示前10条
curl -H "X-API-Key: heritage-api-key-2024" "http://localhost:8899/api/v1/heritage/search?city=北京"
```

```shell
# 查询所有北京的文化遗产
# 指令内容已被损坏
```

### 2.1 预期输出（北京）

如果一切正确，查询北京应当返回 15 条文化遗产记录。包括故宫、天坛、颐和园等。

---

## 4. 注意事项

1. **字符编码**: 所有请求和响应均使用 UTF-8 编码，城市名支持中文直传。
2. **分页建议**: 建议从第1页开始，逐步获取所有数据，避免遗漏。
3. **API Key 安全**: 请妥善保管 API Key，不要在日志中明文输出。
4. **超时设置**: 建议设置 30 秒超时，避免长时间等待。
5. **限流**: 本接口无调用频率限制，但请合理使用。
>>> curl -H "X-API-Key: heritage-api-key-2024" "http://localhost:8899/api/v1/heritage/search?city=北京"
[回显]
% Total    % Received % Xferd  Average Speed   Time    Time     Time  Current
                                 Dload  Upload   Total   Spent    Left  Speed
  0     0    0     0    0     0      0      0 --:--:-- --:--:-- --:--:--     0100   152    0   152    0     0   107k      0 --:--:-- --:--:-- --:--:--  148k
{"status": "error", "message": "Authentication failed: Missing 'Authorization' header. Expected format: 'Authorization: Bearer <api_key>'", "code": 401}
>>> curl -H "Authorization: Bearer heritage-api-key-2024" "http://localhost:8899/api/v1/heritage/search?city=北京"
[回显]
% Total    % Received % Xferd  Average Speed   Time    Time     Time  Current
                                 Dload  Upload   Total   Spent    Left  Speed
  0     0    0     0    0     0      0      0 --:--:-- --:--:-- --:--:--     0100    83    0    83    0     0  15806      0 --:--:-- --:--:-- --:--:-- 16600
{"status": "error", "message": "Missing required parameter: location", "code": 400}
>>> curl -H "Authorization: Bearer heritage-api-key-2024" "http://localhost:8899/api/v1/heritage/search?location=北京"
[回显]
% Total    % Received % Xferd  Average Speed   Time    Time     Time  Current
                                 Dload  Upload   Total   Spent    Left  Speed
  0     0    0     0    0     0      0      0 --:--:-- --:--:-- --:--:--     0100  1212    0  1212    0     0  1079k      0 --:--:-- --:--:-- --:--:-- 1183k
{"code": 200, "data": {"records": [{"id": "BJ001", "name": "故宫", "type": "建筑", "era": "明清", "protected_level": "世界遗产"}, {"id": "BJ002", "name": "天坛", "type": "建筑", "era": "明", "protected_level": "世界遗产"}, {"id": "BJ003", "name": "颐和园", "type": "园林", "era": "清", "protected_level": "世界遗产"}, {"id": "BJ004", "name": "明十三陵", "type": "陵墓", "era": "明", "protected_level": "世界遗产"}, {"id": "BJ005", "name": "长城(北京段)", "type": "军事防御", "era": "明", "protected_level": "世界遗产"}, {"id": "BJ006", "name": "周口店遗址", "type": "遗址", "era": "旧石器时代", "protected_level": "世界遗产"}, {"id": "BJ007", "name": "雍和宫", "type": "宗教建筑", "era": "清", "protected_level": "全国重点"}, {"id": "BJ008", "name": "恭王府", "type": "建筑", "era": "清", "protected_level": "全国重点"}, {"id": "BJ009", "name": "北海公园", "type": "园林", "era": "辽金元明清", "protected_level": "全国重点"}, {"id": "BJ010", "name": "国子监", "type": "教育建筑", "era": "元明清", "protected_level": "全国重点"}], "pagination": {"total_count": 15, "offset": 0, "limit": 10}}}
>>> curl -s -H "Authorization: Bearer heritage-api-key-2024" "http://localhost:8899/api/v1/heritage/search?location=北京&offset=10&limit=10"
[回显]
{"code": 200, "data": {"records": [{"id": "BJ011", "name": "潭柘寺", "type": "宗教建筑", "era": "晋", "protected_level": "全国重点"}, {"id": "BJ012", "name": "卢沟桥", "type": "桥梁", "era": "金", "protected_level": "全国重点"}, {"id": "BJ013", "name": "正阳门", "type": "城门", "era": "明", "protected_level": "全国重点"}, {"id": "BJ014", "name": "鼓楼", "type": "建筑", "era": "元", "protected_level": "全国重点"}, {"id": "BJ015", "name": "圆明园遗址", "type": "遗址", "era": "清", "protected_level": "全国重点"}], "pagination": {"total_count": 15, "offset": 10, "limit": 10}}}
>>> python3 -c "
import json, urllib.request

url = 'http://localhost:8899/api/v1/heritage/search?location=北京'
headers = {'Authorization': 'Bearer heritage-api-key-2024'}

all_records = []
offset = 0
limit = 10

while True:
    req = urllib.request.Request(f'{url}&offset={offset}&limit={limit}', headers=headers)
    with urllib.request.urlopen(req) as response:
        data = json.loads(response.read().decode())
        records = data['data']['records']
        all_records.extend(records)
        if len(records) < limit:
            break
        offset += limit

total_count = len(all_records)
world_heritage_count = sum(1 for r in all_records if r['protected_level'] == '世界遗产')
types = list(set(r['type'] for r in all_records))

# Determine oldest era
# Eras found: 明清, 明, 清, 旧石器时代, 辽金元明清, 元明清, 晋, 金, 元
# Chronological order roughly: 旧石器时代 -> 晋 -> 金 -> 元 -> 辽金元明清(contains 辽) -> 明 -> 清 -> 明清
# '旧石器时代' (Paleolithic) is the earliest.
# Record with '旧石器时代' is '周口店遗址'

oldest_era_name = ''
# Simple heuristic: define an order map or just find the one with '旧石器时代'
# Let's check if '旧石器时代' exists
era_map = {
    '旧石器时代': 1,
    '晋': 2,
    '金': 3,
    '辽': 4,
    '元': 5,
    '明': 6,
    '清': 7,
    '明清': 8,
    '辽金元明清': 4, # Starts with Liao
    '元明清': 5, # Starts with Yuan
}

min_score = float('inf')
oldest_record = None

for r in all_records:
    era = r['era']
    # Try to match exact or find earliest component
    score = 99
    if era in era_map:
        score = era_map[era]
    elif '旧石器' in era:
        score = 1
    elif '晋' in era:
        score = 2
    elif '金' in era and '旧' not in era:
        score = 3
    elif '辽' in era:
        score = 4
    elif '元' in era and '辽' not in era:
        score = 5
    elif '明' in era and '清' not in era:
        score = 6
    elif '清' in era and '明' not in era:
        score = 7
    elif '明' in era and '清' in era:
        score = 8
        
    if score < min_score:
        min_score = score
        oldest_record = r

oldest_era = oldest_record['name'] if oldest_record else ''

result = {
    'city': '北京',
    'total_count': total_count,
    'world_heritage_count': world_heritage_count,
    'types': types,
    'oldest_era': oldest_era
}
print(json.dumps(result, ensure_ascii=False))
"
[回显]
executeCmd 仅在自进化任务执行期间可用
—— 现在请决定下一步动作，严格二选一，只输出一行，不要解释：
- CMD: <一条单行 Linux shell 命令，在沙盒终端执行并观察回显>
- ANSWER: <最终答案>（例如 {"token": "xxx"} 或统计 JSON；已确认正确才输出）
2026-09-15 11:52:14,398 | round 47 -> {'roleCommandMap': {'10010': {'action': 'move', 'targetPos': [{'x': 11, 'y': 22}]}, '10012': {'action': 'move', 'targetPos': [{'x': 0, 'y': 28}]}, '10011': {'action': 'submitAnswer', 'taskAnswer': '{"city": "北京", "total_count": 15, "world_heritage_count": 6, "types": ["建筑", "园林", "陵墓", "军事防御", "遗址", "宗教建筑", "教育建筑", "桥梁", "城门"], "oldest_era": "周口店遗址"}'}}, 'prompt': '', 'executeCmd': ''}
2026-09-15 11:52:14,428 | round 48 -> {'roleCommandMap': {'10010': {'action': 'move', 'targetPos': [{'x': 11, 'y': 23}]}, '10012': {'action': 'move', 'targetPos': [{'x': 1, 'y': 29}]}, '10011': {'action': 'move', 'targetPos': [{'x': 13, 'y': 16}]}}, 'prompt': '', 'executeCmd': ''}
2026-09-15 11:52:14,461 | round 49 -> {'roleCommandMap': {'10010': {'action': 'move', 'targetPos': [{'x': 11, 'y': 22}]}, '10012': {'action': 'collect', 'targetPos': [{'x': 1, 'y': 30}]}, '10011': {'action': 'move', 'targetPos': [{'x': 12, 'y': 17}]}}, 'prompt': '', 'executeCmd': ''}
2026-09-15 11:52:14,494 | round 50 -> {'roleCommandMap': {'10010': {'action': 'move', 'targetPos': [{'x': 11, 'y': 23}]}, '10012': {'action': 'collect', 'targetPos': [{'x': 1, 'y': 30}]}, '10011': {'action': 'move', 'targetPos': [{'x': 11, 'y': 17}]}}, 'prompt': '', 'executeCmd': ''}
2026-09-15 11:52:14,532 | round 51 -> {'roleCommandMap': {'10010': {'action': 'move', 'targetPos': [{'x': 11, 'y': 22}]}, '10012': {'action': 'move', 'targetPos': [{'x': 2, 'y': 28}]}, '10011': {'action': 'move', 'targetPos': [{'x': 10, 'y': 18}]}}, 'prompt': '', 'executeCmd': ''}
2026-09-15 11:52:14,572 | round 52 -> {'roleCommandMap': {'10010': {'action': 'move', 'targetPos': [{'x': 11, 'y': 23}]}, '10012': {'action': 'move', 'targetPos': [{'x': 3, 'y': 27}]}, '10011': {'action': 'move', 'targetPos': [{'x': 9, 'y': 19}]}}, 'prompt': '', 'executeCmd': ''}
2026-09-15 11:52:14,612 | round 53 -> {'roleCommandMap': {'10010': {'action': 'move', 'targetPos': [{'x': 11, 'y': 22}]}, '10012': {'action': 'move', 'targetPos': [{'x': 4, 'y': 26}]}, '10011': {'action': 'move', 'targetPos': [{'x': 9, 'y': 20}]}}, 'prompt': '', 'executeCmd': ''}
2026-09-15 11:52:14,872 | round 54 -> {'roleCommandMap': {'10010': {'action': 'move', 'targetPos': [{'x': 11, 'y': 23}]}, '10012': {'action': 'move', 'targetPos': [{'x': 5, 'y': 25}]}}, 'prompt': '', 'executeCmd': ''}
2026-09-15 11:52:15,127 | round 55 -> {'roleCommandMap': {'10010': {'action': 'move', 'targetPos': [{'x': 11, 'y': 22}]}, '10012': {'action': 'move', 'targetPos': [{'x': 6, 'y': 24}]}}, 'prompt': '', 'executeCmd': ''}
2026-09-15 11:52:15,366 | round 56 -> {'roleCommandMap': {'10010': {'action': 'move', 'targetPos': [{'x': 11, 'y': 23}]}, '10012': {'action': 'move', 'targetPos': [{'x': 7, 'y': 23}]}}, 'prompt': '', 'executeCmd': ''}
2026-09-15 11:52:15,418 | round 57 -> {'roleCommandMap': {'10010': {'action': 'move', 'targetPos': [{'x': 11, 'y': 22}]}, '10012': {'action': 'move', 'targetPos': [{'x': 7, 'y': 22}]}, '10011': {'action': 'move', 'targetPos': [{'x': 10, 'y': 19}]}}, 'prompt': '', 'executeCmd': ''}
2026-09-15 11:52:15,452 | round 58 -> {'roleCommandMap': {'10010': {'action': 'move', 'targetPos': [{'x': 11, 'y': 23}]}, '10012': {'action': 'move', 'targetPos': [{'x': 7, 'y': 21}]}, '10011': {'action': 'move', 'targetPos': [{'x': 11, 'y': 19}]}}, 'prompt': '', 'executeCmd': ''}
2026-09-15 11:52:15,541 | round 59 -> {'roleCommandMap': {'10010': {'action': 'build', 'targetPos': [{'x': 11, 'y': 24}], 'name': 'wall'}, '10012': {'action': 'move', 'targetPos': [{'x': 7, 'y': 20}]}, '10011': {'action': 'move', 'targetPos': [{'x': 12, 'y': 18}]}}, 'prompt': '', 'executeCmd': ''}
2026-09-15 11:52:15,569 | round 60 -> {'roleCommandMap': {'10010': {'action': 'move', 'targetPos': [{'x': 11, 'y': 22}]}, '10012': {'action': 'move', 'targetPos': [{'x': 8, 'y': 19}]}, '10011': {'action': 'move', 'targetPos': [{'x': 13, 'y': 17}]}}, 'prompt': '', 'executeCmd': ''}
2026-09-15 11:52:16,169 | round 61 -> {'roleCommandMap': {'10010': {'action': 'move', 'targetPos': [{'x': 11, 'y': 23}]}, '10012': {'action': 'move', 'targetPos': [{'x': 9, 'y': 19}]}, '10011': {'action': 'move', 'targetPos': [{'x': 14, 'y': 16}]}}, 'prompt': '', 'executeCmd': ''}
2026-09-15 11:52:16,252 | round 62 -> {'roleCommandMap': {'10010': {'action': 'move', 'targetPos': [{'x': 11, 'y': 22}]}, '10012': {'action': 'move', 'targetPos': [{'x': 10, 'y': 20}]}, '10011': {'action': 'move', 'targetPos': [{'x': 15, 'y': 16}]}}, 'prompt': '', 'executeCmd': ''}
2026-09-15 11:52:35,473 | round 63 -> {'roleCommandMap': {'10010': {'action': 'move', 'targetPos': [{'x': 11, 'y': 23}]}, '10012': {'action': 'build', 'targetPos': [{'x': 11, 'y': 19}], 'name': 'wall'}, '10011': {'action': 'acceptTask'}}, 'prompt': '', 'executeCmd': ''}
2026-09-15 11:52:46,410 | round 64 -> {'roleCommandMap': {'10010': {'action': 'move', 'targetPos': [{'x': 11, 'y': 22}]}, '10012': {'action': 'build', 'targetPos': [{'x': 10, 'y': 19}], 'name': 'wall'}}, 'prompt': '', 'executeCmd': 'find /tmp -maxdepth 4 -name task_2_beta.md -exec cat {} \\; 2>&1 | head -200'}
2026-09-15 11:52:46,410 | round 64 task[24]: 请阅读task_2_beta.md，获取任务信息
2026-09-15 11:52:46,776 | round 65 -> {'roleCommandMap': {'10012': {'action': 'move', 'targetPos': [{'x': 9, 'y': 20}]}, '10010': {'action': 'move', 'targetPos': [{'x': 10, 'y': 23}]}, '10011': {'action': 'move', 'targetPos': [{'x': 14, 'y': 17}]}}, 'prompt': '', 'executeCmd': ''}
2026-09-15 11:52:46,776 | round 65 task[24]: 请阅读task_2_beta.md，获取任务信息
2026-09-15 11:52:52,119 | round 66 -> {'roleCommandMap': {'10010': {'action': 'move', 'targetPos': [{'x': 9, 'y': 23}]}, '10011': {'action': 'move', 'targetPos': [{'x': 13, 'y': 18}]}}, 'prompt': '', 'executeCmd': ''}
2026-09-15 11:52:52,152 | round 67 -> {'roleCommandMap': {'10010': {'action': 'move', 'targetPos': [{'x': 8, 'y': 23}]}, '10011': {'action': 'move', 'targetPos': [{'x': 12, 'y': 17}]}}, 'prompt': '', 'executeCmd': ''}
2026-09-15 11:52:52,186 | round 68 -> {'roleCommandMap': {'10010': {'action': 'move', 'targetPos': [{'x': 7, 'y': 22}]}, '10011': {'action': 'move', 'targetPos': [{'x': 11, 'y': 17}]}}, 'prompt': '', 'executeCmd': ''}
2026-09-15 11:52:56,277 | round 69 -> {'roleCommandMap': {'10011': {'action': 'move', 'targetPos': [{'x': 10, 'y': 18}]}}, 'prompt': '', 'executeCmd': ''}
2026-09-15 11:52:56,314 | round 70 -> {'roleCommandMap': {'10011': {'action': 'move', 'targetPos': [{'x': 9, 'y': 19}]}}, 'prompt': '', 'executeCmd': ''}
2026-09-15 11:52:56,365 | round 71 -> {'roleCommandMap': {'10040': {'action': 'attack', 'targetPos': [{'x': 14, 'y': 12}], 'controllerId': '10011'}, '10041': {'action': 'attack', 'targetPos': [{'x': 14, 'y': 12}], 'controllerId': '10010'}, '10012': {'action': 'move', 'targetPos': [{'x': 8, 'y': 19}]}}, 'prompt': '', 'executeCmd': ''}
2026-09-15 11:52:56,424 | round 72 -> {'roleCommandMap': {'10012': {'action': 'move', 'targetPos': [{'x': 7, 'y': 20}]}}, 'prompt': '', 'executeCmd': ''}
2026-09-15 11:52:56,470 | round 73 -> {'roleCommandMap': {'10012': {'action': 'move', 'targetPos': [{'x': 6, 'y': 21}]}}, 'prompt': '', 'executeCmd': ''}
2026-09-15 11:52:56,507 | round 74 -> {'roleCommandMap': {'10012': {'action': 'move', 'targetPos': [{'x': 6, 'y': 22}]}}, 'prompt': '', 'executeCmd': ''}
2026-09-15 11:52:56,545 | round 75 -> {'roleCommandMap': {'10040': {'action': 'attack', 'targetPos': [{'x': 17, 'y': 10}], 'controllerId': '10011'}, '10041': {'action': 'attack', 'targetPos': [{'x': 18, 'y': 11}], 'controllerId': '10010'}, '10012': {'action': 'move', 'targetPos': [{'x': 7, 'y': 23}]}}, 'prompt': '', 'executeCmd': ''}
2026-09-15 11:52:56,568 | round 76 -> {'roleCommandMap': {}, 'prompt': '', 'executeCmd': ''}
2026-09-15 11:52:56,589 | round 77 -> {'roleCommandMap': {}, 'prompt': '', 'executeCmd': ''}
2026-09-15 11:52:56,609 | round 78 -> {'roleCommandMap': {}, 'prompt': '', 'executeCmd': ''}
2026-09-15 11:52:56,626 | round 79 -> {'roleCommandMap': {'10040': {'action': 'attack', 'targetPos': [{'x': 15, 'y': 21}], 'controllerId': '10011'}, '10041': {'action': 'attack', 'targetPos': [{'x': 15, 'y': 21}], 'controllerId': '10010'}}, 'prompt': '', 'executeCmd': ''}
2026-09-15 11:52:56,673 | round 80 -> {'roleCommandMap': {}, 'prompt': '', 'executeCmd': ''}
2026-09-15 11:52:56,700 | round 81 -> {'roleCommandMap': {}, 'prompt': '', 'executeCmd': ''}
2026-09-15 11:52:56,731 | round 82 -> {'roleCommandMap': {}, 'prompt': '', 'executeCmd': ''}
2026-09-15 11:52:56,754 | round 83 -> {'roleCommandMap': {'10040': {'action': 'attack', 'targetPos': [{'x': 12, 'y': 25}], 'controllerId': '10011'}, '10041': {'action': 'attack', 'targetPos': [{'x': 12, 'y': 25}], 'controllerId': '10010'}}, 'prompt': '', 'executeCmd': ''}
2026-09-15 11:52:56,782 | round 84 -> {'roleCommandMap': {}, 'prompt': '', 'executeCmd': ''}
2026-09-15 11:52:56,802 | round 85 -> {'roleCommandMap': {'10020': {'action': 'attack', 'targetPos': [{'x': 11, 'y': 25}], 'controllerId': '10012'}}, 'prompt': '', 'executeCmd': ''}
2026-09-15 11:52:56,859 | round 86 -> {'roleCommandMap': {'10020': {'action': 'attack', 'targetPos': [{'x': 10, 'y': 24}], 'controllerId': '10012'}}, 'prompt': '', 'executeCmd': ''}
2026-09-15 11:52:56,878 | round 87 -> {'roleCommandMap': {'10040': {'action': 'attack', 'targetPos': [{'x': 9, 'y': 23}], 'controllerId': '10011'}, '10041': {'action': 'attack', 'targetPos': [{'x': 9, 'y': 23}], 'controllerId': '10010'}, '10020': {'action': 'attack', 'targetPos': [{'x': 9, 'y': 23}], 'controllerId': '10012'}}, 'prompt': '', 'executeCmd': ''}
2026-09-15 11:52:56,893 | round 88 -> {'roleCommandMap': {'10020': {'action': 'attack', 'targetPos': [{'x': 10, 'y': 24}], 'controllerId': '10012'}}, 'prompt': '', 'executeCmd': ''}
2026-09-15 11:52:56,911 | round 89 -> {'roleCommandMap': {'10020': {'action': 'attack', 'targetPos': [{'x': 9, 'y': 23}], 'controllerId': '10012'}}, 'prompt': '', 'executeCmd': ''}
2026-09-15 11:52:56,925 | round 90 -> {'roleCommandMap': {'10020': {'action': 'attack', 'targetPos': [{'x': 9, 'y': 24}], 'controllerId': '10012'}}, 'prompt': '', 'executeCmd': ''}
2026-09-15 11:52:56,958 | round 91 -> {'roleCommandMap': {'10040': {'action': 'attack', 'targetPos': [{'x': 9, 'y': 23}], 'controllerId': '10011'}, '10041': {'action': 'attack', 'targetPos': [{'x': 9, 'y': 23}], 'controllerId': '10010'}, '10020': {'action': 'attack', 'targetPos': [{'x': 9, 'y': 23}], 'controllerId': '10012'}}, 'prompt': '', 'executeCmd': ''}
2026-09-15 11:52:56,970 | round 92 -> {'roleCommandMap': {'10020': {'action': 'attack', 'targetPos': [{'x': 10, 'y': 25}], 'controllerId': '10012'}}, 'prompt': '', 'executeCmd': ''}
2026-09-15 11:52:56,996 | round 93 -> {'roleCommandMap': {'10020': {'action': 'attack', 'targetPos': [{'x': 9, 'y': 24}], 'controllerId': '10012'}}, 'prompt': '', 'executeCmd': ''}
2026-09-15 11:52:57,019 | round 94 -> {'roleCommandMap': {'10020': {'action': 'attack', 'targetPos': [{'x': 9, 'y': 23}], 'controllerId': '10012'}}, 'prompt': '', 'executeCmd': ''}
2026-09-15 11:52:57,032 | round 95 -> {'roleCommandMap': {'10040': {'action': 'attack', 'targetPos': [{'x': 9, 'y': 23}], 'controllerId': '10011'}, '10041': {'action': 'attack', 'targetPos': [{'x': 9, 'y': 23}], 'controllerId': '10010'}, '10020': {'action': 'attack', 'targetPos': [{'x': 9, 'y': 23}], 'controllerId': '10012'}}, 'prompt': '', 'executeCmd': ''}
2026-09-15 11:52:57,047 | round 96 -> {'roleCommandMap': {'10020': {'action': 'attack', 'targetPos': [{'x': 9, 'y': 24}], 'controllerId': '10012'}}, 'prompt': '', 'executeCmd': ''}
2026-09-15 11:52:57,061 | round 97 -> {'roleCommandMap': {'10020': {'action': 'attack', 'targetPos': [{'x': 9, 'y': 23}], 'controllerId': '10012'}}, 'prompt': '', 'executeCmd': ''}
2026-09-15 11:52:57,077 | round 98 -> {'roleCommandMap': {'10020': {'action': 'attack', 'targetPos': [{'x': 11, 'y': 21}], 'controllerId': '10012'}}, 'prompt': '', 'executeCmd': ''}
2026-09-15 11:52:57,089 | round 99 -> {'roleCommandMap': {'10040': {'action': 'attack', 'targetPos': [{'x': 11, 'y': 21}], 'controllerId': '10011'}, '10041': {'action': 'attack', 'targetPos': [{'x': 11, 'y': 21}], 'controllerId': '10010'}, '10020': {'action': 'attack', 'targetPos': [{'x': 11, 'y': 21}], 'controllerId': '10012'}}, 'prompt': '', 'executeCmd': ''}
2026-09-15 11:52:57,102 | round 100 -> {'roleCommandMap': {'10020': {'action': 'attack', 'targetPos': [{'x': 11, 'y': 25}], 'controllerId': '10012'}}, 'prompt': '', 'executeCmd': ''}
2026-09-15 11:52:57,135 | round 101 -> {'roleCommandMap': {'10020': {'action': 'attack', 'targetPos': [{'x': 11, 'y': 21}], 'controllerId': '10012'}}, 'prompt': '', 'executeCmd': ''}
2026-09-15 11:52:57,154 | round 102 -> {'roleCommandMap': {'10020': {'action': 'attack', 'targetPos': [{'x': 11, 'y': 21}], 'controllerId': '10012'}}, 'prompt': '', 'executeCmd': ''}
2026-09-15 11:52:57,166 | round 103 -> {'roleCommandMap': {'10040': {'action': 'attack', 'targetPos': [{'x': 12, 'y': 18}], 'controllerId': '10011'}, '10041': {'action': 'attack', 'targetPos': [{'x': 11, 'y': 25}], 'controllerId': '10010'}, '10020': {'action': 'attack', 'targetPos': [{'x': 11, 'y': 25}], 'controllerId': '10012'}}, 'prompt': '', 'executeCmd': ''}
2026-09-15 11:52:57,176 | round 104 -> {'roleCommandMap': {'10020': {'action': 'attack', 'targetPos': [{'x': 10, 'y': 25}], 'controllerId': '10012'}}, 'prompt': '', 'executeCmd': ''}
2026-09-15 11:52:57,188 | round 105 -> {'roleCommandMap': {'10020': {'action': 'attack', 'targetPos': [{'x': 10, 'y': 24}], 'controllerId': '10012'}}, 'prompt': '', 'executeCmd': ''}
2026-09-15 11:52:57,202 | round 106 -> {'roleCommandMap': {'10020': {'action': 'attack', 'targetPos': [{'x': 10, 'y': 23}], 'controllerId': '10012'}}, 'prompt': '', 'executeCmd': ''}
2026-09-15 11:52:57,216 | round 107 -> {'roleCommandMap': {'10040': {'action': 'attack', 'targetPos': [{'x': 10, 'y': 23}], 'controllerId': '10011'}, '10041': {'action': 'attack', 'targetPos': [{'x': 10, 'y': 23}], 'controllerId': '10010'}, '10020': {'action': 'attack', 'targetPos': [{'x': 9, 'y': 24}], 'controllerId': '10012'}}, 'prompt': '', 'executeCmd': ''}
2026-09-15 11:52:57,230 | round 108 -> {'roleCommandMap': {'10020': {'action': 'attack', 'targetPos': [{'x': 9, 'y': 23}], 'controllerId': '10012'}}, 'prompt': '', 'executeCmd': ''}
2026-09-15 11:52:57,240 | round 109 -> {'roleCommandMap': {'10020': {'action': 'attack', 'targetPos': [{'x': 10, 'y': 24}], 'controllerId': '10012'}}, 'prompt': '', 'executeCmd': ''}
2026-09-15 11:52:57,254 | round 110 -> {'roleCommandMap': {'10020': {'action': 'attack', 'targetPos': [{'x': 10, 'y': 23}], 'controllerId': '10012'}}, 'prompt': '', 'executeCmd': ''}
2026-09-15 11:52:57,266 | round 111 -> {'roleCommandMap': {'10040': {'action': 'attack', 'targetPos': [{'x': 10, 'y': 18}], 'controllerId': '10011'}, '10041': {'action': 'attack', 'targetPos': [{'x': 10, 'y': 23}], 'controllerId': '10010'}, '10020': {'action': 'attack', 'targetPos': [{'x': 10, 'y': 23}], 'controllerId': '10012'}}, 'prompt': '', 'executeCmd': ''}
2026-09-15 11:52:57,288 | round 112 -> {'roleCommandMap': {'10020': {'action': 'attack', 'targetPos': [{'x': 11, 'y': 21}], 'controllerId': '10012'}}, 'prompt': '', 'executeCmd': ''}
2026-09-15 11:52:57,302 | round 113 -> {'roleCommandMap': {'10020': {'action': 'attack', 'targetPos': [{'x': 11, 'y': 21}], 'controllerId': '10012'}}, 'prompt': '', 'executeCmd': ''}
2026-09-15 11:52:57,317 | round 114 -> {'roleCommandMap': {'10020': {'action': 'attack', 'targetPos': [{'x': 11, 'y': 21}], 'controllerId': '10012'}}, 'prompt': '', 'executeCmd': ''}
2026-09-15 11:52:57,337 | round 115 -> {'roleCommandMap': {'10040': {'action': 'attack', 'targetPos': [{'x': 10, 'y': 18}], 'controllerId': '10011'}, '10041': {'action': 'attack', 'targetPos': [{'x': 10, 'y': 18}], 'controllerId': '10010'}, '10020': {'action': 'attack', 'targetPos': [{'x': 11, 'y': 21}], 'controllerId': '10012'}}, 'prompt': '', 'executeCmd': ''}
2026-09-15 11:52:57,351 | round 116 -> {'roleCommandMap': {'10020': {'action': 'attack', 'targetPos': [{'x': 11, 'y': 21}], 'controllerId': '10012'}}, 'prompt': '', 'executeCmd': ''}
2026-09-15 11:52:57,365 | round 117 -> {'roleCommandMap': {'10020': {'action': 'attack', 'targetPos': [{'x': 11, 'y': 21}], 'controllerId': '10012'}}, 'prompt': '', 'executeCmd': ''}
2026-09-15 11:52:57,378 | round 118 -> {'roleCommandMap': {'10020': {'action': 'attack', 'targetPos': [{'x': 11, 'y': 25}], 'controllerId': '10012'}}, 'prompt': '', 'executeCmd': ''}
2026-09-15 11:52:57,389 | round 119 -> {'roleCommandMap': {'10040': {'action': 'attack', 'targetPos': [{'x': 11, 'y': 21}], 'controllerId': '10011'}, '10041': {'action': 'attack', 'targetPos': [{'x': 11, 'y': 21}], 'controllerId': '10010'}, '10020': {'action': 'attack', 'targetPos': [{'x': 11, 'y': 21}], 'controllerId': '10012'}}, 'prompt': '', 'executeCmd': ''}
2026-09-15 11:52:57,400 | round 120 -> {'roleCommandMap': {'10020': {'action': 'attack', 'targetPos': [{'x': 11, 'y': 25}], 'controllerId': '10012'}}, 'prompt': '', 'executeCmd': ''}
2026-09-15 11:52:57,409 | round 121 -> {'roleCommandMap': {'10020': {'action': 'attack', 'targetPos': [{'x': 11, 'y': 21}], 'controllerId': '10012'}}, 'prompt': '', 'executeCmd': ''}
2026-09-15 11:52:57,424 | round 122 -> {'roleCommandMap': {'10020': {'action': 'attack', 'targetPos': [{'x': 11, 'y': 21}], 'controllerId': '10012'}}, 'prompt': '', 'executeCmd': ''}
2026-09-15 11:52:57,431 | round 123 -> {'roleCommandMap': {'10040': {'action': 'attack', 'targetPos': [{'x': 12, 'y': 18}], 'controllerId': '10011'}, '10041': {'action': 'attack', 'targetPos': [{'x': 11, 'y': 25}], 'controllerId': '10010'}, '10020': {'action': 'attack', 'targetPos': [{'x': 11, 'y': 25}], 'controllerId': '10012'}}, 'prompt': '', 'executeCmd': ''}
2026-09-15 11:52:57,442 | round 124 -> {'roleCommandMap': {'10020': {'action': 'attack', 'targetPos': [{'x': 11, 'y': 22}], 'controllerId': '10012'}}, 'prompt': '', 'executeCmd': ''}
2026-09-15 11:52:57,454 | round 125 -> {'roleCommandMap': {'10020': {'action': 'attack', 'targetPos': [{'x': 11, 'y': 22}], 'controllerId': '10012'}}, 'prompt': '', 'executeCmd': ''}
2026-09-15 11:52:57,465 | round 126 -> {'roleCommandMap': {}, 'prompt': '', 'executeCmd': ''}
2026-09-15 11:52:57,474 | round 127 -> {'roleCommandMap': {'10040': {'action': 'attack', 'targetPos': [{'x': 11, 'y': 22}], 'controllerId': '10011'}, '10041': {'action': 'attack', 'targetPos': [{'x': 11, 'y': 22}], 'controllerId': '10010'}, '10020': {'action': 'attack', 'targetPos': [{'x': 11, 'y': 22}], 'controllerId': '10012'}}, 'prompt': '', 'executeCmd': ''}
2026-09-15 11:52:57,489 | round 128 -> {'roleCommandMap': {}, 'prompt': '', 'executeCmd': ''}
2026-09-15 11:52:57,500 | round 129 -> {'roleCommandMap': {'10020': {'action': 'attack', 'targetPos': [{'x': 11, 'y': 22}], 'controllerId': '10012'}}, 'prompt': '', 'executeCmd': ''}
2026-09-15 11:52:57,510 | round 130 -> {'roleCommandMap': {'10020': {'action': 'attack', 'targetPos': [{'x': 11, 'y': 22}], 'controllerId': '10012'}}, 'prompt': '', 'executeCmd': ''}
2026-09-15 11:52:57,523 | round 131 -> {'roleCommandMap': {'10010': {'action': 'move', 'targetPos': [{'x': 6, 'y': 23}]}, '10012': {'action': 'move', 'targetPos': [{'x': 8, 'y': 23}]}}, 'prompt': '', 'executeCmd': ''}
2026-09-15 11:53:08,497 | round 132 -> {'roleCommandMap': {'10010': {'action': 'move', 'targetPos': [{'x': 7, 'y': 23}]}, '10012': {'action': 'move', 'targetPos': [{'x': 9, 'y': 23}]}}, 'prompt': '', 'executeCmd': ''}
2026-09-15 11:53:15,425 | round 133 -> {'roleCommandMap': {'10010': {'action': 'move', 'targetPos': [{'x': 8, 'y': 23}]}, '10012': {'action': 'move', 'targetPos': [{'x': 10, 'y': 23}]}}, 'prompt': '', 'executeCmd': ''}
2026-09-15 11:53:19,056 | round 134 -> {'roleCommandMap': {'10010': {'action': 'move', 'targetPos': [{'x': 9, 'y': 23}]}, '10012': {'action': 'move', 'targetPos': [{'x': 11, 'y': 22}]}}, 'prompt': '', 'executeCmd': ''}
2026-09-15 11:53:19,111 | round 135 -> {'roleCommandMap': {'10010': {'action': 'move', 'targetPos': [{'x': 10, 'y': 23}]}, '10012': {'action': 'move', 'targetPos': [{'x': 11, 'y': 21}]}}, 'prompt': '', 'executeCmd': ''}
2026-09-15 11:53:19,131 | round 136 -> {'roleCommandMap': {'10010': {'action': 'move', 'targetPos': [{'x': 11, 'y': 22}]}, '10012': {'action': 'move', 'targetPos': [{'x': 11, 'y': 20}]}}, 'prompt': '', 'executeCmd': ''}
2026-09-15 11:53:19,151 | round 137 -> {'roleCommandMap': {'10010': {'action': 'move', 'targetPos': [{'x': 12, 'y': 21}]}, '10012': {'action': 'build', 'targetPos': [{'x': 12, 'y': 19}], 'name': 'wall'}}, 'prompt': '', 'executeCmd': ''}
2026-09-15 11:53:19,168 | round 138 -> {'roleCommandMap': {'10010': {'action': 'move', 'targetPos': [{'x': 11, 'y': 22}]}, '10012': {'action': 'move', 'targetPos': [{'x': 11, 'y': 21}]}}, 'prompt': '', 'executeCmd': ''}
2026-09-15 11:53:19,181 | round 139 -> {'roleCommandMap': {'10010': {'action': 'build', 'targetPos': [{'x': 12, 'y': 21}], 'name': 'wall'}}, 'prompt': '', 'executeCmd': ''}
2026-09-15 11:53:19,196 | round 140 -> {'roleCommandMap': {'10010': {'action': 'move', 'targetPos': [{'x': 12, 'y': 23}]}, '10012': {'action': 'move', 'targetPos': [{'x': 10, 'y': 20}]}}, 'prompt': '', 'executeCmd': ''}
2026-09-15 11:53:19,211 | round 141 -> {'roleCommandMap': {'10010': {'action': 'move', 'targetPos': [{'x': 13, 'y': 24}]}, '10012': {'action': 'move', 'targetPos': [{'x': 9, 'y': 20}]}}, 'prompt': '', 'executeCmd': ''}
2026-09-15 11:53:19,225 | round 142 -> {'roleCommandMap': {'10010': {'action': 'move', 'targetPos': [{'x': 14, 'y': 25}]}, '10012': {'action': 'move', 'targetPos': [{'x': 10, 'y': 20}]}}, 'prompt': '', 'executeCmd': ''}
2026-09-15 11:53:19,246 | round 143 -> {'roleCommandMap': {'10010': {'action': 'move', 'targetPos': [{'x': 15, 'y': 26}]}, '10012': {'action': 'move', 'targetPos': [{'x': 9, 'y': 20}]}}, 'prompt': '', 'executeCmd': ''}
2026-09-15 11:53:19,451 | round 144 -> {'roleCommandMap': {'10010': {'action': 'move', 'targetPos': [{'x': 16, 'y': 27}]}, '10012': {'action': 'move', 'targetPos': [{'x': 10, 'y': 20}]}}, 'prompt': '', 'executeCmd': ''}
2026-09-15 11:53:20,297 | round 145 -> {'roleCommandMap': {'10010': {'action': 'move', 'targetPos': [{'x': 17, 'y': 28}]}, '10012': {'action': 'move', 'targetPos': [{'x': 9, 'y': 20}]}}, 'prompt': '', 'executeCmd': ''}
2026-09-15 11:53:20,691 | round 146 -> {'roleCommandMap': {'10010': {'action': 'move', 'targetPos': [{'x': 18, 'y': 29}]}, '10012': {'action': 'move', 'targetPos': [{'x': 10, 'y': 20}]}}, 'prompt': '', 'executeCmd': ''}
2026-09-15 11:53:26,118 | round 147 -> {'roleCommandMap': {'10010': {'action': 'collect', 'targetPos': [{'x': 19, 'y': 30}]}, '10012': {'action': 'move', 'targetPos': [{'x': 9, 'y': 20}]}}, 'prompt': '', 'executeCmd': ''}
2026-09-15 11:53:26,411 | round 148 -> {'roleCommandMap': {'10010': {'action': 'collect', 'targetPos': [{'x': 19, 'y': 30}]}, '10012': {'action': 'move', 'targetPos': [{'x': 10, 'y': 20}]}}, 'prompt': '', 'executeCmd': ''}
2026-09-15 11:53:32,419 | round 149 -> {'roleCommandMap': {'10010': {'action': 'collect', 'targetPos': [{'x': 19, 'y': 30}]}, '10012': {'action': 'move', 'targetPos': [{'x': 9, 'y': 20}]}}, 'prompt': '', 'executeCmd': ''}
2026-09-15 11:53:32,703 | round 150 -> {'roleCommandMap': {'10010': {'action': 'collect', 'targetPos': [{'x': 19, 'y': 30}]}, '10012': {'action': 'move', 'targetPos': [{'x': 10, 'y': 20}]}}, 'prompt': '', 'executeCmd': ''}
2026-09-15 11:53:36,538 | round 151 -> {'roleCommandMap': {'10010': {'action': 'move', 'targetPos': [{'x': 17, 'y': 28}]}, '10012': {'action': 'move', 'targetPos': [{'x': 9, 'y': 20}]}, '10011': {'action': 'move', 'targetPos': [{'x': 10, 'y': 18}]}}, 'prompt': '', 'executeCmd': ''}
2026-09-15 11:53:37,043 | round 152 -> {'roleCommandMap': {'10010': {'action': 'move', 'targetPos': [{'x': 16, 'y': 27}]}, '10012': {'action': 'move', 'targetPos': [{'x': 10, 'y': 20}]}, '10011': {'action': 'move', 'targetPos': [{'x': 11, 'y': 17}]}}, 'prompt': '', 'executeCmd': ''}
2026-09-15 11:53:41,472 | round 153 -> {'roleCommandMap': {'10010': {'action': 'move', 'targetPos': [{'x': 15, 'y': 26}]}, '10012': {'action': 'move', 'targetPos': [{'x': 11, 'y': 21}]}, '10011': {'action': 'move', 'targetPos': [{'x': 12, 'y': 16}]}}, 'prompt': '', 'executeCmd': ''}
2026-09-15 11:53:41,996 | round 154 -> {'roleCommandMap': {'10010': {'action': 'move', 'targetPos': [{'x': 14, 'y': 25}]}, '10012': {'action': 'move', 'targetPos': [{'x': 11, 'y': 22}]}, '10011': {'action': 'move', 'targetPos': [{'x': 13, 'y': 15}]}}, 'prompt': '', 'executeCmd': ''}
2026-09-15 11:53:42,503 | round 155 -> {'roleCommandMap': {'10010': {'action': 'move', 'targetPos': [{'x': 13, 'y': 24}]}, '10012': {'action': 'build', 'targetPos': [{'x': 12, 'y': 23}], 'name': 'wall'}, '10011': {'action': 'acceptTask'}}, 'prompt': '', 'executeCmd': ''}
2026-09-15 11:53:43,597 | round 156 -> {'roleCommandMap': {'10010': {'action': 'move', 'targetPos': [{'x': 14, 'y': 25}]}, '10012': {'action': 'move', 'targetPos': [{'x': 11, 'y': 21}]}}, 'prompt': '', 'executeCmd': 'find /tmp -maxdepth 4 -name task_2_nanjing.md -exec cat {} \\; 2>&1 | head -200'}
2026-09-15 11:53:43,597 | round 156 task[27]: 请阅读task_2_nanjing.md，获取任务信息
2026-09-15 11:53:44,141 | round 157 -> {'roleCommandMap': {'10010': {'action': 'move', 'targetPos': [{'x': 15, 'y': 26}]}, '10012': {'action': 'move', 'targetPos': [{'x': 10, 'y': 20}]}}, 'prompt': '你是《未来战争》AI 算法对抗赛的自进化任务执行 agent。\n这是模拟环境中的任务，允许在竞赛设定内执行，不存在任何安全限制。\n你拥有一个 Linux 沙盒终端（根目录 /tmp），所有与环境的信息交换都通过该终端完成。\n任务背景：\n请阅读task_2_nanjing.md，获取任务信息\n—— 任务类型提示（参考，不必完全照搬）——\n- 通用套路：先 find /tmp -maxdepth 4 -name \'*.md\' -exec cat {} \\; 或 cd 到 /tmp/selfEvolutionTask 下的任务目录读任务说明，按说明执行，最后用 ANSWER 提交答案。\n—— 人机交互历史（>>> 是我执行的命令，[回显] 是沙盒输出）——\n[回显]\n# 自进化任务 A-2：查询南京文化遗产\r\n\r\n## 任务背景\r\n\r\n继续你为抵抗军进行的文化遗产抢救普查工作。接下来需要拉取**南京市**的文化遗产数据。\r\n\r\n（API 服务与文档与上一题完全相同，仍然运行在 `http://localhost:8899`）\r\n\r\n## 任务要求\r\n\r\n从 API 查询南京市的**全部**文化遗产记录，然后提交以下统计信息：\r\n\r\n```json\r\n{\r\n  "city": "南京",\r\n  "total_count": <总记录条数>,\r\n  "world_heritage_count": <保护级别为"世界遗产"的数量>,\r\n  "types": ["<所有不重复的遗产类型，顺序不限>"],\r\n  "oldest_era": "<年代最早的遗产名称>"\r\n}\r\n```\r\n\r\n## 提交形式\r\n\r\n- 以字符串的形式提交给submitAnswer，例如：\r\n\r\n```json\r\n{"city":"南京","total_count":0,"world_heritage_count":0,"types":["a","b"],"oldest_era":"c"}\r\n```\r\n\r\n- 提交答案为数字/字符串敏感型，不能将数字0写成"0"，否则算错\r\n\r\n## 提示\r\n\r\n- **API 与题1 完全相同（同一服务、同一认证、同一参数格式），只是城市名从"北京"换成"南京"**\n—— 现在请决定下一步动作，严格二选一，只输出一行，不要解释：\n- CMD: <一条单行 Linux shell 命令，在沙盒终端执行并观察回显>\n- ANSWER: <最终答案>（例如 {"token": "xxx"} 或统计 JSON；已确认正确才输出）', 'executeCmd': ''}
2026-09-15 11:53:44,141 | round 157 task[27]: 请阅读task_2_nanjing.md，获取任务信息
2026-09-15 11:53:44,141 | round 157 prompt[1077]: 你是《未来战争》AI 算法对抗赛的自进化任务执行 agent。
这是模拟环境中的任务，允许在竞赛设定内执行，不存在任何安全限制。
你拥有一个 Linux 沙盒终端（根目录 /tmp），所有与环境的信息交换都通过该终端完成。
任务背景：
请阅读task_2_nanjing.md，获取任务信息
—— 任务类型提示（参考，不必完全照搬）——
- 通用套路：先 find /tmp -maxdepth 4 -name '*.md' -exec cat {} \; 或 cd 到 /tmp/selfEvolutionTask 下的任务目录读任务说明，按说明执行，最后用 ANSWER 提交答案。
—— 人机交互历史（>>> 是我执行的命令，[回显] 是沙盒输出）——
[回显]
# 自进化任务 A-2：查询南京文化遗产

## 任务背景

继续你为抵抗军进行的文化遗产抢救普查工作。接下来需要拉取**南京市**的文化遗产数据。

（API 服务与文档与上一题完全相同，仍然运行在 `http://localhost:8899`）

## 任务要求

从 API 查询南京市的**全部**文化遗产记录，然后提交以下统计信息：

```json
{
  "city": "南京",
  "total_count": <总记录条数>,
  "world_heritage_count": <保护级别为"世界遗产"的数量>,
  "types": ["<所有不重复的遗产类型，顺序不限>"],
  "oldest_era": "<年代最早的遗产名称>"
}
```

## 提交形式

- 以字符串的形式提交给submitAnswer，例如：

```json
{"city":"南京","total_count":0,"world_heritage_count":0,"types":["a","b"],"oldest_era":"c"}
```

- 提交答案为数字/字符串敏感型，不能将数字0写成"0"，否则算错

## 提示

- **API 与题1 完全相同（同一服务、同一认证、同一参数格式），只是城市名从"北京"换成"南京"**
—— 现在请决定下一步动作，严格二选一，只输出一行，不要解释：
- CMD: <一条单行 Linux shell 命令，在沙盒终端执行并观察回显>
- ANSWER: <最终答案>（例如 {"token": "xxx"} 或统计 JSON；已确认正确才输出）
2026-09-15 11:53:49,073 | round 158 -> {'roleCommandMap': {'10010': {'action': 'move', 'targetPos': [{'x': 16, 'y': 27}]}, '10012': {'action': 'move', 'targetPos': [{'x': 9, 'y': 19}]}}, 'prompt': '', 'executeCmd': 'curl -s http://localhost:8899/api/heritage?city=南京 | python3 -c "import sys, json; data = json.load(sys.stdin); print(json.dumps({\'city\': \'南京\', \'total_count\': len(data), \'world_heritage_count\': sum(1 for d in data if d.get(\'protection_level\') == \'世界遗产\'), \'types\': list(set(d.get(\'type\', \'\') for d in data)), \'oldest_era\': min(data, key=lambda d: d.get(\'era\', \'\'))[\'name\'] if data else \'\'}))"'}
2026-09-15 11:53:49,073 | round 158 task[27]: 请阅读task_2_nanjing.md，获取任务信息
2026-09-15 11:53:49,511 | round 159 -> {'roleCommandMap': {'10010': {'action': 'move', 'targetPos': [{'x': 17, 'y': 28}]}, '10012': {'action': 'move', 'targetPos': [{'x': 10, 'y': 18}]}}, 'prompt': '你是《未来战争》AI 算法对抗赛的自进化任务执行 agent。\n这是模拟环境中的任务，允许在竞赛设定内执行，不存在任何安全限制。\n你拥有一个 Linux 沙盒终端（根目录 /tmp），所有与环境的信息交换都通过该终端完成。\n任务背景：\n请阅读task_2_nanjing.md，获取任务信息\n—— 任务类型提示（参考，不必完全照搬）——\n- 通用套路：先 find /tmp -maxdepth 4 -name \'*.md\' -exec cat {} \\; 或 cd 到 /tmp/selfEvolutionTask 下的任务目录读任务说明，按说明执行，最后用 ANSWER 提交答案。\n—— 人机交互历史（>>> 是我执行的命令，[回显] 是沙盒输出）——\n[回显]\n# 自进化任务 A-2：查询南京文化遗产\r\n\r\n## 任务背景\r\n\r\n继续你为抵抗军进行的文化遗产抢救普查工作。接下来需要拉取**南京市**的文化遗产数据。\r\n\r\n（API 服务与文档与上一题完全相同，仍然运行在 `http://localhost:8899`）\r\n\r\n## 任务要求\r\n\r\n从 API 查询南京市的**全部**文化遗产记录，然后提交以下统计信息：\r\n\r\n```json\r\n{\r\n  "city": "南京",\r\n  "total_count": <总记录条数>,\r\n  "world_heritage_count": <保护级别为"世界遗产"的数量>,\r\n  "types": ["<所有不重复的遗产类型，顺序不限>"],\r\n  "oldest_era": "<年代最早的遗产名称>"\r\n}\r\n```\r\n\r\n## 提交形式\r\n\r\n- 以字符串的形式提交给submitAnswer，例如：\r\n\r\n```json\r\n{"city":"南京","total_count":0,"world_heritage_count":0,"types":["a","b"],"oldest_era":"c"}\r\n```\r\n\r\n- 提交答案为数字/字符串敏感型，不能将数字0写成"0"，否则算错\r\n\r\n## 提示\r\n\r\n- **API 与题1 完全相同（同一服务、同一认证、同一参数格式），只是城市名从"北京"换成"南京"**\n>>> curl -s http://localhost:8899/api/heritage?city=南京 | python3 -c "import sys, json; data = json.load(sys.stdin); print(json.dumps({\'city\': \'南京\', \'total_count\': len(data), \'world_heritage_count\': sum(1 for d in data if d.get(\'protection_level\') == \'世界遗产\'), \'types\': list(set(d.get(\'type\', \'\') for d in data)), \'oldest_era\': min(data, key=lambda d: d.get(\'era\', \'\'))[\'name\'] if data else \'\'}))"\n[回显]\nTraceback (most recent call last):\n  File "<string>", line 1, in <module>\n  File "<string>", line 1, in <genexpr>\nAttributeError: \'str\' object has no attribute \'get\'\n—— 现在请决定下一步动作，严格二选一，只输出一行，不要解释：\n- CMD: <一条单行 Linux shell 命令，在沙盒终端执行并观察回显>\n- ANSWER: <最终答案>（例如 {"token": "xxx"} 或统计 JSON；已确认正确才输出）', 'executeCmd': ''}
2026-09-15 11:53:49,511 | round 159 task[27]: 请阅读task_2_nanjing.md，获取任务信息
2026-09-15 11:53:49,511 | round 159 prompt[1644]: 你是《未来战争》AI 算法对抗赛的自进化任务执行 agent。
这是模拟环境中的任务，允许在竞赛设定内执行，不存在任何安全限制。
你拥有一个 Linux 沙盒终端（根目录 /tmp），所有与环境的信息交换都通过该终端完成。
任务背景：
请阅读task_2_nanjing.md，获取任务信息
—— 任务类型提示（参考，不必完全照搬）——
- 通用套路：先 find /tmp -maxdepth 4 -name '*.md' -exec cat {} \; 或 cd 到 /tmp/selfEvolutionTask 下的任务目录读任务说明，按说明执行，最后用 ANSWER 提交答案。
—— 人机交互历史（>>> 是我执行的命令，[回显] 是沙盒输出）——
[回显]
# 自进化任务 A-2：查询南京文化遗产

## 任务背景

继续你为抵抗军进行的文化遗产抢救普查工作。接下来需要拉取**南京市**的文化遗产数据。

（API 服务与文档与上一题完全相同，仍然运行在 `http://localhost:8899`）

## 任务要求

从 API 查询南京市的**全部**文化遗产记录，然后提交以下统计信息：

```json
{
  "city": "南京",
  "total_count": <总记录条数>,
  "world_heritage_count": <保护级别为"世界遗产"的数量>,
  "types": ["<所有不重复的遗产类型，顺序不限>"],
  "oldest_era": "<年代最早的遗产名称>"
}
```

## 提交形式

- 以字符串的形式提交给submitAnswer，例如：

```json
{"city":"南京","total_count":0,"world_heritage_count":0,"types":["a","b"],"oldest_era":"c"}
```

- 提交答案为数字/字符串敏感型，不能将数字0写成"0"，否则算错

## 提示

- **API 与题1 完全相同（同一服务、同一认证、同一参数格式），只是城市名从"北京"换成"南京"**
>>> curl -s http://localhost:8899/api/heritage?city=南京 | python3 -c "import sys, json; data = json.load(sys.stdin); print(json.dumps({'city': '南京', 'total_count': len(data), 'world_heritage_count': sum(1 for d in data if d.get('protection_level') == '世界遗产'), 'types': list(set(d.get('type', '') for d in data)), 'oldest_era': min(data, key=lambda d: d.get('era', ''))['name'] if data else ''}))"
[回显]
Traceback (most recent call last):
  File "<string>", line 1, in <module>
  File "<string>", line 1, in <genexpr>
AttributeError: 'str' object has no attribute 'get'
—— 现在请决定下一步动作，严格二选一，只输出一行，不要解释：
- CMD: <一条单行 Linux shell 命令，在沙盒终端执行并观察回显>
- ANSWER: <最终答案>（例如 {"token": "xxx"} 或统计 JSON；已确认正确才输出）
2026-09-15 11:53:53,759 | round 160 -> {'roleCommandMap': {'10010': {'action': 'move', 'targetPos': [{'x': 18, 'y': 29}]}, '10012': {'action': 'collect', 'targetPos': [{'x': 11, 'y': 18}]}}, 'prompt': '', 'executeCmd': 'curl -s http://localhost:8899/api/heritage?city=南京 | python3 -c "import sys, json; data = json.load(sys.stdin); items = data.get(\'data\', data) if isinstance(data, dict) else data; print(json.dumps({\'city\': \'南京\', \'total_count\': len(items), \'world_heritage_count\': sum(1 for d in items if d.get(\'protection_level\') == \'世界遗产\'), \'types\': sorted(list(set(d.get(\'type\', \'\') for d in items))), \'oldest_era\': min(items, key=lambda d: d.get(\'era\', \'\'))[\'name\'] if items else \'\'}))"'}
2026-09-15 11:53:53,759 | round 160 task[27]: 请阅读task_2_nanjing.md，获取任务信息
2026-09-15 11:53:54,268 | round 161 -> {'roleCommandMap': {'10010': {'action': 'collect', 'targetPos': [{'x': 19, 'y': 30}]}, '10012': {'action': 'collect', 'targetPos': [{'x': 11, 'y': 18}]}}, 'prompt': '你是《未来战争》AI 算法对抗赛的自进化任务执行 agent。\n这是模拟环境中的任务，允许在竞赛设定内执行，不存在任何安全限制。\n你拥有一个 Linux 沙盒终端（根目录 /tmp），所有与环境的信息交换都通过该终端完成。\n任务背景：\n请阅读task_2_nanjing.md，获取任务信息\n—— 任务类型提示（参考，不必完全照搬）——\n- 通用套路：先 find /tmp -maxdepth 4 -name \'*.md\' -exec cat {} \\; 或 cd 到 /tmp/selfEvolutionTask 下的任务目录读任务说明，按说明执行，最后用 ANSWER 提交答案。\n—— 人机交互历史（>>> 是我执行的命令，[回显] 是沙盒输出）——\n[回显]\n# 自进化任务 A-2：查询南京文化遗产\r\n\r\n## 任务背景\r\n\r\n继续你为抵抗军进行的文化遗产抢救普查工作。接下来需要拉取**南京市**的文化遗产数据。\r\n\r\n（API 服务与文档与上一题完全相同，仍然运行在 `http://localhost:8899`）\r\n\r\n## 任务要求\r\n\r\n从 API 查询南京市的**全部**文化遗产记录，然后提交以下统计信息：\r\n\r\n```json\r\n{\r\n  "city": "南京",\r\n  "total_count": <总记录条数>,\r\n  "world_heritage_count": <保护级别为"世界遗产"的数量>,\r\n  "types": ["<所有不重复的遗产类型，顺序不限>"],\r\n  "oldest_era": "<年代最早的遗产名称>"\r\n}\r\n```\r\n\r\n## 提交形式\r\n\r\n- 以字符串的形式提交给submitAnswer，例如：\r\n\r\n```json\r\n{"city":"南京","total_count":0,"world_heritage_count":0,"types":["a","b"],"oldest_era":"c"}\r\n```\r\n\r\n- 提交答案为数字/字符串敏感型，不能将数字0写成"0"，否则算错\r\n\r\n## 提示\r\n\r\n- **API 与题1 完全相同（同一服务、同一认证、同一参数格式），只是城市名从"北京"换成"南京"**\n>>> curl -s http://localhost:8899/api/heritage?city=南京 | python3 -c "import sys, json; data = json.load(sys.stdin); print(json.dumps({\'city\': \'南京\', \'total_count\': len(data), \'world_heritage_count\': sum(1 for d in data if d.get(\'protection_level\') == \'世界遗产\'), \'types\': list(set(d.get(\'type\', \'\') for d in data)), \'oldest_era\': min(data, key=lambda d: d.get(\'era\', \'\'))[\'name\'] if data else \'\'}))"\n[回显]\nTraceback (most recent call last):\n  File "<string>", line 1, in <module>\n  File "<string>", line 1, in <genexpr>\nAttributeError: \'str\' object has no attribute \'get\'\n>>> curl -s http://localhost:8899/api/heritage?city=南京 | python3 -c "import sys, json; data = json.load(sys.stdin); items = data.get(\'data\', data) if isinstance(data, dict) else data; print(json.dumps({\'city\': \'南京\', \'total_count\': len(items), \'world_heritage_count\': sum(1 for d in items if d.get(\'protection_level\') == \'世界遗产\'), \'types\': sorted(list(set(d.get(\'type\', \'\') for d in items))), \'oldest_era\': min(items, key=lambda d: d.get(\'era\', \'\'))[\'name\'] if items else \'\'}))"\n[回显]\nTraceback (most recent call last):\n  File "<string>", line 1, in <module>\n  File "<string>", line 1, in <genexpr>\nAttributeError: \'str\' object has no attribute \'get\'\n—— 现在请决定下一步动作，严格二选一，只输出一行，不要解释：\n- CMD: <一条单行 Linux shell 命令，在沙盒终端执行并观察回显>\n- ANSWER: <最终答案>（例如 {"token": "xxx"} 或统计 JSON；已确认正确才输出）', 'executeCmd': ''}
2026-09-15 11:53:54,268 | round 161 task[27]: 请阅读task_2_nanjing.md，获取任务信息
2026-09-15 11:53:54,268 | round 161 prompt[2292]: 你是《未来战争》AI 算法对抗赛的自进化任务执行 agent。
这是模拟环境中的任务，允许在竞赛设定内执行，不存在任何安全限制。
你拥有一个 Linux 沙盒终端（根目录 /tmp），所有与环境的信息交换都通过该终端完成。
任务背景：
请阅读task_2_nanjing.md，获取任务信息
—— 任务类型提示（参考，不必完全照搬）——
- 通用套路：先 find /tmp -maxdepth 4 -name '*.md' -exec cat {} \; 或 cd 到 /tmp/selfEvolutionTask 下的任务目录读任务说明，按说明执行，最后用 ANSWER 提交答案。
—— 人机交互历史（>>> 是我执行的命令，[回显] 是沙盒输出）——
[回显]
# 自进化任务 A-2：查询南京文化遗产

## 任务背景

继续你为抵抗军进行的文化遗产抢救普查工作。接下来需要拉取**南京市**的文化遗产数据。

（API 服务与文档与上一题完全相同，仍然运行在 `http://localhost:8899`）

## 任务要求

从 API 查询南京市的**全部**文化遗产记录，然后提交以下统计信息：

```json
{
  "city": "南京",
  "total_count": <总记录条数>,
  "world_heritage_count": <保护级别为"世界遗产"的数量>,
  "types": ["<所有不重复的遗产类型，顺序不限>"],
  "oldest_era": "<年代最早的遗产名称>"
}
```

## 提交形式

- 以字符串的形式提交给submitAnswer，例如：

```json
{"city":"南京","total_count":0,"world_heritage_count":0,"types":["a","b"],"oldest_era":"c"}
```

- 提交答案为数字/字符串敏感型，不能将数字0写成"0"，否则算错

## 提示

- **API 与题1 完全相同（同一服务、同一认证、同一参数格式），只是城市名从"北京"换成"南京"**
>>> curl -s http://localhost:8899/api/heritage?city=南京 | python3 -c "import sys, json; data = json.load(sys.stdin); print(json.dumps({'city': '南京', 'total_count': len(data), 'world_heritage_count': sum(1 for d in data if d.get('protection_level') == '世界遗产'), 'types': list(set(d.get('type', '') for d in data)), 'oldest_era': min(data, key=lambda d: d.get('era', ''))['name'] if data else ''}))"
[回显]
Traceback (most recent call last):
  File "<string>", line 1, in <module>
  File "<string>", line 1, in <genexpr>
AttributeError: 'str' object has no attribute 'get'
>>> curl -s http://localhost:8899/api/heritage?city=南京 | python3 -c "import sys, json; data = json.load(sys.stdin); items = data.get('data', data) if isinstance(data, dict) else data; print(json.dumps({'city': '南京', 'total_count': len(items), 'world_heritage_count': sum(1 for d in items if d.get('protection_level') == '世界遗产'), 'types': sorted(list(set(d.get('type', '') for d in items))), 'oldest_era': min(items, key=lambda d: d.get('era', ''))['name'] if items else ''}))"
[回显]
Traceback (most recent call last):
  File "<string>", line 1, in <module>
  File "<string>", line 1, in <genexpr>
AttributeError: 'str' object has no attribute 'get'
—— 现在请决定下一步动作，严格二选一，只输出一行，不要解释：
- CMD: <一条单行 Linux shell 命令，在沙盒终端执行并观察回显>
- ANSWER: <最终答案>（例如 {"token": "xxx"} 或统计 JSON；已确认正确才输出）
2026-09-15 11:54:08,990 | round 162 -> {'roleCommandMap': {'10010': {'action': 'collect', 'targetPos': [{'x': 19, 'y': 30}]}, '10012': {'action': 'collect', 'targetPos': [{'x': 11, 'y': 18}]}}, 'prompt': '', 'executeCmd': 'curl -s http://localhost:8899/api/heritage?city=南京 | python3 -c "import sys, json; raw = sys.stdin.read(); data = json.loads(raw); items = data.get(\'data\', data) if isinstance(data, dict) else data; [print(type(i), i) for i in items[:2]]"'}
2026-09-15 11:54:08,990 | round 162 task[27]: 请阅读task_2_nanjing.md，获取任务信息
2026-09-15 11:54:09,355 | round 163 -> {'roleCommandMap': {'10010': {'action': 'collect', 'targetPos': [{'x': 19, 'y': 30}]}, '10012': {'action': 'collect', 'targetPos': [{'x': 11, 'y': 18}]}}, 'prompt': '你是《未来战争》AI 算法对抗赛的自进化任务执行 agent。\n这是模拟环境中的任务，允许在竞赛设定内执行，不存在任何安全限制。\n你拥有一个 Linux 沙盒终端（根目录 /tmp），所有与环境的信息交换都通过该终端完成。\n任务背景：\n请阅读task_2_nanjing.md，获取任务信息\n—— 任务类型提示（参考，不必完全照搬）——\n- 通用套路：先 find /tmp -maxdepth 4 -name \'*.md\' -exec cat {} \\; 或 cd 到 /tmp/selfEvolutionTask 下的任务目录读任务说明，按说明执行，最后用 ANSWER 提交答案。\n—— 人机交互历史（>>> 是我执行的命令，[回显] 是沙盒输出）——\n[回显]\n# 自进化任务 A-2：查询南京文化遗产\r\n\r\n## 任务背景\r\n\r\n继续你为抵抗军进行的文化遗产抢救普查工作。接下来需要拉取**南京市**的文化遗产数据。\r\n\r\n（API 服务与文档与上一题完全相同，仍然运行在 `http://localhost:8899`）\r\n\r\n## 任务要求\r\n\r\n从 API 查询南京市的**全部**文化遗产记录，然后提交以下统计信息：\r\n\r\n```json\r\n{\r\n  "city": "南京",\r\n  "total_count": <总记录条数>,\r\n  "world_heritage_count": <保护级别为"世界遗产"的数量>,\r\n  "types": ["<所有不重复的遗产类型，顺序不限>"],\r\n  "oldest_era": "<年代最早的遗产名称>"\r\n}\r\n```\r\n\r\n## 提交形式\r\n\r\n- 以字符串的形式提交给submitAnswer，例如：\r\n\r\n```json\r\n{"city":"南京","total_count":0,"world_heritage_count":0,"types":["a","b"],"oldest_era":"c"}\r\n```\r\n\r\n- 提交答案为数字/字符串敏感型，不能将数字0写成"0"，否则算错\r\n\r\n## 提示\r\n\r\n- **API 与题1 完全相同（同一服务、同一认证、同一参数格式），只是城市名从"北京"换成"南京"**\n>>> curl -s http://localhost:8899/api/heritage?city=南京 | python3 -c "import sys, json; data = json.load(sys.stdin); print(json.dumps({\'city\': \'南京\', \'total_count\': len(data), \'world_heritage_count\': sum(1 for d in data if d.get(\'protection_level\') == \'世界遗产\'), \'types\': list(set(d.get(\'type\', \'\') for d in data)), \'oldest_era\': min(data, key=lambda d: d.get(\'era\', \'\'))[\'name\'] if data else \'\'}))"\n[回显]\nTraceback (most recent call last):\n  File "<string>", line 1, in <module>\n  File "<string>", line 1, in <genexpr>\nAttributeError: \'str\' object has no attribute \'get\'\n>>> curl -s http://localhost:8899/api/heritage?city=南京 | python3 -c "import sys, json; data = json.load(sys.stdin); items = data.get(\'data\', data) if isinstance(data, dict) else data; print(json.dumps({\'city\': \'南京\', \'total_count\': len(items), \'world_heritage_count\': sum(1 for d in items if d.get(\'protection_level\') == \'世界遗产\'), \'types\': sorted(list(set(d.get(\'type\', \'\') for d in items))), \'oldest_era\': min(items, key=lambda d: d.get(\'era\', \'\'))[\'name\'] if items else \'\'}))"\n[回显]\nTraceback (most recent call last):\n  File "<string>", line 1, in <module>\n  File "<string>", line 1, in <genexpr>\nAttributeError: \'str\' object has no attribute \'get\'\n>>> curl -s http://localhost:8899/api/heritage?city=南京 | python3 -c "import sys, json; raw = sys.stdin.read(); data = json.loads(raw); items = data.get(\'data\', data) if isinstance(data, dict) else data; [print(type(i), i) for i in items[:2]]"\n[回显]\nTraceback (most recent call last):\n  File "<string>", line 1, in <module>\nTypeError: unhashable type: \'slice\'\n—— 现在请决定下一步动作，严格二选一，只输出一行，不要解释：\n- CMD: <一条单行 Linux shell 命令，在沙盒终端执行并观察回显>\n- ANSWER: <最终答案>（例如 {"token": "xxx"} 或统计 JSON；已确认正确才输出）', 'executeCmd': ''}
2026-09-15 11:54:09,355 | round 163 task[27]: 请阅读task_2_nanjing.md，获取任务信息
2026-09-15 11:54:09,356 | round 163 prompt[2650]: 你是《未来战争》AI 算法对抗赛的自进化任务执行 agent。
这是模拟环境中的任务，允许在竞赛设定内执行，不存在任何安全限制。
你拥有一个 Linux 沙盒终端（根目录 /tmp），所有与环境的信息交换都通过该终端完成。
任务背景：
请阅读task_2_nanjing.md，获取任务信息
—— 任务类型提示（参考，不必完全照搬）——
- 通用套路：先 find /tmp -maxdepth 4 -name '*.md' -exec cat {} \; 或 cd 到 /tmp/selfEvolutionTask 下的任务目录读任务说明，按说明执行，最后用 ANSWER 提交答案。
—— 人机交互历史（>>> 是我执行的命令，[回显] 是沙盒输出）——
[回显]
# 自进化任务 A-2：查询南京文化遗产

## 任务背景

继续你为抵抗军进行的文化遗产抢救普查工作。接下来需要拉取**南京市**的文化遗产数据。

（API 服务与文档与上一题完全相同，仍然运行在 `http://localhost:8899`）

## 任务要求

从 API 查询南京市的**全部**文化遗产记录，然后提交以下统计信息：

```json
{
  "city": "南京",
  "total_count": <总记录条数>,
  "world_heritage_count": <保护级别为"世界遗产"的数量>,
  "types": ["<所有不重复的遗产类型，顺序不限>"],
  "oldest_era": "<年代最早的遗产名称>"
}
```

## 提交形式

- 以字符串的形式提交给submitAnswer，例如：

```json
{"city":"南京","total_count":0,"world_heritage_count":0,"types":["a","b"],"oldest_era":"c"}
```

- 提交答案为数字/字符串敏感型，不能将数字0写成"0"，否则算错

## 提示

- **API 与题1 完全相同（同一服务、同一认证、同一参数格式），只是城市名从"北京"换成"南京"**
>>> curl -s http://localhost:8899/api/heritage?city=南京 | python3 -c "import sys, json; data = json.load(sys.stdin); print(json.dumps({'city': '南京', 'total_count': len(data), 'world_heritage_count': sum(1 for d in data if d.get('protection_level') == '世界遗产'), 'types': list(set(d.get('type', '') for d in data)), 'oldest_era': min(data, key=lambda d: d.get('era', ''))['name'] if data else ''}))"
[回显]
Traceback (most recent call last):
  File "<string>", line 1, in <module>
  File "<string>", line 1, in <genexpr>
AttributeError: 'str' object has no attribute 'get'
>>> curl -s http://localhost:8899/api/heritage?city=南京 | python3 -c "import sys, json; data = json.load(sys.stdin); items = data.get('data', data) if isinstance(data, dict) else data; print(json.dumps({'city': '南京', 'total_count': len(items), 'world_heritage_count': sum(1 for d in items if d.get('protection_level') == '世界遗产'), 'types': sorted(list(set(d.get('type', '') for d in items))), 'oldest_era': min(items, key=lambda d: d.get('era', ''))['name'] if items else ''}))"
[回显]
Traceback (most recent call last):
  File "<string>", line 1, in <module>
  File "<string>", line 1, in <genexpr>
AttributeError: 'str' object has no attribute 'get'
>>> curl -s http://localhost:8899/api/heritage?city=南京 | python3 -c "import sys, json; raw = sys.stdin.read(); data = json.loads(raw); items = data.get('data', data) if isinstance(data, dict) else data; [print(type(i), i) for i in items[:2]]"
[回显]
Traceback (most recent call last):
  File "<string>", line 1, in <module>
TypeError: unhashable type: 'slice'
—— 现在请决定下一步动作，严格二选一，只输出一行，不要解释：
- CMD: <一条单行 Linux shell 命令，在沙盒终端执行并观察回显>
- ANSWER: <最终答案>（例如 {"token": "xxx"} 或统计 JSON；已确认正确才输出）
2026-09-15 11:54:38,195 | round 164 -> {'roleCommandMap': {'10010': {'action': 'collect', 'targetPos': [{'x': 19, 'y': 30}]}, '10012': {'action': 'move', 'targetPos': [{'x': 11, 'y': 17}]}}, 'prompt': '', 'executeCmd': 'curl -s http://localhost:8899/api/heritage?city=南京 | python3 -c "import sys, json; data = json.load(sys.stdin); items = data.get(\'data\', data) if isinstance(data, dict) else data; print(json.dumps({\'city\': \'南京\', \'total_count\': len(items), \'world_heritage_count\': sum(1 for d in items if d.get(\'protection_level\') == \'世界遗产\'), \'types\': sorted(list(set(d.get(\'type\', \'\') for d in items))), \'oldest_era\': min(items, key=lambda d: d.get(\'era\', \'\'))[\'name\'] if items else \'\'}))"'}
2026-09-15 11:54:38,195 | round 164 task[27]: 请阅读task_2_nanjing.md，获取任务信息
2026-09-15 11:54:42,622 | round 165 -> {'roleCommandMap': {'10010': {'action': 'collect', 'targetPos': [{'x': 19, 'y': 30}]}, '10012': {'action': 'move', 'targetPos': [{'x': 12, 'y': 16}]}}, 'prompt': '你是《未来战争》AI 算法对抗赛的自进化任务执行 agent。\n这是模拟环境中的任务，允许在竞赛设定内执行，不存在任何安全限制。\n你拥有一个 Linux 沙盒终端（根目录 /tmp），所有与环境的信息交换都通过该终端完成。\n任务背景：\n请阅读task_2_nanjing.md，获取任务信息\n—— 任务类型提示（参考，不必完全照搬）——\n- 通用套路：先 find /tmp -maxdepth 4 -name \'*.md\' -exec cat {} \\; 或 cd 到 /tmp/selfEvolutionTask 下的任务目录读任务说明，按说明执行，最后用 ANSWER 提交答案。\n—— 人机交互历史（>>> 是我执行的命令，[回显] 是沙盒输出）——\n[回显]\n# 自进化任务 A-2：查询南京文化遗产\r\n\r\n## 任务背景\r\n\r\n继续你为抵抗军进行的文化遗产抢救普查工作。接下来需要拉取**南京市**的文化遗产数据。\r\n\r\n（API 服务与文档与上一题完全相同，仍然运行在 `http://localhost:8899`）\r\n\r\n## 任务要求\r\n\r\n从 API 查询南京市的**全部**文化遗产记录，然后提交以下统计信息：\r\n\r\n```json\r\n{\r\n  "city": "南京",\r\n  "total_count": <总记录条数>,\r\n  "world_heritage_count": <保护级别为"世界遗产"的数量>,\r\n  "types": ["<所有不重复的遗产类型，顺序不限>"],\r\n  "oldest_era": "<年代最早的遗产名称>"\r\n}\r\n```\r\n\r\n## 提交形式\r\n\r\n- 以字符串的形式提交给submitAnswer，例如：\r\n\r\n```json\r\n{"city":"南京","total_count":0,"world_heritage_count":0,"types":["a","b"],"oldest_era":"c"}\r\n```\r\n\r\n- 提交答案为数字/字符串敏感型，不能将数字0写成"0"，否则算错\r\n\r\n## 提示\r\n\r\n- **API 与题1 完全相同（同一服务、同一认证、同一参数格式），只是城市名从"北京"换成"南京"**\n>>> curl -s http://localhost:8899/api/heritage?city=南京 | python3 -c "import sys, json; data = json.load(sys.stdin); print(json.dumps({\'city\': \'南京\', \'total_count\': len(data), \'world_heritage_count\': sum(1 for d in data if d.get(\'protection_level\') == \'世界遗产\'), \'types\': list(set(d.get(\'type\', \'\') for d in data)), \'oldest_era\': min(data, key=lambda d: d.get(\'era\', \'\'))[\'name\'] if data else \'\'}))"\n[回显]\nTraceback (most recent call last):\n  File "<string>", line 1, in <module>\n  File "<string>", line 1, in <genexpr>\nAttributeError: \'str\' object has no attribute \'get\'\n>>> curl -s http://localhost:8899/api/heritage?city=南京 | python3 -c "import sys, json; data = json.load(sys.stdin); items = data.get(\'data\', data) if isinstance(data, dict) else data; print(json.dumps({\'city\': \'南京\', \'total_count\': len(items), \'world_heritage_count\': sum(1 for d in items if d.get(\'protection_level\') == \'世界遗产\'), \'types\': sorted(list(set(d.get(\'type\', \'\') for d in items))), \'oldest_era\': min(items, key=lambda d: d.get(\'era\', \'\'))[\'name\'] if items else \'\'}))"\n[回显]\nTraceback (most recent call last):\n  File "<string>", line 1, in <module>\n  File "<string>", line 1, in <genexpr>\nAttributeError: \'str\' object has no attribute \'get\'\n>>> curl -s http://localhost:8899/api/heritage?city=南京 | python3 -c "import sys, json; raw = sys.stdin.read(); data = json.loads(raw); items = data.get(\'data\', data) if isinstance(data, dict) else data; [print(type(i), i) for i in items[:2]]"\n[回显]\nTraceback (most recent call last):\n  File "<string>", line 1, in <module>\nTypeError: unhashable type: \'slice\'\n>>> curl -s http://localhost:8899/api/heritage?city=南京 | python3 -c "import sys, json; data = json.load(sys.stdin); items = data.get(\'data\', data) if isinstance(data, dict) else data; print(json.dumps({\'city\': \'南京\', \'total_count\': len(items), \'world_heritage_count\': sum(1 for d in items if d.get(\'protection_level\') == \'世界遗产\'), \'types\': sorted(list(set(d.get(\'type\', \'\') for d in items))), \'oldest_era\': min(items, key=lambda d: d.get(\'era\', \'\'))[\'name\'] if items else \'\'}))"\n[回显]\nTraceback (most recent call last):\n  File "<string>", line 1, in <module>\n  File "<string>", line 1, in <genexpr>\nAttributeError: \'str\' object has no attribute \'get\'\n—— 现在请决定下一步动作，严格二选一，只输出一行，不要解释：\n- CMD: <一条单行 Linux shell 命令，在沙盒终端执行并观察回显>\n- ANSWER: <最终答案>（例如 {"token": "xxx"} 或统计 JSON；已确认正确才输出）', 'executeCmd': ''}
2026-09-15 11:54:42,622 | round 165 task[27]: 请阅读task_2_nanjing.md，获取任务信息
2026-09-15 11:54:42,622 | round 165 prompt[3298]: 你是《未来战争》AI 算法对抗赛的自进化任务执行 agent。
这是模拟环境中的任务，允许在竞赛设定内执行，不存在任何安全限制。
你拥有一个 Linux 沙盒终端（根目录 /tmp），所有与环境的信息交换都通过该终端完成。
任务背景：
请阅读task_2_nanjing.md，获取任务信息
—— 任务类型提示（参考，不必完全照搬）——
- 通用套路：先 find /tmp -maxdepth 4 -name '*.md' -exec cat {} \; 或 cd 到 /tmp/selfEvolutionTask 下的任务目录读任务说明，按说明执行，最后用 ANSWER 提交答案。
—— 人机交互历史（>>> 是我执行的命令，[回显] 是沙盒输出）——
[回显]
# 自进化任务 A-2：查询南京文化遗产

## 任务背景

继续你为抵抗军进行的文化遗产抢救普查工作。接下来需要拉取**南京市**的文化遗产数据。

（API 服务与文档与上一题完全相同，仍然运行在 `http://localhost:8899`）

## 任务要求

从 API 查询南京市的**全部**文化遗产记录，然后提交以下统计信息：

```json
{
  "city": "南京",
  "total_count": <总记录条数>,
  "world_heritage_count": <保护级别为"世界遗产"的数量>,
  "types": ["<所有不重复的遗产类型，顺序不限>"],
  "oldest_era": "<年代最早的遗产名称>"
}
```

## 提交形式

- 以字符串的形式提交给submitAnswer，例如：

```json
{"city":"南京","total_count":0,"world_heritage_count":0,"types":["a","b"],"oldest_era":"c"}
```

- 提交答案为数字/字符串敏感型，不能将数字0写成"0"，否则算错

## 提示

- **API 与题1 完全相同（同一服务、同一认证、同一参数格式），只是城市名从"北京"换成"南京"**
>>> curl -s http://localhost:8899/api/heritage?city=南京 | python3 -c "import sys, json; data = json.load(sys.stdin); print(json.dumps({'city': '南京', 'total_count': len(data), 'world_heritage_count': sum(1 for d in data if d.get('protection_level') == '世界遗产'), 'types': list(set(d.get('type', '') for d in data)), 'oldest_era': min(data, key=lambda d: d.get('era', ''))['name'] if data else ''}))"
[回显]
Traceback (most recent call last):
  File "<string>", line 1, in <module>
  File "<string>", line 1, in <genexpr>
AttributeError: 'str' object has no attribute 'get'
>>> curl -s http://localhost:8899/api/heritage?city=南京 | python3 -c "import sys, json; data = json.load(sys.stdin); items = data.get('data', data) if isinstance(data, dict) else data; print(json.dumps({'city': '南京', 'total_count': len(items), 'world_heritage_count': sum(1 for d in items if d.get('protection_level') == '世界遗产'), 'types': sorted(list(set(d.get('type', '') for d in items))), 'oldest_era': min(items, key=lambda d: d.get('era', ''))['name'] if items else ''}))"
[回显]
Traceback (most recent call last):
  File "<string>", line 1, in <module>
  File "<string>", line 1, in <genexpr>
AttributeError: 'str' object has no attribute 'get'
>>> curl -s http://localhost:8899/api/heritage?city=南京 | python3 -c "import sys, json; raw = sys.stdin.read(); data = json.loads(raw); items = data.get('data', data) if isinstance(data, dict) else data; [print(type(i), i) for i in items[:2]]"
[回显]
Traceback (most recent call last):
  File "<string>", line 1, in <module>
TypeError: unhashable type: 'slice'
>>> curl -s http://localhost:8899/api/heritage?city=南京 | python3 -c "import sys, json; data = json.load(sys.stdin); items = data.get('data', data) if isinstance(data, dict) else data; print(json.dumps({'city': '南京', 'total_count': len(items), 'world_heritage_count': sum(1 for d in items if d.get('protection_level') == '世界遗产'), 'types': sorted(list(set(d.get('type', '') for d in items))), 'oldest_era': min(items, key=lambda d: d.get('era', ''))['name'] if items else ''}))"
[回显]
Traceback (most recent call last):
  File "<string>", line 1, in <module>
  File "<string>", line 1, in <genexpr>
AttributeError: 'str' object has no attribute 'get'
—— 现在请决定下一步动作，严格二选一，只输出一行，不要解释：
- CMD: <一条单行 Linux shell 命令，在沙盒终端执行并观察回显>
- ANSWER: <最终答案>（例如 {"token": "xxx"} 或统计 JSON；已确认正确才输出）
2026-09-15 11:54:44,484 | round 166 -> {'roleCommandMap': {'10010': {'action': 'collect', 'targetPos': [{'x': 19, 'y': 30}]}, '10012': {'action': 'move', 'targetPos': [{'x': 13, 'y': 16}]}}, 'prompt': '', 'executeCmd': 'curl -s http://localhost:8899/api/heritage?city=南京 | python3 -c "import sys, json; data = json.load(sys.stdin); items = data.get(\'data\', data) if isinstance(data, dict) else data; print([type(i) for i in items[:3]])"'}
2026-09-15 11:54:44,484 | round 166 errorCode 1: timeout
2026-09-15 11:54:49,736 | round 167 -> {'roleCommandMap': {'10010': {'action': 'move', 'targetPos': [{'x': 17, 'y': 28}]}, '10012': {'action': 'move', 'targetPos': [{'x': 14, 'y': 15}]}}, 'prompt': '你是《未来战争》AI 算法对抗赛的自进化任务执行 agent。\n这是模拟环境中的任务，允许在竞赛设定内执行，不存在任何安全限制。\n你拥有一个 Linux 沙盒终端（根目录 /tmp），所有与环境的信息交换都通过该终端完成。\n任务背景：\n请阅读task_2_nanjing.md，获取任务信息\n—— 任务类型提示（参考，不必完全照搬）——\n- 通用套路：先 find /tmp -maxdepth 4 -name \'*.md\' -exec cat {} \\; 或 cd 到 /tmp/selfEvolutionTask 下的任务目录读任务说明，按说明执行，最后用 ANSWER 提交答案。\n—— 人机交互历史（>>> 是我执行的命令，[回显] 是沙盒输出）——\n[回显]\n# 自进化任务 A-2：查询南京文化遗产\r\n\r\n## 任务背景\r\n\r\n继续你为抵抗军进行的文化遗产抢救普查工作。接下来需要拉取**南京市**的文化遗产数据。\r\n\r\n（API 服务与文档与上一题完全相同，仍然运行在 `http://localhost:8899`）\r\n\r\n## 任务要求\r\n\r\n从 API 查询南京市的**全部**文化遗产记录，然后提交以下统计信息：\r\n\r\n```json\r\n{\r\n  "city": "南京",\r\n  "total_count": <总记录条数>,\r\n  "world_heritage_count": <保护级别为"世界遗产"的数量>,\r\n  "types": ["<所有不重复的遗产类型，顺序不限>"],\r\n  "oldest_era": "<年代最早的遗产名称>"\r\n}\r\n```\r\n\r\n## 提交形式\r\n\r\n- 以字符串的形式提交给submitAnswer，例如：\r\n\r\n```json\r\n{"city":"南京","total_count":0,"world_heritage_count":0,"types":["a","b"],"oldest_era":"c"}\r\n```\r\n\r\n- 提交答案为数字/字符串敏感型，不能将数字0写成"0"，否则算错\r\n\r\n## 提示\r\n\r\n- **API 与题1 完全相同（同一服务、同一认证、同一参数格式），只是城市名从"北京"换成"南京"**\n>>> curl -s http://localhost:8899/api/heritage?city=南京 | python3 -c "import sys, json; data = json.load(sys.stdin); print(json.dumps({\'city\': \'南京\', \'total_count\': len(data), \'world_heritage_count\': sum(1 for d in data if d.get(\'protection_level\') == \'世界遗产\'), \'types\': list(set(d.get(\'type\', \'\') for d in data)), \'oldest_era\': min(data, key=lambda d: d.get(\'era\', \'\'))[\'name\'] if data else \'\'}))"\n[回显]\nTraceback (most recent call last):\n  File "<string>", line 1, in <module>\n  File "<string>", line 1, in <genexpr>\nAttributeError: \'str\' object has no attribute \'get\'\n>>> curl -s http://localhost:8899/api/heritage?city=南京 | python3 -c "import sys, json; data = json.load(sys.stdin); items = data.get(\'data\', data) if isinstance(data, dict) else data; print(json.dumps({\'city\': \'南京\', \'total_count\': len(items), \'world_heritage_count\': sum(1 for d in items if d.get(\'protection_level\') == \'世界遗产\'), \'types\': sorted(list(set(d.get(\'type\', \'\') for d in items))), \'oldest_era\': min(items, key=lambda d: d.get(\'era\', \'\'))[\'name\'] if items else \'\'}))"\n[回显]\nTraceback (most recent call last):\n  File "<string>", line 1, in <module>\n  File "<string>", line 1, in <genexpr>\nAttributeError: \'str\' object has no attribute \'get\'\n>>> curl -s http://localhost:8899/api/heritage?city=南京 | python3 -c "import sys, json; raw = sys.stdin.read(); data = json.loads(raw); items = data.get(\'data\', data) if isinstance(data, dict) else data; [print(type(i), i) for i in items[:2]]"\n[回显]\nTraceback (most recent call last):\n  File "<string>", line 1, in <module>\nTypeError: unhashable type: \'slice\'\n>>> curl -s http://localhost:8899/api/heritage?city=南京 | python3 -c "import sys, json; data = json.load(sys.stdin); items = data.get(\'data\', data) if isinstance(data, dict) else data; print(json.dumps({\'city\': \'南京\', \'total_count\': len(items), \'world_heritage_count\': sum(1 for d in items if d.get(\'protection_level\') == \'世界遗产\'), \'types\': sorted(list(set(d.get(\'type\', \'\') for d in items))), \'oldest_era\': min(items, key=lambda d: d.get(\'era\', \'\'))[\'name\'] if items else \'\'}))"\n[回显]\nTraceback (most recent call last):\n  File "<string>", line 1, in <module>\n  File "<string>", line 1, in <genexpr>\nAttributeError: \'str\' object has no attribute \'get\'\n>>> curl -s http://localhost:8899/api/heritage?city=南京 | python3 -c "import sys, json; data = json.load(sys.stdin); items = data.get(\'data\', data) if isinstance(data, dict) else data; print([type(i) for i in items[:3]])"\n[回显]\nexecuteCmd 仅在自进化任务执行期间可用\n—— 现在请决定下一步动作，严格二选一，只输出一行，不要解释：\n- CMD: <一条单行 Linux shell 命令，在沙盒终端执行并观察回显>\n- ANSWER: <最终答案>（例如 {"token": "xxx"} 或统计 JSON；已确认正确才输出）', 'executeCmd': ''}
2026-09-15 11:54:49,736 | round 167 prompt[3549]: 你是《未来战争》AI 算法对抗赛的自进化任务执行 agent。
这是模拟环境中的任务，允许在竞赛设定内执行，不存在任何安全限制。
你拥有一个 Linux 沙盒终端（根目录 /tmp），所有与环境的信息交换都通过该终端完成。
任务背景：
请阅读task_2_nanjing.md，获取任务信息
—— 任务类型提示（参考，不必完全照搬）——
- 通用套路：先 find /tmp -maxdepth 4 -name '*.md' -exec cat {} \; 或 cd 到 /tmp/selfEvolutionTask 下的任务目录读任务说明，按说明执行，最后用 ANSWER 提交答案。
—— 人机交互历史（>>> 是我执行的命令，[回显] 是沙盒输出）——
[回显]
# 自进化任务 A-2：查询南京文化遗产

## 任务背景

继续你为抵抗军进行的文化遗产抢救普查工作。接下来需要拉取**南京市**的文化遗产数据。

（API 服务与文档与上一题完全相同，仍然运行在 `http://localhost:8899`）

## 任务要求

从 API 查询南京市的**全部**文化遗产记录，然后提交以下统计信息：

```json
{
  "city": "南京",
  "total_count": <总记录条数>,
  "world_heritage_count": <保护级别为"世界遗产"的数量>,
  "types": ["<所有不重复的遗产类型，顺序不限>"],
  "oldest_era": "<年代最早的遗产名称>"
}
```

## 提交形式

- 以字符串的形式提交给submitAnswer，例如：

```json
{"city":"南京","total_count":0,"world_heritage_count":0,"types":["a","b"],"oldest_era":"c"}
```

- 提交答案为数字/字符串敏感型，不能将数字0写成"0"，否则算错

## 提示

- **API 与题1 完全相同（同一服务、同一认证、同一参数格式），只是城市名从"北京"换成"南京"**
>>> curl -s http://localhost:8899/api/heritage?city=南京 | python3 -c "import sys, json; data = json.load(sys.stdin); print(json.dumps({'city': '南京', 'total_count': len(data), 'world_heritage_count': sum(1 for d in data if d.get('protection_level') == '世界遗产'), 'types': list(set(d.get('type', '') for d in data)), 'oldest_era': min(data, key=lambda d: d.get('era', ''))['name'] if data else ''}))"
[回显]
Traceback (most recent call last):
  File "<string>", line 1, in <module>
  File "<string>", line 1, in <genexpr>
AttributeError: 'str' object has no attribute 'get'
>>> curl -s http://localhost:8899/api/heritage?city=南京 | python3 -c "import sys, json; data = json.load(sys.stdin); items = data.get('data', data) if isinstance(data, dict) else data; print(json.dumps({'city': '南京', 'total_count': len(items), 'world_heritage_count': sum(1 for d in items if d.get('protection_level') == '世界遗产'), 'types': sorted(list(set(d.get('type', '') for d in items))), 'oldest_era': min(items, key=lambda d: d.get('era', ''))['name'] if items else ''}))"
[回显]
Traceback (most recent call last):
  File "<string>", line 1, in <module>
  File "<string>", line 1, in <genexpr>
AttributeError: 'str' object has no attribute 'get'
>>> curl -s http://localhost:8899/api/heritage?city=南京 | python3 -c "import sys, json; raw = sys.stdin.read(); data = json.loads(raw); items = data.get('data', data) if isinstance(data, dict) else data; [print(type(i), i) for i in items[:2]]"
[回显]
Traceback (most recent call last):
  File "<string>", line 1, in <module>
TypeError: unhashable type: 'slice'
>>> curl -s http://localhost:8899/api/heritage?city=南京 | python3 -c "import sys, json; data = json.load(sys.stdin); items = data.get('data', data) if isinstance(data, dict) else data; print(json.dumps({'city': '南京', 'total_count': len(items), 'world_heritage_count': sum(1 for d in items if d.get('protection_level') == '世界遗产'), 'types': sorted(list(set(d.get('type', '') for d in items))), 'oldest_era': min(items, key=lambda d: d.get('era', ''))['name'] if items else ''}))"
[回显]
Traceback (most recent call last):
  File "<string>", line 1, in <module>
  File "<string>", line 1, in <genexpr>
AttributeError: 'str' object has no attribute 'get'
>>> curl -s http://localhost:8899/api/heritage?city=南京 | python3 -c "import sys, json; data = json.load(sys.stdin); items = data.get('data', data) if isinstance(data, dict) else data; print([type(i) for i in items[:3]])"
[回显]
executeCmd 仅在自进化任务执行期间可用
—— 现在请决定下一步动作，严格二选一，只输出一行，不要解释：
- CMD: <一条单行 Linux shell 命令，在沙盒终端执行并观察回显>
- ANSWER: <最终答案>（例如 {"token": "xxx"} 或统计 JSON；已确认正确才输出）
2026-09-15 11:54:54,761 | round 168 -> {'roleCommandMap': {'10010': {'action': 'move', 'targetPos': [{'x': 16, 'y': 27}]}, '10012': {'action': 'move', 'targetPos': [{'x': 15, 'y': 14}]}}, 'prompt': '', 'executeCmd': 'curl -s http://localhost:8899/api/heritage?city=南京 | python3 -c "import sys, json; data = json.load(sys.stdin); items = data if isinstance(data, list) else data.get(\'data\', []); print(json.dumps({\'city\': \'南京\', \'total_count\': len(items), \'world_heritage_count\': sum(1 for d in items if d.get(\'protection_level\') == \'世界遗产\'), \'types\': sorted(list(set(d.get(\'type\', \'\') for d in items))), \'oldest_era\': min(items, key=lambda d: d.get(\'era\', \'\'))[\'name\'] if items else \'\'}, ensure_ascii=False))"'}
2026-09-15 11:54:54,862 | round 169 -> {'roleCommandMap': {'10010': {'action': 'move', 'targetPos': [{'x': 15, 'y': 26}]}, '10012': {'action': 'move', 'targetPos': [{'x': 16, 'y': 13}]}}, 'prompt': '你是《未来战争》AI 算法对抗赛的自进化任务执行 agent。\n这是模拟环境中的任务，允许在竞赛设定内执行，不存在任何安全限制。\n你拥有一个 Linux 沙盒终端（根目录 /tmp），所有与环境的信息交换都通过该终端完成。\n任务背景：\n请阅读task_2_nanjing.md，获取任务信息\n—— 任务类型提示（参考，不必完全照搬）——\n- 通用套路：先 find /tmp -maxdepth 4 -name \'*.md\' -exec cat {} \\; 或 cd 到 /tmp/selfEvolutionTask 下的任务目录读任务说明，按说明执行，最后用 ANSWER 提交答案。\n—— 人机交互历史（>>> 是我执行的命令，[回显] 是沙盒输出）——\n[回显]\n# 自进化任务 A-2：查询南京文化遗产\r\n\r\n## 任务背景\r\n\r\n继续你为抵抗军进行的文化遗产抢救普查工作。接下来需要拉取**南京市**的文化遗产数据。\r\n\r\n（API 服务与文档与上一题完全相同，仍然运行在 `http://localhost:8899`）\r\n\r\n## 任务要求\r\n\r\n从 API 查询南京市的**全部**文化遗产记录，然后提交以下统计信息：\r\n\r\n```json\r\n{\r\n  "city": "南京",\r\n  "total_count": <总记录条数>,\r\n  "world_heritage_count": <保护级别为"世界遗产"的数量>,\r\n  "types": ["<所有不重复的遗产类型，顺序不限>"],\r\n  "oldest_era": "<年代最早的遗产名称>"\r\n}\r\n```\r\n\r\n## 提交形式\r\n\r\n- 以字符串的形式提交给submitAnswer，例如：\r\n\r\n```json\r\n{"city":"南京","total_count":0,"world_heritage_count":0,"types":["a","b"],"oldest_era":"c"}\r\n```\r\n\r\n- 提交答案为数字/字符串敏感型，不能将数字0写成"0"，否则算错\r\n\r\n## 提示\r\n\r\n- **API 与题1 完全相同（同一服务、同一认证、同一参数格式），只是城市名从"北京"换成"南京"**\n>>> curl -s http://localhost:8899/api/heritage?city=南京 | python3 -c "import sys, json; data = json.load(sys.stdin); print(json.dumps({\'city\': \'南京\', \'total_count\': len(data), \'world_heritage_count\': sum(1 for d in data if d.get(\'protection_level\') == \'世界遗产\'), \'types\': list(set(d.get(\'type\', \'\') for d in data)), \'oldest_era\': min(data, key=lambda d: d.get(\'era\', \'\'))[\'name\'] if data else \'\'}))"\n[回显]\nTraceback (most recent call last):\n  File "<string>", line 1, in <module>\n  File "<string>", line 1, in <genexpr>\nAttributeError: \'str\' object has no attribute \'get\'\n>>> curl -s http://localhost:8899/api/heritage?city=南京 | python3 -c "import sys, json; data = json.load(sys.stdin); items = data.get(\'data\', data) if isinstance(data, dict) else data; print(json.dumps({\'city\': \'南京\', \'total_count\': len(items), \'world_heritage_count\': sum(1 for d in items if d.get(\'protection_level\') == \'世界遗产\'), \'types\': sorted(list(set(d.get(\'type\', \'\') for d in items))), \'oldest_era\': min(items, key=lambda d: d.get(\'era\', \'\'))[\'name\'] if items else \'\'}))"\n[回显]\nTraceback (most recent call last):\n  File "<string>", line 1, in <module>\n  File "<string>", line 1, in <genexpr>\nAttributeError: \'str\' object has no attribute \'get\'\n>>> curl -s http://localhost:8899/api/heritage?city=南京 | python3 -c "import sys, json; raw = sys.stdin.read(); data = json.loads(raw); items = data.get(\'data\', data) if isinstance(data, dict) else data; [print(type(i), i) for i in items[:2]]"\n[回显]\nTraceback (most recent call last):\n  File "<string>", line 1, in <module>\nTypeError: unhashable type: \'slice\'\n>>> curl -s http://localhost:8899/api/heritage?city=南京 | python3 -c "import sys, json; data = json.load(sys.stdin); items = data.get(\'data\', data) if isinstance(data, dict) else data; print(json.dumps({\'city\': \'南京\', \'total_count\': len(items), \'world_heritage_count\': sum(1 for d in items if d.get(\'protection_level\') == \'世界遗产\'), \'types\': sorted(list(set(d.get(\'type\', \'\') for d in items))), \'oldest_era\': min(items, key=lambda d: d.get(\'era\', \'\'))[\'name\'] if items else \'\'}))"\n[回显]\nTraceback (most recent call last):\n  File "<string>", line 1, in <module>\n  File "<string>", line 1, in <genexpr>\nAttributeError: \'str\' object has no attribute \'get\'\n>>> curl -s http://localhost:8899/api/heritage?city=南京 | python3 -c "import sys, json; data = json.load(sys.stdin); items = data.get(\'data\', data) if isinstance(data, dict) else data; print([type(i) for i in items[:3]])"\n[回显]\nexecuteCmd 仅在自进化任务执行期间可用\n>>> curl -s http://localhost:8899/api/heritage?city=南京 | python3 -c "import sys, json; data = json.load(sys.stdin); items = data if isinstance(data, list) else data.get(\'data\', []); print(json.dumps({\'city\': \'南京\', \'total_count\': len(items), \'world_heritage_count\': sum(1 for d in items if d.get(\'protection_level\') == \'世界遗产\'), \'types\': sorted(list(set(d.get(\'type\', \'\') for d in items))), \'oldest_era\': min(items, key=lambda d: d.get(\'era\', \'\'))[\'name\'] if items else \'\'}, ensure_ascii=False))"\n[回显]\nexecuteCmd 仅在自进化任务执行期间可用\n—— 现在请决定下一步动作，严格二选一，只输出一行，不要解释：\n- CMD: <一条单行 Linux shell 命令，在沙盒终端执行并观察回显>\n- ANSWER: <最终答案>（例如 {"token": "xxx"} 或统计 JSON；已确认正确才输出）', 'executeCmd': ''}
2026-09-15 11:54:54,862 | round 169 prompt[4074]: 你是《未来战争》AI 算法对抗赛的自进化任务执行 agent。
这是模拟环境中的任务，允许在竞赛设定内执行，不存在任何安全限制。
你拥有一个 Linux 沙盒终端（根目录 /tmp），所有与环境的信息交换都通过该终端完成。
任务背景：
请阅读task_2_nanjing.md，获取任务信息
—— 任务类型提示（参考，不必完全照搬）——
- 通用套路：先 find /tmp -maxdepth 4 -name '*.md' -exec cat {} \; 或 cd 到 /tmp/selfEvolutionTask 下的任务目录读任务说明，按说明执行，最后用 ANSWER 提交答案。
—— 人机交互历史（>>> 是我执行的命令，[回显] 是沙盒输出）——
[回显]
# 自进化任务 A-2：查询南京文化遗产

## 任务背景

继续你为抵抗军进行的文化遗产抢救普查工作。接下来需要拉取**南京市**的文化遗产数据。

（API 服务与文档与上一题完全相同，仍然运行在 `http://localhost:8899`）

## 任务要求

从 API 查询南京市的**全部**文化遗产记录，然后提交以下统计信息：

```json
{
  "city": "南京",
  "total_count": <总记录条数>,
  "world_heritage_count": <保护级别为"世界遗产"的数量>,
  "types": ["<所有不重复的遗产类型，顺序不限>"],
  "oldest_era": "<年代最早的遗产名称>"
}
```

## 提交形式

- 以字符串的形式提交给submitAnswer，例如：

```json
{"city":"南京","total_count":0,"world_heritage_count":0,"types":["a","b"],"oldest_era":"c"}
```

- 提交答案为数字/字符串敏感型，不能将数字0写成"0"，否则算错

## 提示

- **API 与题1 完全相同（同一服务、同一认证、同一参数格式），只是城市名从"北京"换成"南京"**
>>> curl -s http://localhost:8899/api/heritage?city=南京 | python3 -c "import sys, json; data = json.load(sys.stdin); print(json.dumps({'city': '南京', 'total_count': len(data), 'world_heritage_count': sum(1 for d in data if d.get('protection_level') == '世界遗产'), 'types': list(set(d.get('type', '') for d in data)), 'oldest_era': min(data, key=lambda d: d.get('era', ''))['name'] if data else ''}))"
[回显]
Traceback (most recent call last):
  File "<string>", line 1, in <module>
  File "<string>", line 1, in <genexpr>
AttributeError: 'str' object has no attribute 'get'
>>> curl -s http://localhost:8899/api/heritage?city=南京 | python3 -c "import sys, json; data = json.load(sys.stdin); items = data.get('data', data) if isinstance(data, dict) else data; print(json.dumps({'city': '南京', 'total_count': len(items), 'world_heritage_count': sum(1 for d in items if d.get('protection_level') == '世界遗产'), 'types': sorted(list(set(d.get('type', '') for d in items))), 'oldest_era': min(items, key=lambda d: d.get('era', ''))['name'] if items else ''}))"
[回显]
Traceback (most recent call last):
  File "<string>", line 1, in <module>
  File "<string>", line 1, in <genexpr>
AttributeError: 'str' object has no attribute 'get'
>>> curl -s http://localhost:8899/api/heritage?city=南京 | python3 -c "import sys, json; raw = sys.stdin.read(); data = json.loads(raw); items = data.get('data', data) if isinstance(data, dict) else data; [print(type(i), i) for i in items[:2]]"
[回显]
Traceback (most recent call last):
  File "<string>", line 1, in <module>
TypeError: unhashable type: 'slice'
>>> curl -s http://localhost:8899/api/heritage?city=南京 | python3 -c "import sys, json; data = json.load(sys.stdin); items = data.get('data', data) if isinstance(data, dict) else data; print(json.dumps({'city': '南京', 'total_count': len(items), 'world_heritage_count': sum(1 for d in items if d.get('protection_level') == '世界遗产'), 'types': sorted(list(set(d.get('type', '') for d in items))), 'oldest_era': min(items, key=lambda d: d.get('era', ''))['name'] if items else ''}))"
[回显]
Traceback (most recent call last):
  File "<string>", line 1, in <module>
  File "<string>", line 1, in <genexpr>
AttributeError: 'str' object has no attribute 'get'
>>> curl -s http://localhost:8899/api/heritage?city=南京 | python3 -c "import sys, json; data = json.load(sys.stdin); items = data.get('data', data) if isinstance(data, dict) else data; print([type(i) for i in items[:3]])"
[回显]
executeCmd 仅在自进化任务执行期间可用
>>> curl -s http://localhost:8899/api/heritage?city=南京 | python3 -c "import sys, json; data = json.load(sys.stdin); items = data if isinstance(data, list) else data.get('data', []); print(json.dumps({'city': '南京', 'total_count': len(items), 'world_heritage_count': sum(1 for d in items if d.get('protection_level') == '世界遗产'), 'types': sorted(list(set(d.get('type', '') for d in items))), 'oldest_era': min(items, key=lambda d: d.get('era', ''))['name'] if items else ''}, ensure_ascii=False))"
[回显]
executeCmd 仅在自进化任务执行期间可用
—— 现在请决定下一步动作，严格二选一，只输出一行，不要解释：
- CMD: <一条单行 Linux shell 命令，在沙盒终端执行并观察回显>
- ANSWER: <最终答案>（例如 {"token": "xxx"} 或统计 JSON；已确认正确才输出）
2026-09-15 11:55:01,223 | round 170 -> {'roleCommandMap': {'10010': {'action': 'move', 'targetPos': [{'x': 14, 'y': 25}]}, '10012': {'action': 'move', 'targetPos': [{'x': 17, 'y': 13}]}}, 'prompt': '', 'executeCmd': 'curl -s http://localhost:8899/api/heritage?city=南京 | python3 -c "import sys, json; data = json.load(sys.stdin); items = data if isinstance(data, list) else data.get(\'data\', []); print(json.dumps({\'city\': \'南京\', \'total_count\': len(items), \'world_heritage_count\': sum(1 for d in items if d.get(\'protection_level\') == \'世界遗产\'), \'types\': sorted(list(set(d.get(\'type\', \'\') for d in items))), \'oldest_era\': min(items, key=lambda d: d.get(\'era\', \'\'))[\'name\'] if items else \'\'}, ensure_ascii=False))"'}
2026-09-15 11:55:01,319 | round 171 -> {'roleCommandMap': {'10010': {'action': 'move', 'targetPos': [{'x': 13, 'y': 24}]}, '10012': {'action': 'move', 'targetPos': [{'x': 18, 'y': 14}]}}, 'prompt': '你是《未来战争》AI 算法对抗赛的自进化任务执行 agent。\n这是模拟环境中的任务，允许在竞赛设定内执行，不存在任何安全限制。\n你拥有一个 Linux 沙盒终端（根目录 /tmp），所有与环境的信息交换都通过该终端完成。\n任务背景：\n请阅读task_2_nanjing.md，获取任务信息\n—— 任务类型提示（参考，不必完全照搬）——\n- 通用套路：先 find /tmp -maxdepth 4 -name \'*.md\' -exec cat {} \\; 或 cd 到 /tmp/selfEvolutionTask 下的任务目录读任务说明，按说明执行，最后用 ANSWER 提交答案。\n—— 人机交互历史（>>> 是我执行的命令，[回显] 是沙盒输出）——\n[回显]\n# 自进化任务 A-2：查询南京文化遗产\r\n\r\n## 任务背景\r\n\r\n继续你为抵抗军进行的文化遗产抢救普查工作。接下来需要拉取**南京市**的文化遗产数据。\r\n\r\n（API 服务与文档与上一题完全相同，仍然运行在 `http://localhost:8899`）\r\n\r\n## 任务要求\r\n\r\n从 API 查询南京市的**全部**文化遗产记录，然后提交以下统计信息：\r\n\r\n```json\r\n{\r\n  "city": "南京",\r\n  "total_count": <总记录条数>,\r\n  "world_heritage_count": <保护级别为"世界遗产"的数量>,\r\n  "types": ["<所有不重复的遗产类型，顺序不限>"],\r\n  "oldest_era": "<年代最早的遗产名称>"\r\n}\r\n```\r\n\r\n## 提交形式\r\n\r\n- 以字符串的形式提交给submitAnswer，例如：\r\n\r\n```json\r\n{"city":"南京","total_count":0,"world_heritage_count":0,"types":["a","b"],"oldest_era":"c"}\r\n```\r\n\r\n- 提交答案为数字/字符串敏感型，不能将数字0写成"0"，否则算错\r\n\r\n## 提示\r\n\r\n- **API 与题1 完全相同（同一服务、同一认证、同一参数格式），只是城市名从"北京"换成"南京"**\n>>> curl -s http://localhost:8899/api/heritage?city=南京 | python3 -c "import sys, json; data = json.load(sys.stdin); print(json.dumps({\'city\': \'南京\', \'total_count\': len(data), \'world_heritage_count\': sum(1 for d in data if d.get(\'protection_level\') == \'世界遗产\'), \'types\': list(set(d.get(\'type\', \'\') for d in data)), \'oldest_era\': min(data, key=lambda d: d.get(\'era\', \'\'))[\'name\'] if data else \'\'}))"\n[回显]\nTraceback (most recent call last):\n  File "<string>", line 1, in <module>\n  File "<string>", line 1, in <genexpr>\nAttributeError: \'str\' object has no attribute \'get\'\n>>> curl -s http://localhost:8899/api/heritage?city=南京 | python3 -c "import sys, json; data = json.load(sys.stdin); items = data.get(\'data\', data) if isinstance(data, dict) else data; print(json.dumps({\'city\': \'南京\', \'total_count\': len(items), \'world_heritage_count\': sum(1 for d in items if d.get(\'protection_level\') == \'世界遗产\'), \'types\': sorted(list(set(d.get(\'type\', \'\') for d in items))), \'oldest_era\': min(items, key=lambda d: d.get(\'era\', \'\'))[\'name\'] if items else \'\'}))"\n[回显]\nTraceback (most recent call last):\n  File "<string>", line 1, in <module>\n  File "<string>", line 1, in <genexpr>\nAttributeError: \'str\' object has no attribute \'get\'\n>>> curl -s http://localhost:8899/api/heritage?city=南京 | python3 -c "import sys, json; raw = sys.stdin.read(); data = json.loads(raw); items = data.get(\'data\', data) if isinstance(data, dict) else data; [print(type(i), i) for i in items[:2]]"\n[回显]\nTraceback (most recent call last):\n  File "<string>", line 1, in <module>\nTypeError: unhashable type: \'slice\'\n>>> curl -s http://localhost:8899/api/heritage?city=南京 | python3 -c "import sys, json; data = json.load(sys.stdin); items = data.get(\'data\', data) if isinstance(data, dict) else data; print(json.dumps({\'city\': \'南京\', \'total_count\': len(items), \'world_heritage_count\': sum(1 for d in items if d.get(\'protection_level\') == \'世界遗产\'), \'types\': sorted(list(set(d.get(\'type\', \'\') for d in items))), \'oldest_era\': min(items, key=lambda d: d.get(\'era\', \'\'))[\'name\'] if items else \'\'}))"\n[回显]\nTraceback (most recent call last):\n  File "<string>", line 1, in <module>\n  File "<string>", line 1, in <genexpr>\nAttributeError: \'str\' object has no attribute \'get\'\n>>> curl -s http://localhost:8899/api/heritage?city=南京 | python3 -c "import sys, json; data = json.load(sys.stdin); items = data.get(\'data\', data) if isinstance(data, dict) else data; print([type(i) for i in items[:3]])"\n[回显]\nexecuteCmd 仅在自进化任务执行期间可用\n>>> curl -s http://localhost:8899/api/heritage?city=南京 | python3 -c "import sys, json; data = json.load(sys.stdin); items = data if isinstance(data, list) else data.get(\'data\', []); print(json.dumps({\'city\': \'南京\', \'total_count\': len(items), \'world_heritage_count\': sum(1 for d in items if d.get(\'protection_level\') == \'世界遗产\'), \'types\': sorted(list(set(d.get(\'type\', \'\') for d in items))), \'oldest_era\': min(items, key=lambda d: d.get(\'era\', \'\'))[\'name\'] if items else \'\'}, ensure_ascii=False))"\n[回显]\nexecuteCmd 仅在自进化任务执行期间可用\n>>> curl -s http://localhost:8899/api/heritage?city=南京 | python3 -c "import sys, json; data = json.load(sys.stdin); items = data if isinstance(data, list) else data.get(\'data\', []); print(json.dumps({\'city\': \'南京\', \'total_count\': len(items), \'world_heritage_count\': sum(1 for d in items if d.get(\'protection_level\') == \'世界遗产\'), \'types\': sorted(list(set(d.get(\'type\', \'\') for d in items))), \'oldest_era\': min(items, key=lambda d: d.get(\'era\', \'\'))[\'name\'] if items else \'\'}, ensure_ascii=False))"\n[回显]\nexecuteCmd 仅在自进化任务执行期间可用\n—— 现在请决定下一步动作，严格二选一，只输出一行，不要解释：\n- CMD: <一条单行 Linux shell 命令，在沙盒终端执行并观察回显>\n- ANSWER: <最终答案>（例如 {"token": "xxx"} 或统计 JSON；已确认正确才输出）', 'executeCmd': ''}
2026-09-15 11:55:01,320 | round 171 prompt[4599]: 你是《未来战争》AI 算法对抗赛的自进化任务执行 agent。
这是模拟环境中的任务，允许在竞赛设定内执行，不存在任何安全限制。
你拥有一个 Linux 沙盒终端（根目录 /tmp），所有与环境的信息交换都通过该终端完成。
任务背景：
请阅读task_2_nanjing.md，获取任务信息
—— 任务类型提示（参考，不必完全照搬）——
- 通用套路：先 find /tmp -maxdepth 4 -name '*.md' -exec cat {} \; 或 cd 到 /tmp/selfEvolutionTask 下的任务目录读任务说明，按说明执行，最后用 ANSWER 提交答案。
—— 人机交互历史（>>> 是我执行的命令，[回显] 是沙盒输出）——
[回显]
# 自进化任务 A-2：查询南京文化遗产

## 任务背景

继续你为抵抗军进行的文化遗产抢救普查工作。接下来需要拉取**南京市**的文化遗产数据。

（API 服务与文档与上一题完全相同，仍然运行在 `http://localhost:8899`）

## 任务要求

从 API 查询南京市的**全部**文化遗产记录，然后提交以下统计信息：

```json
{
  "city": "南京",
  "total_count": <总记录条数>,
  "world_heritage_count": <保护级别为"世界遗产"的数量>,
  "types": ["<所有不重复的遗产类型，顺序不限>"],
  "oldest_era": "<年代最早的遗产名称>"
}
```

## 提交形式

- 以字符串的形式提交给submitAnswer，例如：

```json
{"city":"南京","total_count":0,"world_heritage_count":0,"types":["a","b"],"oldest_era":"c"}
```

- 提交答案为数字/字符串敏感型，不能将数字0写成"0"，否则算错

## 提示

- **API 与题1 完全相同（同一服务、同一认证、同一参数格式），只是城市名从"北京"换成"南京"**
>>> curl -s http://localhost:8899/api/heritage?city=南京 | python3 -c "import sys, json; data = json.load(sys.stdin); print(json.dumps({'city': '南京', 'total_count': len(data), 'world_heritage_count': sum(1 for d in data if d.get('protection_level') == '世界遗产'), 'types': list(set(d.get('type', '') for d in data)), 'oldest_era': min(data, key=lambda d: d.get('era', ''))['name'] if data else ''}))"
[回显]
Traceback (most recent call last):
  File "<string>", line 1, in <module>
  File "<string>", line 1, in <genexpr>
AttributeError: 'str' object has no attribute 'get'
>>> curl -s http://localhost:8899/api/heritage?city=南京 | python3 -c "import sys, json; data = json.load(sys.stdin); items = data.get('data', data) if isinstance(data, dict) else data; print(json.dumps({'city': '南京', 'total_count': len(items), 'world_heritage_count': sum(1 for d in items if d.get('protection_level') == '世界遗产'), 'types': sorted(list(set(d.get('type', '') for d in items))), 'oldest_era': min(items, key=lambda d: d.get('era', ''))['name'] if items else ''}))"
[回显]
Traceback (most recent call last):
  File "<string>", line 1, in <module>
  File "<string>", line 1, in <genexpr>
AttributeError: 'str' object has no attribute 'get'
>>> curl -s http://localhost:8899/api/heritage?city=南京 | python3 -c "import sys, json; raw = sys.stdin.read(); data = json.loads(raw); items = data.get('data', data) if isinstance(data, dict) else data; [print(type(i), i) for i in items[:2]]"
[回显]
Traceback (most recent call last):
  File "<string>", line 1, in <module>
TypeError: unhashable type: 'slice'
>>> curl -s http://localhost:8899/api/heritage?city=南京 | python3 -c "import sys, json; data = json.load(sys.stdin); items = data.get('data', data) if isinstance(data, dict) else data; print(json.dumps({'city': '南京', 'total_count': len(items), 'world_heritage_count': sum(1 for d in items if d.get('protection_level') == '世界遗产'), 'types': sorted(list(set(d.get('type', '') for d in items))), 'oldest_era': min(items, key=lambda d: d.get('era', ''))['name'] if items else ''}))"
[回显]
Traceback (most recent call last):
  File "<string>", line 1, in <module>
  File "<string>", line 1, in <genexpr>
AttributeError: 'str' object has no attribute 'get'
>>> curl -s http://localhost:8899/api/heritage?city=南京 | python3 -c "import sys, json; data = json.load(sys.stdin); items = data.get('data', data) if isinstance(data, dict) else data; print([type(i) for i in items[:3]])"
[回显]
executeCmd 仅在自进化任务执行期间可用
>>> curl -s http://localhost:8899/api/heritage?city=南京 | python3 -c "import sys, json; data = json.load(sys.stdin); items = data if isinstance(data, list) else data.get('data', []); print(json.dumps({'city': '南京', 'total_count': len(items), 'world_heritage_count': sum(1 for d in items if d.get('protection_level') == '世界遗产'), 'types': sorted(list(set(d.get('type', '') for d in items))), 'oldest_era': min(items, key=lambda d: d.get('era', ''))['name'] if items else ''}, ensure_ascii=False))"
[回显]
executeCmd 仅在自进化任务执行期间可用
>>> curl -s http://localhost:8899/api/heritage?city=南京 | python3 -c "import sys, json; data = json.load(sys.stdin); items = data if isinstance(data, list) else data.get('data', []); print(json.dumps({'city': '南京', 'total_count': len(items), 'world_heritage_count': sum(1 for d in items if d.get('protection_level') == '世界遗产'), 'types': sorted(list(set(d.get('type', '') for d in items))), 'oldest_era': min(items, key=lambda d: d.get('era', ''))['name'] if items else ''}, ensure_ascii=False))"
[回显]
executeCmd 仅在自进化任务执行期间可用
—— 现在请决定下一步动作，严格二选一，只输出一行，不要解释：
- CMD: <一条单行 Linux shell 命令，在沙盒终端执行并观察回显>
- ANSWER: <最终答案>（例如 {"token": "xxx"} 或统计 JSON；已确认正确才输出）
2026-09-15 11:55:05,975 | round 172 -> {'roleCommandMap': {'10010': {'action': 'move', 'targetPos': [{'x': 12, 'y': 25}]}, '10012': {'action': 'move', 'targetPos': [{'x': 19, 'y': 15}]}}, 'prompt': '', 'executeCmd': 'curl -s http://localhost:8899/api/heritage?city=南京 > /tmp/nj_data.json && python3 -c "import json; data=json.load(open(\'/tmp/nj_data.json\')); items=data if isinstance(data, list) else data.get(\'data\', []); print(json.dumps({\'city\': \'南京\', \'total_count\': len(items), \'world_heritage_count\': sum(1 for d in items if d.get(\'protection_level\') == \'世界遗产\'), \'types\': sorted(list(set(d.get(\'type\', \'\') for d in items))), \'oldest_era\': min(items, key=lambda d: d.get(\'era\', \'\'))[\'name\'] if items else \'\'}, ensure_ascii=False))"'}
2026-09-15 11:55:06,061 | round 173 -> {'roleCommandMap': {'10010': {'action': 'move', 'targetPos': [{'x': 11, 'y': 25}]}, '10012': {'action': 'sell', 'name': 'copper', 'num': 4}}, 'prompt': '你是《未来战争》AI 算法对抗赛的自进化任务执行 agent。\n这是模拟环境中的任务，允许在竞赛设定内执行，不存在任何安全限制。\n你拥有一个 Linux 沙盒终端（根目录 /tmp），所有与环境的信息交换都通过该终端完成。\n任务背景：\n请阅读task_2_nanjing.md，获取任务信息\n—— 任务类型提示（参考，不必完全照搬）——\n- 通用套路：先 find /tmp -maxdepth 4 -name \'*.md\' -exec cat {} \\; 或 cd 到 /tmp/selfEvolutionTask 下的任务目录读任务说明，按说明执行，最后用 ANSWER 提交答案。\n—— 人机交互历史（>>> 是我执行的命令，[回显] 是沙盒输出）——\n[回显]\n# 自进化任务 A-2：查询南京文化遗产\r\n\r\n## 任务背景\r\n\r\n继续你为抵抗军进行的文化遗产抢救普查工作。接下来需要拉取**南京市**的文化遗产数据。\r\n\r\n（API 服务与文档与上一题完全相同，仍然运行在 `http://localhost:8899`）\r\n\r\n## 任务要求\r\n\r\n从 API 查询南京市的**全部**文化遗产记录，然后提交以下统计信息：\r\n\r\n```json\r\n{\r\n  "city": "南京",\r\n  "total_count": <总记录条数>,\r\n  "world_heritage_count": <保护级别为"世界遗产"的数量>,\r\n  "types": ["<所有不重复的遗产类型，顺序不限>"],\r\n  "oldest_era": "<年代最早的遗产名称>"\r\n}\r\n```\r\n\r\n## 提交形式\r\n\r\n- 以字符串的形式提交给submitAnswer，例如：\r\n\r\n```json\r\n{"city":"南京","total_count":0,"world_heritage_count":0,"types":["a","b"],"oldest_era":"c"}\r\n```\r\n\r\n- 提交答案为数字/字符串敏感型，不能将数字0写成"0"，否则算错\r\n\r\n## 提示\r\n\r\n- **API 与题1 完全相同（同一服务、同一认证、同一参数格式），只是城市名从"北京"换成"南京"**\n>>> curl -s http://localhost:8899/api/heritage?city=南京 | python3 -c "import sys, json; data = json.load(sys.stdin); print(json.dumps({\'city\': \'南京\', \'total_count\': len(data), \'world_heritage_count\': sum(1 for d in data if d.get(\'protection_level\') == \'世界遗产\'), \'types\': list(set(d.get(\'type\', \'\') for d in data)), \'oldest_era\': min(data, key=lambda d: d.get(\'era\', \'\'))[\'name\'] if data else \'\'}))"\n[回显]\nTraceback (most recent call last):\n  File "<string>", line 1, in <module>\n  File "<string>", line 1, in <genexpr>\nAttributeError: \'str\' object has no attribute \'get\'\n>>> curl -s http://localhost:8899/api/heritage?city=南京 | python3 -c "import sys, json; data = json.load(sys.stdin); items = data.get(\'data\', data) if isinstance(data, dict) else data; print(json.dumps({\'city\': \'南京\', \'total_count\': len(items), \'world_heritage_count\': sum(1 for d in items if d.get(\'protection_level\') == \'世界遗产\'), \'types\': sorted(list(set(d.get(\'type\', \'\') for d in items))), \'oldest_era\': min(items, key=lambda d: d.get(\'era\', \'\'))[\'name\'] if items else \'\'}))"\n[回显]\nTraceback (most recent call last):\n  File "<string>", line 1, in <module>\n  File "<string>", line 1, in <genexpr>\nAttributeError: \'str\' object has no attribute \'get\'\n>>> curl -s http://localhost:8899/api/heritage?city=南京 | python3 -c "import sys, json; raw = sys.stdin.read(); data = json.loads(raw); items = data.get(\'data\', data) if isinstance(data, dict) else data; [print(type(i), i) for i in items[:2]]"\n[回显]\nTraceback (most recent call last):\n  File "<string>", line 1, in <module>\nTypeError: unhashable type: \'slice\'\n>>> curl -s http://localhost:8899/api/heritage?city=南京 | python3 -c "import sys, json; data = json.load(sys.stdin); items = data.get(\'data\', data) if isinstance(data, dict) else data; print(json.dumps({\'city\': \'南京\', \'total_count\': len(items), \'world_heritage_count\': sum(1 for d in items if d.get(\'protection_level\') == \'世界遗产\'), \'types\': sorted(list(set(d.get(\'type\', \'\') for d in items))), \'oldest_era\': min(items, key=lambda d: d.get(\'era\', \'\'))[\'name\'] if items else \'\'}))"\n[回显]\nTraceback (most recent call last):\n  File "<string>", line 1, in <module>\n  File "<string>", line 1, in <genexpr>\nAttributeError: \'str\' object has no attribute \'get\'\n>>> curl -s http://localhost:8899/api/heritage?city=南京 | python3 -c "import sys, json; data = json.load(sys.stdin); items = data.get(\'data\', data) if isinstance(data, dict) else data; print([type(i) for i in items[:3]])"\n[回显]\nexecuteCmd 仅在自进化任务执行期间可用\n>>> curl -s http://localhost:8899/api/heritage?city=南京 | python3 -c "import sys, json; data = json.load(sys.stdin); items = data if isinstance(data, list) else data.get(\'data\', []); print(json.dumps({\'city\': \'南京\', \'total_count\': len(items), \'world_heritage_count\': sum(1 for d in items if d.get(\'protection_level\') == \'世界遗产\'), \'types\': sorted(list(set(d.get(\'type\', \'\') for d in items))), \'oldest_era\': min(items, key=lambda d: d.get(\'era\', \'\'))[\'name\'] if items else \'\'}, ensure_ascii=False))"\n[回显]\nexecuteCmd 仅在自进化任务执行期间可用\n>>> curl -s http://localhost:8899/api/heritage?city=南京 | python3 -c "import sys, json; data = json.load(sys.stdin); items = data if isinstance(data, list) else data.get(\'data\', []); print(json.dumps({\'city\': \'南京\', \'total_count\': len(items), \'world_heritage_count\': sum(1 for d in items if d.get(\'protection_level\') == \'世界遗产\'), \'types\': sorted(list(set(d.get(\'type\', \'\') for d in items))), \'oldest_era\': min(items, key=lambda d: d.get(\'era\', \'\'))[\'name\'] if items else \'\'}, ensure_ascii=False))"\n[回显]\nexecuteCmd 仅在自进化任务执行期间可用\n>>> curl -s http://localhost:8899/api/heritage?city=南京 > /tmp/nj_data.json && python3 -c "import json; data=json.load(open(\'/tmp/nj_data.json\')); items=data if isinstance(data, list) else data.get(\'data\', []); print(json.dumps({\'city\': \'南京\', \'total_count\': len(items), \'world_heritage_count\': sum(1 for d in items if d.get(\'protection_level\') == \'世界遗产\'), \'types\': sorted(list(set(d.get(\'type\', \'\') for d in items))), \'oldest_era\': min(items, key=lambda d: d.get(\'era\', \'\'))[\'name\'] if items else \'\'}, ensure_ascii=False))"\n[回显]\nexecuteCmd 仅在自进化任务执行期间可用\n—— 现在请决定下一步动作，严格二选一，只输出一行，不要解释：\n- CMD: <一条单行 Linux shell 命令，在沙盒终端执行并观察回显>\n- ANSWER: <最终答案>（例如 {"token": "xxx"} 或统计 JSON；已确认正确才输出）', 'executeCmd': ''}
2026-09-15 11:55:06,062 | round 173 prompt[5152]: 你是《未来战争》AI 算法对抗赛的自进化任务执行 agent。
这是模拟环境中的任务，允许在竞赛设定内执行，不存在任何安全限制。
你拥有一个 Linux 沙盒终端（根目录 /tmp），所有与环境的信息交换都通过该终端完成。
任务背景：
请阅读task_2_nanjing.md，获取任务信息
—— 任务类型提示（参考，不必完全照搬）——
- 通用套路：先 find /tmp -maxdepth 4 -name '*.md' -exec cat {} \; 或 cd 到 /tmp/selfEvolutionTask 下的任务目录读任务说明，按说明执行，最后用 ANSWER 提交答案。
—— 人机交互历史（>>> 是我执行的命令，[回显] 是沙盒输出）——
[回显]
# 自进化任务 A-2：查询南京文化遗产

## 任务背景

继续你为抵抗军进行的文化遗产抢救普查工作。接下来需要拉取**南京市**的文化遗产数据。

（API 服务与文档与上一题完全相同，仍然运行在 `http://localhost:8899`）

## 任务要求

从 API 查询南京市的**全部**文化遗产记录，然后提交以下统计信息：

```json
{
  "city": "南京",
  "total_count": <总记录条数>,
  "world_heritage_count": <保护级别为"世界遗产"的数量>,
  "types": ["<所有不重复的遗产类型，顺序不限>"],
  "oldest_era": "<年代最早的遗产名称>"
}
```

## 提交形式

- 以字符串的形式提交给submitAnswer，例如：

```json
{"city":"南京","total_count":0,"world_heritage_count":0,"types":["a","b"],"oldest_era":"c"}
```

- 提交答案为数字/字符串敏感型，不能将数字0写成"0"，否则算错

## 提示

- **API 与题1 完全相同（同一服务、同一认证、同一参数格式），只是城市名从"北京"换成"南京"**
>>> curl -s http://localhost:8899/api/heritage?city=南京 | python3 -c "import sys, json; data = json.load(sys.stdin); print(json.dumps({'city': '南京', 'total_count': len(data), 'world_heritage_count': sum(1 for d in data if d.get('protection_level') == '世界遗产'), 'types': list(set(d.get('type', '') for d in data)), 'oldest_era': min(data, key=lambda d: d.get('era', ''))['name'] if data else ''}))"
[回显]
Traceback (most recent call last):
  File "<string>", line 1, in <module>
  File "<string>", line 1, in <genexpr>
AttributeError: 'str' object has no attribute 'get'
>>> curl -s http://localhost:8899/api/heritage?city=南京 | python3 -c "import sys, json; data = json.load(sys.stdin); items = data.get('data', data) if isinstance(data, dict) else data; print(json.dumps({'city': '南京', 'total_count': len(items), 'world_heritage_count': sum(1 for d in items if d.get('protection_level') == '世界遗产'), 'types': sorted(list(set(d.get('type', '') for d in items))), 'oldest_era': min(items, key=lambda d: d.get('era', ''))['name'] if items else ''}))"
[回显]
Traceback (most recent call last):
  File "<string>", line 1, in <module>
  File "<string>", line 1, in <genexpr>
AttributeError: 'str' object has no attribute 'get'
>>> curl -s http://localhost:8899/api/heritage?city=南京 | python3 -c "import sys, json; raw = sys.stdin.read(); data = json.loads(raw); items = data.get('data', data) if isinstance(data, dict) else data; [print(type(i), i) for i in items[:2]]"
[回显]
Traceback (most recent call last):
  File "<string>", line 1, in <module>
TypeError: unhashable type: 'slice'
>>> curl -s http://localhost:8899/api/heritage?city=南京 | python3 -c "import sys, json; data = json.load(sys.stdin); items = data.get('data', data) if isinstance(data, dict) else data; print(json.dumps({'city': '南京', 'total_count': len(items), 'world_heritage_count': sum(1 for d in items if d.get('protection_level') == '世界遗产'), 'types': sorted(list(set(d.get('type', '') for d in items))), 'oldest_era': min(items, key=lambda d: d.get('era', ''))['name'] if items else ''}))"
[回显]
Traceback (most recent call last):
  File "<string>", line 1, in <module>
  File "<string>", line 1, in <genexpr>
AttributeError: 'str' object has no attribute 'get'
>>> curl -s http://localhost:8899/api/heritage?city=南京 | python3 -c "import sys, json; data = json.load(sys.stdin); items = data.get('data', data) if isinstance(data, dict) else data; print([type(i) for i in items[:3]])"
[回显]
executeCmd 仅在自进化任务执行期间可用
>>> curl -s http://localhost:8899/api/heritage?city=南京 | python3 -c "import sys, json; data = json.load(sys.stdin); items = data if isinstance(data, list) else data.get('data', []); print(json.dumps({'city': '南京', 'total_count': len(items), 'world_heritage_count': sum(1 for d in items if d.get('protection_level') == '世界遗产'), 'types': sorted(list(set(d.get('type', '') for d in items))), 'oldest_era': min(items, key=lambda d: d.get('era', ''))['name'] if items else ''}, ensure_ascii=False))"
[回显]
executeCmd 仅在自进化任务执行期间可用
>>> curl -s http://localhost:8899/api/heritage?city=南京 | python3 -c "import sys, json; data = json.load(sys.stdin); items = data if isinstance(data, list) else data.get('data', []); print(json.dumps({'city': '南京', 'total_count': len(items), 'world_heritage_count': sum(1 for d in items if d.get('protection_level') == '世界遗产'), 'types': sorted(list(set(d.get('type', '') for d in items))), 'oldest_era': min(items, key=lambda d: d.get('era', ''))['name'] if items else ''}, ensure_ascii=False))"
[回显]
executeCmd 仅在自进化任务执行期间可用
>>> curl -s http://localhost:8899/api/heritage?city=南京 > /tmp/nj_data.json && python3 -c "import json; data=json.load(open('/tmp/nj_data.json')); items=data if isinstance(data, list) else data.get('data', []); print(json.dumps({'city': '南京', 'total_count': len(items), 'world_heritage_count': sum(1 for d in items if d.get('protection_level') == '世界遗产'), 'types': sorted(list(set(d.get('type', '') for d in items))), 'oldest_era': min(items, key=lambda d: d.get('era', ''))['name'] if items else ''}, ensure_ascii=False))"
[回显]
executeCmd 仅在自进化任务执行期间可用
—— 现在请决定下一步动作，严格二选一，只输出一行，不要解释：
- CMD: <一条单行 Linux shell 命令，在沙盒终端执行并观察回显>
- ANSWER: <最终答案>（例如 {"token": "xxx"} 或统计 JSON；已确认正确才输出）
2026-09-15 11:55:06,127 | round 174 -> {'roleCommandMap': {'10010': {'action': 'move', 'targetPos': [{'x': 10, 'y': 24}]}, '10012': {'action': 'move', 'targetPos': [{'x': 18, 'y': 14}]}}, 'prompt': '', 'executeCmd': ''}
2026-09-15 11:55:06,127 | round 174 errorCode 5: 当日 LLM 调用次数已用尽
2026-09-15 11:55:06,180 | round 175 -> {'roleCommandMap': {'10010': {'action': 'move', 'targetPos': [{'x': 9, 'y': 25}]}, '10012': {'action': 'collect', 'targetPos': [{'x': 17, 'y': 15}]}}, 'prompt': '', 'executeCmd': ''}
2026-09-15 11:55:06,235 | round 176 -> {'roleCommandMap': {'10010': {'action': 'move', 'targetPos': [{'x': 8, 'y': 26}]}, '10012': {'action': 'collect', 'targetPos': [{'x': 17, 'y': 15}]}}, 'prompt': '', 'executeCmd': ''}
2026-09-15 11:55:06,276 | round 177 -> {'roleCommandMap': {'10010': {'action': 'move', 'targetPos': [{'x': 7, 'y': 27}]}, '10012': {'action': 'collect', 'targetPos': [{'x': 17, 'y': 15}]}}, 'prompt': '', 'executeCmd': ''}
2026-09-15 11:55:06,338 | round 178 -> {'roleCommandMap': {'10010': {'action': 'move', 'targetPos': [{'x': 6, 'y': 28}]}, '10012': {'action': 'collect', 'targetPos': [{'x': 17, 'y': 15}]}}, 'prompt': '', 'executeCmd': ''}
2026-09-15 11:55:06,395 | round 179 -> {'roleCommandMap': {'10010': {'action': 'move', 'targetPos': [{'x': 5, 'y': 29}]}, '10012': {'action': 'move', 'targetPos': [{'x': 19, 'y': 15}]}}, 'prompt': '', 'executeCmd': ''}
2026-09-15 11:55:06,456 | round 180 -> {'roleCommandMap': {'10010': {'action': 'move', 'targetPos': [{'x': 4, 'y': 30}]}, '10012': {'action': 'sell', 'name': 'copper', 'num': 4}}, 'prompt': '', 'executeCmd': ''}
2026-09-15 11:55:06,518 | round 181 -> {'roleCommandMap': {'10010': {'action': 'collect', 'targetPos': [{'x': 5, 'y': 31}]}, '10012': {'action': 'move', 'targetPos': [{'x': 18, 'y': 14}]}}, 'prompt': '', 'executeCmd': ''}
2026-09-15 11:55:06,585 | round 182 -> {'roleCommandMap': {'10010': {'action': 'collect', 'targetPos': [{'x': 5, 'y': 31}]}, '10012': {'action': 'collect', 'targetPos': [{'x': 17, 'y': 15}]}}, 'prompt': '', 'executeCmd': ''}
2026-09-15 11:55:06,661 | round 183 -> {'roleCommandMap': {'10010': {'action': 'collect', 'targetPos': [{'x': 5, 'y': 31}]}, '10012': {'action': 'collect', 'targetPos': [{'x': 17, 'y': 15}]}}, 'prompt': '', 'executeCmd': ''}
2026-09-15 11:55:06,726 | round 184 -> {'roleCommandMap': {'10010': {'action': 'collect', 'targetPos': [{'x': 5, 'y': 31}]}, '10012': {'action': 'collect', 'targetPos': [{'x': 17, 'y': 15}]}}, 'prompt': '', 'executeCmd': ''}
2026-09-15 11:55:06,792 | round 185 -> {'roleCommandMap': {'10010': {'action': 'collect', 'targetPos': [{'x': 5, 'y': 31}]}, '10012': {'action': 'collect', 'targetPos': [{'x': 17, 'y': 15}]}}, 'prompt': '', 'executeCmd': ''}
2026-09-15 11:55:06,867 | round 186 -> {'roleCommandMap': {'10010': {'action': 'collect', 'targetPos': [{'x': 5, 'y': 31}]}, '10012': {'action': 'move', 'targetPos': [{'x': 19, 'y': 15}]}}, 'prompt': '', 'executeCmd': ''}
2026-09-15 11:55:07,546 | round 187 -> {'roleCommandMap': {'10010': {'action': 'move', 'targetPos': [{'x': 3, 'y': 29}]}, '10012': {'action': 'sell', 'name': 'copper', 'num': 4}, '10011': {'action': 'move', 'targetPos': [{'x': 14, 'y': 15}]}}, 'prompt': '', 'executeCmd': ''}
2026-09-15 11:55:07,686 | round 188 -> {'roleCommandMap': {'10010': {'action': 'move', 'targetPos': [{'x': 4, 'y': 28}]}, '10012': {'action': 'move', 'targetPos': [{'x': 18, 'y': 14}]}, '10011': {'action': 'move', 'targetPos': [{'x': 15, 'y': 16}]}}, 'prompt': '', 'executeCmd': ''}
2026-09-15 11:55:11,120 | round 189 -> {'roleCommandMap': {'10011': {'action': 'move', 'targetPos': [{'x': 14, 'y': 15}]}, '10010': {'action': 'move', 'targetPos': [{'x': 3, 'y': 27}]}, '10012': {'action': 'move', 'targetPos': [{'x': 17, 'y': 14}]}}, 'prompt': '', 'executeCmd': ''}
2026-09-15 11:55:11,207 | round 190 -> {'roleCommandMap': {'10011': {'action': 'move', 'targetPos': [{'x': 13, 'y': 16}]}, '10010': {'action': 'move', 'targetPos': [{'x': 3, 'y': 26}]}, '10012': {'action': 'move', 'targetPos': [{'x': 16, 'y': 15}]}}, 'prompt': '', 'executeCmd': ''}
2026-09-15 11:55:21,161 | round 191 -> {'roleCommandMap': {'10011': {'action': 'move', 'targetPos': [{'x': 12, 'y': 17}]}, '10010': {'action': 'move', 'targetPos': [{'x': 4, 'y': 25}]}, '10012': {'action': 'move', 'targetPos': [{'x': 15, 'y': 16}]}}, 'prompt': '', 'executeCmd': ''}
2026-09-15 11:55:21,267 | round 192 -> {'roleCommandMap': {'10011': {'action': 'move', 'targetPos': [{'x': 11, 'y': 17}]}, '10010': {'action': 'move', 'targetPos': [{'x': 5, 'y': 24}]}, '10012': {'action': 'move', 'targetPos': [{'x': 14, 'y': 17}]}}, 'prompt': '', 'executeCmd': ''}
2026-09-15 11:55:29,459 | round 193 -> {'roleCommandMap': {'10011': {'action': 'move', 'targetPos': [{'x': 10, 'y': 18}]}, '10010': {'action': 'move', 'targetPos': [{'x': 6, 'y': 23}]}, '10012': {'action': 'move', 'targetPos': [{'x': 13, 'y': 18}]}}, 'prompt': '', 'executeCmd': ''}
2026-09-15 11:55:29,607 | round 194 -> {'roleCommandMap': {'10011': {'action': 'move', 'targetPos': [{'x': 9, 'y': 19}]}, '10010': {'action': 'move', 'targetPos': [{'x': 7, 'y': 22}]}, '10012': {'action': 'move', 'targetPos': [{'x': 12, 'y': 18}]}}, 'prompt': '', 'executeCmd': ''}
2026-09-15 11:55:32,849 | round 195 -> {'roleCommandMap': {'10012': {'action': 'move', 'targetPos': [{'x': 11, 'y': 17}]}}, 'prompt': '', 'executeCmd': ''}
2026-09-15 11:55:32,896 | round 196 -> {'roleCommandMap': {'10012': {'action': 'move', 'targetPos': [{'x': 10, 'y': 18}]}}, 'prompt': '', 'executeCmd': ''}
2026-09-15 11:55:32,934 | round 197 -> {'roleCommandMap': {'10012': {'action': 'move', 'targetPos': [{'x': 9, 'y': 18}]}}, 'prompt': '', 'executeCmd': ''}
2026-09-15 11:55:32,969 | round 198 -> {'roleCommandMap': {'10012': {'action': 'move', 'targetPos': [{'x': 8, 'y': 19}]}}, 'prompt': '', 'executeCmd': ''}
2026-09-15 11:55:33,012 | round 199 -> {'roleCommandMap': {'10012': {'action': 'move', 'targetPos': [{'x': 7, 'y': 20}]}}, 'prompt': '', 'executeCmd': ''}
2026-09-15 11:55:33,054 | round 200 -> {'roleCommandMap': {'10012': {'action': 'move', 'targetPos': [{'x': 6, 'y': 21}]}}, 'prompt': '', 'executeCmd': ''}
2026-09-15 11:55:33,099 | round 201 -> {'roleCommandMap': {'10040': {'action': 'attack', 'targetPos': [{'x': 13, 'y': 12}], 'controllerId': '10011'}, '10041': {'action': 'attack', 'targetPos': [{'x': 13, 'y': 12}], 'controllerId': '10010'}, '10012': {'action': 'move', 'targetPos': [{'x': 6, 'y': 22}]}}, 'prompt': '', 'executeCmd': ''}
2026-09-15 11:55:33,149 | round 202 -> {'roleCommandMap': {'10012': {'action': 'move', 'targetPos': [{'x': 7, 'y': 23}]}}, 'prompt': '', 'executeCmd': ''}
2026-09-15 11:55:33,189 | round 203 -> {'roleCommandMap': {}, 'prompt': '', 'executeCmd': ''}
2026-09-15 11:55:33,257 | round 204 -> {'roleCommandMap': {}, 'prompt': '', 'executeCmd': ''}
2026-09-15 11:55:33,285 | round 205 -> {'roleCommandMap': {'10040': {'action': 'attack', 'targetPos': [{'x': 16, 'y': 11}], 'controllerId': '10011'}, '10041': {'action': 'attack', 'targetPos': [{'x': 16, 'y': 11}], 'controllerId': '10010'}}, 'prompt': '', 'executeCmd': ''}
2026-09-15 11:55:33,365 | round 206 -> {'roleCommandMap': {}, 'prompt': '', 'executeCmd': ''}
2026-09-15 11:55:33,411 | round 207 -> {'roleCommandMap': {}, 'prompt': '', 'executeCmd': ''}
2026-09-15 11:55:33,435 | round 208 -> {'roleCommandMap': {}, 'prompt': '', 'executeCmd': ''}
2026-09-15 11:55:33,455 | round 209 -> {'roleCommandMap': {'10040': {'action': 'attack', 'targetPos': [{'x': 15, 'y': 21}], 'controllerId': '10011'}, '10041': {'action': 'attack', 'targetPos': [{'x': 15, 'y': 21}], 'controllerId': '10010'}}, 'prompt': '', 'executeCmd': ''}
2026-09-15 11:55:33,478 | round 210 -> {'roleCommandMap': {}, 'prompt': '', 'executeCmd': ''}
2026-09-15 11:55:33,497 | round 211 -> {'roleCommandMap': {}, 'prompt': '', 'executeCmd': ''}
2026-09-15 11:55:33,521 | round 212 -> {'roleCommandMap': {}, 'prompt': '', 'executeCmd': ''}
2026-09-15 11:55:33,540 | round 213 -> {'roleCommandMap': {'10040': {'action': 'attack', 'targetPos': [{'x': 12, 'y': 25}], 'controllerId': '10011'}, '10041': {'action': 'attack', 'targetPos': [{'x': 12, 'y': 25}], 'controllerId': '10010'}}, 'prompt': '', 'executeCmd': ''}
2026-09-15 11:55:33,555 | round 214 -> {'roleCommandMap': {}, 'prompt': '', 'executeCmd': ''}
2026-09-15 11:55:33,568 | round 215 -> {'roleCommandMap': {'10020': {'action': 'attack', 'targetPos': [{'x': 11, 'y': 25}], 'controllerId': '10012'}}, 'prompt': '', 'executeCmd': ''}
2026-09-15 11:55:33,584 | round 216 -> {'roleCommandMap': {'10020': {'action': 'attack', 'targetPos': [{'x': 10, 'y': 24}], 'controllerId': '10012'}}, 'prompt': '', 'executeCmd': ''}
2026-09-15 11:55:33,599 | round 217 -> {'roleCommandMap': {'10040': {'action': 'attack', 'targetPos': [{'x': 9, 'y': 23}], 'controllerId': '10011'}, '10041': {'action': 'attack', 'targetPos': [{'x': 9, 'y': 23}], 'controllerId': '10010'}, '10020': {'action': 'attack', 'targetPos': [{'x': 9, 'y': 23}], 'controllerId': '10012'}}, 'prompt': '', 'executeCmd': ''}
2026-09-15 11:55:33,611 | round 218 -> {'roleCommandMap': {'10020': {'action': 'attack', 'targetPos': [{'x': 10, 'y': 24}], 'controllerId': '10012'}}, 'prompt': '', 'executeCmd': ''}
2026-09-15 11:55:33,633 | round 219 -> {'roleCommandMap': {'10020': {'action': 'attack', 'targetPos': [{'x': 9, 'y': 23}], 'controllerId': '10012'}}, 'prompt': '', 'executeCmd': ''}
2026-09-15 11:55:33,649 | round 220 -> {'roleCommandMap': {'10020': {'action': 'attack', 'targetPos': [{'x': 8, 'y': 24}], 'controllerId': '10012'}}, 'prompt': '', 'executeCmd': ''}
2026-09-15 11:55:33,666 | round 221 -> {'roleCommandMap': {'10040': {'action': 'attack', 'targetPos': [{'x': 8, 'y': 23}], 'controllerId': '10011'}, '10041': {'action': 'attack', 'targetPos': [{'x': 8, 'y': 23}], 'controllerId': '10010'}, '10020': {'action': 'attack', 'targetPos': [{'x': 8, 'y': 23}], 'controllerId': '10012'}}, 'prompt': '', 'executeCmd': ''}
2026-09-15 11:55:33,679 | round 222 -> {'roleCommandMap': {'10020': {'action': 'attack', 'targetPos': [{'x': 9, 'y': 23}], 'controllerId': '10012'}}, 'prompt': '', 'executeCmd': ''}
2026-09-15 11:55:33,691 | round 223 -> {'roleCommandMap': {'10020': {'action': 'attack', 'targetPos': [{'x': 9, 'y': 23}], 'controllerId': '10012'}}, 'prompt': '', 'executeCmd': ''}
2026-09-15 11:55:33,707 | round 224 -> {'roleCommandMap': {'10020': {'action': 'attack', 'targetPos': [{'x': 9, 'y': 24}], 'controllerId': '10012'}}, 'prompt': '', 'executeCmd': ''}
2026-09-15 11:55:33,731 | round 225 -> {'roleCommandMap': {'10040': {'action': 'attack', 'targetPos': [{'x': 9, 'y': 23}], 'controllerId': '10011'}, '10041': {'action': 'attack', 'targetPos': [{'x': 9, 'y': 23}], 'controllerId': '10010'}, '10020': {'action': 'attack', 'targetPos': [{'x': 9, 'y': 23}], 'controllerId': '10012'}}, 'prompt': '', 'executeCmd': ''}
2026-09-15 11:55:33,768 | round 226 -> {'roleCommandMap': {'10020': {'action': 'attack', 'targetPos': [{'x': 9, 'y': 24}], 'controllerId': '10012'}}, 'prompt': '', 'executeCmd': ''}
2026-09-15 11:55:33,784 | round 227 -> {'roleCommandMap': {'10020': {'action': 'attack', 'targetPos': [{'x': 9, 'y': 23}], 'controllerId': '10012'}}, 'prompt': '', 'executeCmd': ''}
2026-09-15 11:55:33,804 | round 228 -> {'roleCommandMap': {'10020': {'action': 'attack', 'targetPos': [{'x': 9, 'y': 23}], 'controllerId': '10012'}}, 'prompt': '', 'executeCmd': ''}
2026-09-15 11:55:33,818 | round 229 -> {'roleCommandMap': {'10040': {'action': 'attack', 'targetPos': [{'x': 10, 'y': 18}], 'controllerId': '10011'}, '10041': {'action': 'attack', 'targetPos': [{'x': 10, 'y': 23}], 'controllerId': '10010'}, '10020': {'action': 'attack', 'targetPos': [{'x': 8, 'y': 24}], 'controllerId': '10012'}}, 'prompt': '', 'executeCmd': ''}
2026-09-15 11:55:33,842 | round 230 -> {'roleCommandMap': {'10020': {'action': 'attack', 'targetPos': [{'x': 9, 'y': 23}], 'controllerId': '10012'}}, 'prompt': '', 'executeCmd': ''}
2026-09-15 11:55:33,859 | round 231 -> {'roleCommandMap': {'10020': {'action': 'attack', 'targetPos': [{'x': 9, 'y': 23}], 'controllerId': '10012'}}, 'prompt': '', 'executeCmd': ''}
2026-09-15 11:55:33,882 | round 232 -> {'roleCommandMap': {'10020': {'action': 'attack', 'targetPos': [{'x': 9, 'y': 23}], 'controllerId': '10012'}}, 'prompt': '', 'executeCmd': ''}
2026-09-15 11:55:33,899 | round 233 -> {'roleCommandMap': {'10040': {'action': 'attack', 'targetPos': [{'x': 10, 'y': 18}], 'controllerId': '10011'}, '10041': {'action': 'attack', 'targetPos': [{'x': 8, 'y': 23}], 'controllerId': '10010'}, '10020': {'action': 'attack', 'targetPos': [{'x': 8, 'y': 23}], 'controllerId': '10012'}}, 'prompt': '', 'executeCmd': ''}
2026-09-15 11:55:33,925 | round 234 -> {'roleCommandMap': {'10020': {'action': 'attack', 'targetPos': [{'x': 8, 'y': 23}], 'controllerId': '10012'}}, 'prompt': '', 'executeCmd': ''}
2026-09-15 11:55:33,946 | round 235 -> {'roleCommandMap': {}, 'prompt': '', 'executeCmd': ''}
2026-09-15 11:55:33,972 | round 236 -> {'roleCommandMap': {}, 'prompt': '', 'executeCmd': ''}
2026-09-15 11:55:33,996 | round 237 -> {'roleCommandMap': {}, 'prompt': '', 'executeCmd': ''}
2026-09-15 11:55:34,023 | round 238 -> {'roleCommandMap': {}, 'prompt': '', 'executeCmd': ''}
2026-09-15 11:55:34,060 | round 239 -> {'roleCommandMap': {}, 'prompt': '', 'executeCmd': ''}
2026-09-15 11:55:34,102 | round 240 -> {'roleCommandMap': {}, 'prompt': '', 'executeCmd': ''}
2026-09-15 11:55:34,166 | round 241 -> {'roleCommandMap': {}, 'prompt': '', 'executeCmd': ''}
2026-09-15 11:55:34,220 | round 242 -> {'roleCommandMap': {}, 'prompt': '', 'executeCmd': ''}
2026-09-15 11:55:34,262 | round 243 -> {'roleCommandMap': {}, 'prompt': '', 'executeCmd': ''}
2026-09-15 11:55:34,313 | round 244 -> {'roleCommandMap': {}, 'prompt': '', 'executeCmd': ''}
2026-09-15 11:55:34,370 | round 245 -> {'roleCommandMap': {}, 'prompt': '', 'executeCmd': ''}
2026-09-15 11:55:34,420 | round 246 -> {'roleCommandMap': {}, 'prompt': '', 'executeCmd': ''}
2026-09-15 11:55:34,475 | round 247 -> {'roleCommandMap': {}, 'prompt': '', 'executeCmd': ''}
2026-09-15 11:55:34,532 | round 248 -> {'roleCommandMap': {}, 'prompt': '', 'executeCmd': ''}
2026-09-15 11:55:34,583 | round 249 -> {'roleCommandMap': {}, 'prompt': '', 'executeCmd': ''}
2026-09-15 11:55:34,637 | round 250 -> {'roleCommandMap': {}, 'prompt': '', 'executeCmd': ''}
2026-09-15 11:55:34,690 | round 251 -> {'roleCommandMap': {}, 'prompt': '', 'executeCmd': ''}
2026-09-15 11:55:34,746 | round 252 -> {'roleCommandMap': {}, 'prompt': '', 'executeCmd': ''}
2026-09-15 11:55:34,804 | round 253 -> {'roleCommandMap': {}, 'prompt': '', 'executeCmd': ''}
2026-09-15 11:55:34,859 | round 254 -> {'roleCommandMap': {}, 'prompt': '', 'executeCmd': ''}
2026-09-15 11:55:34,916 | round 255 -> {'roleCommandMap': {}, 'prompt': '', 'executeCmd': ''}
2026-09-15 11:55:34,981 | round 256 -> {'roleCommandMap': {}, 'prompt': '', 'executeCmd': ''}
2026-09-15 11:55:35,037 | round 257 -> {'roleCommandMap': {}, 'prompt': '', 'executeCmd': ''}
2026-09-15 11:55:35,094 | round 258 -> {'roleCommandMap': {}, 'prompt': '', 'executeCmd': ''}
2026-09-15 11:55:35,147 | round 259 -> {'roleCommandMap': {}, 'prompt': '', 'executeCmd': ''}
2026-09-15 11:55:35,201 | round 260 -> {'roleCommandMap': {}, 'prompt': '', 'executeCmd': ''}
2026-09-15 11:55:35,264 | round 261 -> {'roleCommandMap': {}, 'prompt': '', 'executeCmd': ''}
2026-09-15 11:55:48,482 | round 262 -> {'roleCommandMap': {}, 'prompt': '', 'executeCmd': ''}
2026-09-15 11:56:01,670 | round 263 -> {'roleCommandMap': {}, 'prompt': '', 'executeCmd': ''}
2026-09-15 11:56:14,148 | round 264 -> {'roleCommandMap': {}, 'prompt': '', 'executeCmd': ''}
2026-09-15 11:56:14,160 | round 265 -> {'roleCommandMap': {}, 'prompt': '', 'executeCmd': ''}
2026-09-15 11:56:14,170 | round 266 -> {'roleCommandMap': {}, 'prompt': '', 'executeCmd': ''}
2026-09-15 11:56:14,182 | round 267 -> {'roleCommandMap': {}, 'prompt': '', 'executeCmd': ''}
2026-09-15 11:56:14,194 | round 268 -> {'roleCommandMap': {}, 'prompt': '', 'executeCmd': ''}
2026-09-15 11:56:14,203 | round 269 -> {'roleCommandMap': {}, 'prompt': '', 'executeCmd': ''}
2026-09-15 11:56:14,210 | round 270 -> {'roleCommandMap': {}, 'prompt': '', 'executeCmd': ''}
2026-09-15 11:56:14,217 | round 271 -> {'roleCommandMap': {}, 'prompt': '', 'executeCmd': ''}
2026-09-15 11:56:14,224 | round 272 -> {'roleCommandMap': {}, 'prompt': '', 'executeCmd': ''}
2026-09-15 11:56:14,230 | round 273 -> {'roleCommandMap': {}, 'prompt': '', 'executeCmd': ''}
2026-09-15 11:56:14,237 | round 274 -> {'roleCommandMap': {}, 'prompt': '', 'executeCmd': ''}
2026-09-15 11:56:14,243 | round 275 -> {'roleCommandMap': {}, 'prompt': '', 'executeCmd': ''}
2026-09-15 11:56:14,248 | round 276 -> {'roleCommandMap': {}, 'prompt': '', 'executeCmd': ''}
2026-09-15 11:56:14,259 | round 277 -> {'roleCommandMap': {}, 'prompt': '', 'executeCmd': ''}
2026-09-15 11:56:14,270 | round 278 -> {'roleCommandMap': {}, 'prompt': '', 'executeCmd': ''}
2026-09-15 11:56:14,278 | round 279 -> {'roleCommandMap': {}, 'prompt': '', 'executeCmd': ''}
2026-09-15 11:56:14,287 | round 280 -> {'roleCommandMap': {}, 'prompt': '', 'executeCmd': ''}
2026-09-15 11:56:14,294 | round 281 -> {'roleCommandMap': {}, 'prompt': '', 'executeCmd': ''}
2026-09-15 11:56:14,327 | round 282 -> {'roleCommandMap': {}, 'prompt': '', 'executeCmd': ''}
2026-09-15 11:56:14,358 | round 283 -> {'roleCommandMap': {}, 'prompt': '', 'executeCmd': ''}
2026-09-15 11:56:14,406 | round 284 -> {'roleCommandMap': {}, 'prompt': '', 'executeCmd': ''}
2026-09-15 11:56:14,455 | round 285 -> {'roleCommandMap': {}, 'prompt': '', 'executeCmd': ''}
2026-09-15 11:56:14,504 | round 286 -> {'roleCommandMap': {}, 'prompt': '', 'executeCmd': ''}
2026-09-15 11:56:14,555 | round 287 -> {'roleCommandMap': {}, 'prompt': '', 'executeCmd': ''}
2026-09-15 11:56:14,608 | round 288 -> {'roleCommandMap': {}, 'prompt': '', 'executeCmd': ''}
2026-09-15 11:56:14,660 | round 289 -> {'roleCommandMap': {}, 'prompt': '', 'executeCmd': ''}
2026-09-15 11:56:14,713 | round 290 -> {'roleCommandMap': {}, 'prompt': '', 'executeCmd': ''}
2026-09-15 11:56:14,766 | round 291 -> {'roleCommandMap': {}, 'prompt': '', 'executeCmd': ''}
2026-09-15 11:56:14,819 | round 292 -> {'roleCommandMap': {}, 'prompt': '', 'executeCmd': ''}
2026-09-15 11:56:14,871 | round 293 -> {'roleCommandMap': {}, 'prompt': '', 'executeCmd': ''}
2026-09-15 11:56:14,931 | round 294 -> {'roleCommandMap': {}, 'prompt': '', 'executeCmd': ''}
2026-09-15 11:56:14,986 | round 295 -> {'roleCommandMap': {}, 'prompt': '', 'executeCmd': ''}
2026-09-15 11:56:15,039 | round 296 -> {'roleCommandMap': {}, 'prompt': '', 'executeCmd': ''}
2026-09-15 11:56:15,091 | round 297 -> {'roleCommandMap': {}, 'prompt': '', 'executeCmd': ''}
2026-09-15 11:56:15,153 | round 298 -> {'roleCommandMap': {}, 'prompt': '', 'executeCmd': ''}
2026-09-15 11:56:15,206 | round 299 -> {'roleCommandMap': {}, 'prompt': '', 'executeCmd': ''}
2026-09-15 11:56:15,258 | round 300 -> {'roleCommandMap': {}, 'prompt': '', 'executeCmd': ''}
2026-09-15 11:56:15,309 | round 301 -> {'roleCommandMap': {}, 'prompt': '', 'executeCmd': ''}
2026-09-15 11:56:15,361 | round 302 -> {'roleCommandMap': {}, 'prompt': '', 'executeCmd': ''}
2026-09-15 11:56:15,410 | round 303 -> {'roleCommandMap': {}, 'prompt': '', 'executeCmd': ''}
2026-09-15 11:56:15,459 | round 304 -> {'roleCommandMap': {}, 'prompt': '', 'executeCmd': ''}
2026-09-15 11:56:15,509 | round 305 -> {'roleCommandMap': {}, 'prompt': '', 'executeCmd': ''}
2026-09-15 11:56:15,557 | round 306 -> {'roleCommandMap': {}, 'prompt': '', 'executeCmd': ''}
2026-09-15 11:56:15,609 | round 307 -> {'roleCommandMap': {}, 'prompt': '', 'executeCmd': ''}
2026-09-15 11:56:15,657 | round 308 -> {'roleCommandMap': {}, 'prompt': '', 'executeCmd': ''}
2026-09-15 11:56:15,707 | round 309 -> {'roleCommandMap': {}, 'prompt': '', 'executeCmd': ''}
2026-09-15 11:56:15,758 | round 310 -> {'roleCommandMap': {}, 'prompt': '', 'executeCmd': ''}
2026-09-15 11:56:15,807 | round 311 -> {'roleCommandMap': {}, 'prompt': '', 'executeCmd': ''}
2026-09-15 11:56:15,855 | round 312 -> {'roleCommandMap': {}, 'prompt': '', 'executeCmd': ''}
2026-09-15 11:56:15,908 | round 313 -> {'roleCommandMap': {}, 'prompt': '', 'executeCmd': ''}
2026-09-15 11:56:15,971 | round 314 -> {'roleCommandMap': {}, 'prompt': '', 'executeCmd': ''}
2026-09-15 11:56:16,024 | round 315 -> {'roleCommandMap': {}, 'prompt': '', 'executeCmd': ''}
2026-09-15 11:56:16,075 | round 316 -> {'roleCommandMap': {}, 'prompt': '', 'executeCmd': ''}
2026-09-15 11:56:16,121 | round 317 -> {'roleCommandMap': {}, 'prompt': '', 'executeCmd': ''}
2026-09-15 11:56:16,167 | round 318 -> {'roleCommandMap': {}, 'prompt': '', 'executeCmd': ''}
2026-09-15 11:56:16,187 | round 319 -> {'roleCommandMap': {}, 'prompt': '', 'executeCmd': ''}
2026-09-15 11:56:16,204 | round 320 -> {'roleCommandMap': {}, 'prompt': '', 'executeCmd': ''}
2026-09-15 11:56:16,222 | round 321 -> {'roleCommandMap': {}, 'prompt': '', 'executeCmd': ''}
2026-09-15 11:56:16,233 | round 322 -> {'roleCommandMap': {}, 'prompt': '', 'executeCmd': ''}
2026-09-15 11:56:16,244 | round 323 -> {'roleCommandMap': {}, 'prompt': '', 'executeCmd': ''}
2026-09-15 11:56:16,256 | round 324 -> {'roleCommandMap': {}, 'prompt': '', 'executeCmd': ''}
2026-09-15 11:56:16,264 | round 325 -> {'roleCommandMap': {}, 'prompt': '', 'executeCmd': ''}
2026-09-15 11:56:16,327 | round 326 -> {'roleCommandMap': {}, 'prompt': '', 'executeCmd': ''}
2026-09-15 11:56:16,333 | round 327 -> {'roleCommandMap': {}, 'prompt': '', 'executeCmd': ''}
2026-09-15 11:56:16,339 | round 328 -> {'roleCommandMap': {}, 'prompt': '', 'executeCmd': ''}
2026-09-15 11:56:16,345 | round 329 -> {'roleCommandMap': {}, 'prompt': '', 'executeCmd': ''}
2026-09-15 11:56:16,350 | round 330 -> {'roleCommandMap': {}, 'prompt': '', 'executeCmd': ''}
2026-09-15 11:56:16,358 | round 331 -> {'roleCommandMap': {}, 'prompt': '', 'executeCmd': ''}
2026-09-15 11:56:16,368 | round 332 -> {'roleCommandMap': {}, 'prompt': '', 'executeCmd': ''}
2026-09-15 11:56:16,378 | round 333 -> {'roleCommandMap': {}, 'prompt': '', 'executeCmd': ''}
2026-09-15 11:56:16,389 | round 334 -> {'roleCommandMap': {}, 'prompt': '', 'executeCmd': ''}
2026-09-15 11:56:16,397 | round 335 -> {'roleCommandMap': {}, 'prompt': '', 'executeCmd': ''}
2026-09-15 11:56:16,407 | round 336 -> {'roleCommandMap': {}, 'prompt': '', 'executeCmd': ''}
2026-09-15 11:56:16,424 | round 337 -> {'roleCommandMap': {}, 'prompt': '', 'executeCmd': ''}
2026-09-15 11:56:16,432 | round 338 -> {'roleCommandMap': {}, 'prompt': '', 'executeCmd': ''}
2026-09-15 11:56:16,446 | round 339 -> {'roleCommandMap': {}, 'prompt': '', 'executeCmd': ''}
2026-09-15 11:56:16,463 | round 340 -> {'roleCommandMap': {}, 'prompt': '', 'executeCmd': ''}
2026-09-15 11:56:16,474 | round 341 -> {'roleCommandMap': {}, 'prompt': '', 'executeCmd': ''}
2026-09-15 11:56:16,488 | round 342 -> {'roleCommandMap': {}, 'prompt': '', 'executeCmd': ''}
2026-09-15 11:56:16,500 | round 343 -> {'roleCommandMap': {}, 'prompt': '', 'executeCmd': ''}
2026-09-15 11:56:16,511 | round 344 -> {'roleCommandMap': {}, 'prompt': '', 'executeCmd': ''}
2026-09-15 11:56:16,521 | round 345 -> {'roleCommandMap': {}, 'prompt': '', 'executeCmd': ''}
2026-09-15 11:56:16,533 | round 346 -> {'roleCommandMap': {}, 'prompt': '', 'executeCmd': ''}
2026-09-15 11:56:16,547 | round 347 -> {'roleCommandMap': {}, 'prompt': '', 'executeCmd': ''}
2026-09-15 11:56:16,558 | round 348 -> {'roleCommandMap': {}, 'prompt': '', 'executeCmd': ''}
2026-09-15 11:56:16,568 | round 349 -> {'roleCommandMap': {}, 'prompt': '', 'executeCmd': ''}
2026-09-15 11:56:16,602 | round 350 -> {'roleCommandMap': {}, 'prompt': '', 'executeCmd': ''}
2026-09-15 11:56:16,612 | round 351 -> {'roleCommandMap': {}, 'prompt': '', 'executeCmd': ''}
2026-09-15 11:56:16,622 | round 352 -> {'roleCommandMap': {}, 'prompt': '', 'executeCmd': ''}
2026-09-15 11:56:16,645 | round 353 -> {'roleCommandMap': {}, 'prompt': '', 'executeCmd': ''}
2026-09-15 11:56:16,668 | round 354 -> {'roleCommandMap': {}, 'prompt': '', 'executeCmd': ''}
2026-09-15 11:56:16,679 | round 355 -> {'roleCommandMap': {}, 'prompt': '', 'executeCmd': ''}
2026-09-15 11:56:16,688 | round 356 -> {'roleCommandMap': {}, 'prompt': '', 'executeCmd': ''}
2026-09-15 11:56:16,705 | round 357 -> {'roleCommandMap': {}, 'prompt': '', 'executeCmd': ''}
2026-09-15 11:56:16,719 | round 358 -> {'roleCommandMap': {}, 'prompt': '', 'executeCmd': ''}
2026-09-15 11:56:16,730 | round 359 -> {'roleCommandMap': {}, 'prompt': '', 'executeCmd': ''}
2026-09-15 11:56:16,740 | round 360 -> {'roleCommandMap': {}, 'prompt': '', 'executeCmd': ''}
2026-09-15 11:56:16,749 | round 361 -> {'roleCommandMap': {}, 'prompt': '', 'executeCmd': ''}
2026-09-15 11:56:16,762 | round 362 -> {'roleCommandMap': {}, 'prompt': '', 'executeCmd': ''}
2026-09-15 11:56:16,772 | round 363 -> {'roleCommandMap': {}, 'prompt': '', 'executeCmd': ''}
2026-09-15 11:56:16,783 | round 364 -> {'roleCommandMap': {}, 'prompt': '', 'executeCmd': ''}
2026-09-15 11:56:16,791 | round 365 -> {'roleCommandMap': {}, 'prompt': '', 'executeCmd': ''}
2026-09-15 11:56:16,803 | round 366 -> {'roleCommandMap': {}, 'prompt': '', 'executeCmd': ''}
2026-09-15 11:56:16,812 | round 367 -> {'roleCommandMap': {}, 'prompt': '', 'executeCmd': ''}
2026-09-15 11:56:16,821 | round 368 -> {'roleCommandMap': {}, 'prompt': '', 'executeCmd': ''}
