test_scripted_unknown_task_is_not_answered_from_a_private_oracle (test_agent_demo.AgentDemoTests.test_scripted_unknown_task_is_not_answered_from_a_private_oracle) ... ok
test_setting_cost_limit_never_resets_consumed_calls (test_agent_demo.AgentDemoTests.test_setting_cost_limit_never_resets_consumed_calls) ... ok
test_task_and_long_document_demos_finish_through_debug_json (test_agent_demo.AgentDemoTests.test_task_and_long_document_demos_finish_through_debug_json) ... ok
test_world_and_mixed_factories_only_publish_first_day_clues (test_agent_demo.AgentDemoTests.test_world_and_mixed_factories_only_publish_first_day_clues) ... ok
test_default_full_mode_and_explicit_world_only_are_independent (test_agent_modes.AgentModeTests.test_default_full_mode_and_explicit_world_only_are_independent) ... ok
test_task_only_keeps_its_router_and_acknowledgements (test_agent_modes.AgentModeTests.test_task_only_keeps_its_router_and_acknowledgements) ... ok
test_aiming_at_the_tower_itself_is_illegal (test_ballistics.ConeTests.test_aiming_at_the_tower_itself_is_illegal) ... ok
test_cone_is_measured_from_the_tower_not_between_cells (test_ballistics.ConeTests.test_cone_is_measured_from_the_tower_not_between_cells) ... ok
test_duplicate_direction_is_legal (test_ballistics.ConeTests.test_duplicate_direction_is_legal) ... ok
test_exactly_ninety_degrees_is_legal (test_ballistics.ConeTests.test_exactly_ninety_degrees_is_legal) ... ok
test_more_than_ninety_degrees_is_illegal (test_ballistics.ConeTests.test_more_than_ninety_degrees_is_illegal) ... ok
test_single_target_is_always_legal (test_ballistics.ConeTests.test_single_target_is_always_legal) ... ok
test_two_targets_in_the_same_quadrant_are_legal (test_ballistics.ConeTests.test_two_targets_in_the_same_quadrant_are_legal) ... ok
test_missing_robot_fields_are_reported (test_ballistics.DispatchTests.test_missing_robot_fields_are_reported) ... ok
test_path_geometry_is_half_a_cell (test_ballistics.DispatchTests.test_path_geometry_is_half_a_cell) ... ok
test_rocket_reports_missile_aim_points (test_ballistics.DispatchTests.test_rocket_reports_missile_aim_points) ... ok
test_unknown_weapon_is_refused_not_guessed (test_ballistics.DispatchTests.test_unknown_weapon_is_refused_not_guessed) ... ok
test_bullet_is_consumed_by_the_nearest_robot_on_its_path (test_ballistics.GatlingTests.test_bullet_is_consumed_by_the_nearest_robot_on_its_path) ... ok
test_bullet_only_hits_within_half_a_cell (test_ballistics.GatlingTests.test_bullet_only_hits_within_half_a_cell) ... ok
test_dead_robots_do_not_block (test_ballistics.GatlingTests.test_dead_robots_do_not_block) ... ok
test_each_bullet_is_resolved_independently (test_ballistics.GatlingTests.test_each_bullet_is_resolved_independently) ... ok
test_illegal_cone_refuses_the_whole_attack (test_ballistics.GatlingTests.test_illegal_cone_refuses_the_whole_attack) ... ok
test_level_decides_the_bullet_count (test_ballistics.GatlingTests.test_level_decides_the_bullet_count) ... ok
test_robot_off_the_path_is_never_hit (test_ballistics.GatlingTests.test_robot_off_the_path_is_never_hit) ... ok
test_same_robot_can_stop_two_bullets (test_ballistics.GatlingTests.test_same_robot_can_stop_two_bullets) ... ok
test_shots_state_their_path (test_ballistics.GatlingTests.test_shots_state_their_path) ... ok
test_energy_by_level (test_ballistics.RailgunTests.test_energy_by_level) ... ok
test_energy_is_capped_by_robot_health (test_ballistics.RailgunTests.test_energy_is_capped_by_robot_health) ... ok
test_energy_penetrates_and_is_reduced_by_damage (test_ballistics.RailgunTests.test_energy_penetrates_and_is_reduced_by_damage) ... ok
test_off_path_robot_takes_nothing (test_ballistics.RailgunTests.test_off_path_robot_takes_nothing) ... ok
test_only_one_aim_point_is_accepted (test_ballistics.RailgunTests.test_only_one_aim_point_is_accepted) ... ok
test_penetration_continues_while_energy_lasts (test_ballistics.RailgunTests.test_penetration_continues_while_energy_lasts) ... ok
test_robots_are_hit_in_order_from_the_tower (test_ballistics.RailgunTests.test_robots_are_hit_in_order_from_the_tower) ... ok
test_base_is_hit_from_all_four_footprint_edges (test_base_targeting.BaseTargetingTests.test_base_is_hit_from_all_four_footprint_edges) ... ok
test_destroyed_wall_allows_later_base_damage (test_base_targeting.BaseTargetingTests.test_destroyed_wall_allows_later_base_damage) ... ok
test_lethal_base_hit_is_recorded_and_input_is_not_mutated (test_base_targeting.BaseTargetingTests.test_lethal_base_hit_is_recorded_and_input_is_not_mutated) ... ok
test_role_only_wall_still_protects_base (test_base_targeting.BaseTargetingTests.test_role_only_wall_still_protects_base) ... ok
test_day_budget_and_tower_limit (test_baseline.BaselineTests.test_day_budget_and_tower_limit) ... ok
test_enemy_obstacles_and_noop_path (test_baseline.BaselineTests.test_enemy_obstacles_and_noop_path) ... ok
test_night_attack_and_cooldown (test_baseline.BaselineTests.test_night_attack_and_cooldown) ... ok
test_real_http_entrypoint (test_baseline.BaselineTests.test_real_http_entrypoint) ... ok
test_extracted_bundle_serves_root_post_and_local_get (test_build_submission.ExtractedRunTests.test_extracted_bundle_serves_root_post_and_local_get) ... ok
test_build_verify_extract_and_layout (test_build_submission.PackagingTests.test_build_verify_extract_and_layout) ... ok
test_dirty_working_tree_files_are_excluded (test_build_submission.PackagingTests.test_dirty_working_tree_files_are_excluded) ... ok
test_generated_aliases_are_declared_with_provenance (test_build_submission.PackagingTests.test_generated_aliases_are_declared_with_provenance) ... ok
test_non_ascii_committed_path_survives_tree_metadata (test_build_submission.PackagingTests.test_non_ascii_committed_path_survives_tree_metadata) ... ok
test_original_sample_archive_is_detected_not_rebuilt (test_build_submission.PackagingTests.test_original_sample_archive_is_detected_not_rebuilt) ... ok
test_preflight_rejects_existing_or_colliding_outputs (test_build_submission.PackagingTests.test_preflight_rejects_existing_or_colliding_outputs) ... ok
test_real_published_baseline_builds_and_verifies (test_build_submission.PackagingTests.test_real_published_baseline_builds_and_verifies)
The actual repository baseline must package cleanly (smoke, not final). ... ok
test_rebuild_is_byte_identical (test_build_submission.PackagingTests.test_rebuild_is_byte_identical) ... ok
test_complete_archive_still_passes_integrity (test_build_submission.VerifierTests.test_complete_archive_still_passes_integrity) ... ok
test_detects_duplicate_member_paths (test_build_submission.VerifierTests.test_detects_duplicate_member_paths) ... ok
test_detects_flipped_gzip_crc (test_build_submission.VerifierTests.test_detects_flipped_gzip_crc)
A CRC-only corruption must fail: tar parsing alone would accept it. ... ok
test_detects_manifest_hash_tampering (test_build_submission.VerifierTests.test_detects_manifest_hash_tampering) ... ok
test_detects_missing_entry_and_wrong_root (test_build_submission.VerifierTests.test_detects_missing_entry_and_wrong_root) ... ok
test_detects_plain_bytes_with_gz_name (test_build_submission.VerifierTests.test_detects_plain_bytes_with_gz_name) ... ok
test_detects_renamed_zip (test_build_submission.VerifierTests.test_detects_renamed_zip) ... ok
test_detects_source_digest_tampering (test_build_submission.VerifierTests.test_detects_source_digest_tampering) ... ok
test_detects_special_members (test_build_submission.VerifierTests.test_detects_special_members) ... ok
test_detects_truncated_gzip_trailer (test_build_submission.VerifierTests.test_detects_truncated_gzip_trailer)
tarfile stops at the tar end marker; the gzip trailer must be checked. ... ok
test_detects_undeclared_file (test_build_submission.VerifierTests.test_detects_undeclared_file) ... ok
test_malformed_manifest_entries_fail_without_raising (test_build_submission.VerifierTests.test_malformed_manifest_entries_fail_without_raising) ... ok
test_rejects_unsafe_member_paths (test_build_submission.VerifierTests.test_rejects_unsafe_member_paths) ... ok
test_sidecar_mismatch_is_reported (test_build_submission.VerifierTests.test_sidecar_mismatch_is_reported) ... ok
test_unverified_archive_is_not_extracted (test_build_submission.VerifierTests.test_unverified_archive_is_not_extracted) ... ok
test_full_official_channels_are_preserved (test_competition_package.CompetitionHTTPTests.test_full_official_channels_are_preserved) ... ok
test_invalid_json_keeps_sample_fallback (test_competition_package.CompetitionHTTPTests.test_invalid_json_keeps_sample_fallback) ... ok
test_telemetry_failures_do_not_change_judge_response (test_competition_package.CompetitionHTTPTests.test_telemetry_failures_do_not_change_judge_response) ... ok
test_entry_and_pyproject_are_exact_original_sample_bytes (test_competition_package.FlatPackageTests.test_entry_and_pyproject_are_exact_original_sample_bytes) ... ok
test_flat_entry_imports_no_viewer_or_simulator_and_trace_tool_works (test_competition_package.FlatPackageTests.test_flat_entry_imports_no_viewer_or_simulator_and_trace_tool_works) ... ok
test_repeated_build_is_byte_identical (test_competition_package.FlatPackageTests.test_repeated_build_is_byte_identical) ... ok
test_accept_and_submit_counts_survive_rollups (test_console_digest.AggregationTests.test_accept_and_submit_counts_survive_rollups) ... ok
test_base_death_is_preserved_as_critical (test_console_digest.AggregationTests.test_base_death_is_preserved_as_critical) ... ok
test_base_thresholds_do_not_flood_every_hit (test_console_digest.AggregationTests.test_base_thresholds_do_not_flood_every_hit) ... ok
test_first_anomalies_are_emitted_once_each (test_console_digest.AggregationTests.test_first_anomalies_are_emitted_once_each) ... ok
test_periodic_rollup_aggregates_repeated_actions (test_console_digest.AggregationTests.test_periodic_rollup_aggregates_repeated_actions) ... ok
test_phase_change_is_emitted_once (test_console_digest.AggregationTests.test_phase_change_is_emitted_once) ... ok
test_repeated_errors_are_conserved_across_windows (test_console_digest.AggregationTests.test_repeated_errors_are_conserved_across_windows) ... ok
test_round_one_starts_a_stream (test_console_digest.AggregationTests.test_round_one_starts_a_stream) ... ok
test_absent_report_preserves_the_old_shape (test_console_digest.DecisionReportTests.test_absent_report_preserves_the_old_shape) ... ok
test_relevant_robots_is_a_count_not_an_id_list (test_console_digest.DecisionReportTests.test_relevant_robots_is_a_count_not_an_id_list) ... ok
test_report_is_bounded_and_allowlisted (test_console_digest.DecisionReportTests.test_report_is_bounded_and_allowlisted) ... ok
test_report_with_nothing_usable_is_omitted (test_console_digest.DecisionReportTests.test_report_with_nothing_usable_is_omitted) ... ok
test_supervisor_and_task_transitions_are_compact_signals (test_console_digest.DecisionReportTests.test_supervisor_and_task_transitions_are_compact_signals) ... ok
test_all_weapons_cooling (test_console_digest.EmptyClassificationTests.test_all_weapons_cooling) ... ok
test_observed_no_robots (test_console_digest.EmptyClassificationTests.test_observed_no_robots) ... ok
test_ready_weapons_with_observed_robots (test_console_digest.EmptyClassificationTests.test_ready_weapons_with_observed_robots) ... ok
test_unknown_cooldown_does_not_fabricate_a_reason (test_console_digest.EmptyClassificationTests.test_unknown_cooldown_does_not_fabricate_a_reason) ... ok
test_periodic_summary_keeps_economy_weapon_levels_and_controller_ids (test_console_digest.IntegratedWindowTests.test_periodic_summary_keeps_economy_weapon_levels_and_controller_ids) ... ok
test_walking_distance_does_not_emit_a_supervisor_line_each_round (test_console_digest.IntegratedWindowTests.test_walking_distance_does_not_emit_a_supervisor_line_each_round) ... ok
test_window_ranges_and_boundary_damage_are_exact (test_console_digest.IntegratedWindowTests.test_window_ranges_and_boundary_damage_are_exact) ... ok
test_late_http_summary_does_not_fake_restart_or_hp_drop (test_console_digest.LateCompletionTests.test_late_http_summary_does_not_fake_restart_or_hp_drop) ... ok
test_console_failure_cannot_change_http_response (test_console_digest.ModeTests.test_console_failure_cannot_change_http_response) ... ok
test_emit_summary_is_fail_open_with_a_broken_sink (test_console_digest.ModeTests.test_emit_summary_is_fail_open_with_a_broken_sink) ... ok
test_full_mode_restores_the_json_line (test_console_digest.ModeTests.test_full_mode_restores_the_json_line) ... ok
test_off_mode_silences_only_the_console (test_console_digest.ModeTests.test_off_mode_silences_only_the_console) ... ok
test_unknown_mode_falls_back_to_compact (test_console_digest.ModeTests.test_unknown_mode_falls_back_to_compact) ... ok
test_duplicate_round_is_not_double_counted (test_console_digest.StreamTests.test_duplicate_round_is_not_double_counted) ... ok
test_every_compact_line_carries_a_stream_label (test_console_digest.StreamTests.test_every_compact_line_carries_a_stream_label) ... ok
test_missing_fields_are_unknown_and_do_not_crash (test_console_digest.StreamTests.test_missing_fields_are_unknown_and_do_not_crash) ... ok
test_parallel_streams_are_isolated (test_console_digest.StreamTests.test_parallel_streams_are_isolated) ... ok
test_restart_emits_the_stream_label_and_previous_round (test_console_digest.StreamTests.test_restart_emits_the_stream_label_and_previous_round) ... ok
test_restart_flushes_pending_rollup_before_resetting (test_console_digest.StreamTests.test_restart_flushes_pending_rollup_before_resetting) ... ok
test_retained_streams_are_bounded (test_console_digest.StreamTests.test_retained_streams_are_bounded) ... ok
test_same_round_with_changed_payload_keeps_counts_and_anomaly (test_console_digest.StreamTests.test_same_round_with_changed_payload_keeps_counts_and_anomaly) ... ok
test_every_turn_is_still_recorded_when_the_console_is_off (test_console_digest.TraceIndependenceTests.test_every_turn_is_still_recorded_when_the_console_is_off) ... ok
test_both_purchases_are_kept_when_budget_is_exactly_twenty (test_coordination.CoordinationRegressionTests.test_both_purchases_are_kept_when_budget_is_exactly_twenty) ... ok
test_bulk_prices_and_replaced_intents_release_reservations (test_coordination.CoordinationRegressionTests.test_bulk_prices_and_replaced_intents_release_reservations) ... ok
test_final_budget_gate_covers_late_or_future_spending_branches (test_coordination.CoordinationRegressionTests.test_final_budget_gate_covers_late_or_future_spending_branches) ... ok
test_late_task_walk_cannot_reintroduce_contested_destination (test_coordination.CoordinationRegressionTests.test_late_task_walk_cannot_reintroduce_contested_destination) ... ok
test_prior_treasure_purchase_reserves_money_before_tower_construction (test_coordination.CoordinationRegressionTests.test_prior_treasure_purchase_reserves_money_before_tower_construction) ... ok
test_queued_tower_reserves_money_before_buying (test_coordination.CoordinationRegressionTests.test_queued_tower_reserves_money_before_buying) ... ok
test_sales_cannot_fund_same_round_spending (test_coordination.CoordinationRegressionTests.test_sales_cannot_fund_same_round_spending) ... ok
test_two_workers_cannot_spend_fourteen_as_twenty (test_coordination.CoordinationRegressionTests.test_two_workers_cannot_spend_fourteen_as_twenty) ... ok
test_unknown_or_invalid_purchase_not_assumed_free (test_coordination.CoordinationRegressionTests.test_unknown_or_invalid_purchase_not_assumed_free) ... ok
test_zero_price_is_observed_and_walls_spend_no_gold (test_coordination.CoordinationRegressionTests.test_zero_price_is_observed_and_walls_spend_no_gold) ... ok
test_boxed_in_mover_gets_an_opening_from_idle_worker (test_coordination.MovementReservationTests.test_boxed_in_mover_gets_an_opening_from_idle_worker) ... ok
test_independent_moves_and_diagonal_moves_are_preserved (test_coordination.MovementReservationTests.test_independent_moves_and_diagonal_moves_are_preserved) ... ok
test_move_cannot_enter_same_round_build_site (test_coordination.MovementReservationTests.test_move_cannot_enter_same_round_build_site) ... ok
test_planning_has_no_hidden_reservation_state (test_coordination.MovementReservationTests.test_planning_has_no_hidden_reservation_state) ... ok
test_rejected_unaffordable_build_does_not_reserve_cell (test_coordination.MovementReservationTests.test_rejected_unaffordable_build_does_not_reserve_cell) ... ok
test_rotation_is_deterministic_independent_of_insertion_order (test_coordination.MovementReservationTests.test_rotation_is_deterministic_independent_of_insertion_order) ... ok
test_swap_and_occupied_chain_are_conservatively_held (test_coordination.MovementReservationTests.test_swap_and_occupied_chain_are_conservatively_held) ... ok
test_task_hold_is_not_displaced (test_coordination.MovementReservationTests.test_task_hold_is_not_displaced) ... ok
test_terrain_robot_enemy_and_base_footprint_stay_blocked (test_coordination.MovementReservationTests.test_terrain_robot_enemy_and_base_footprint_stay_blocked) ... ok
test_yield_never_interrupts_an_active_worker_or_controller (test_coordination.MovementReservationTests.test_yield_never_interrupts_an_active_worker_or_controller) ... ok
test_yield_opens_exit_instead_of_only_moving_blockage_deeper (test_coordination.MovementReservationTests.test_yield_opens_exit_instead_of_only_moving_blockage_deeper) ... ok
test_added_existing_tower_invalidates_cached_sites (test_defense_delivery.DefenceDeliveryTests.test_added_existing_tower_invalidates_cached_sites) ... ok
test_terrain_change_invalidates_cached_rear_exit (test_defense_delivery.DefenceDeliveryTests.test_terrain_change_invalidates_cached_rear_exit) ... ok
test_web_simulator_builds_approach_towers_and_front_walls_on_both_sides (test_defense_delivery.DefenceDeliveryTests.test_web_simulator_builds_approach_towers_and_front_walls_on_both_sides) ... ok
test_central_footprints_keep_vertical_fallback_under_reflection (test_defense_layout.ApproachPriorTests.test_central_footprints_keep_vertical_fallback_under_reflection) ... ok
test_mirrored_right_base_expects_the_west (test_defense_layout.ApproachPriorTests.test_mirrored_right_base_expects_the_west) ... ok
test_prior_is_stable_when_towers_and_walls_appear (test_defense_layout.ApproachPriorTests.test_prior_is_stable_when_towers_and_walls_appear) ... ok
test_reported_left_base_expects_the_east (test_defense_layout.ApproachPriorTests.test_reported_left_base_expects_the_east) ... ok
test_side_base_vertical_offset_does_not_rotate_front (test_defense_layout.ApproachPriorTests.test_side_base_vertical_offset_does_not_rotate_front) ... ok
test_side_priority_mirrors (test_defense_layout.ApproachPriorTests.test_side_priority_mirrors) ... ok
test_top_base_expects_the_south_and_bottom_base_the_north (test_defense_layout.ApproachPriorTests.test_top_base_expects_the_south_and_bottom_base_the_north) ... ok
test_cluster_on_the_approach_side_does_not_change_the_plan (test_defense_layout.DirectionalStressTests.test_cluster_on_the_approach_side_does_not_change_the_plan) ... ok
test_stress_cluster_is_on_the_approach_side (test_defense_layout.DirectionalStressTests.test_stress_cluster_is_on_the_approach_side) ... ok
test_towers_still_keep_distinct_stands_under_the_cluster (test_defense_layout.DirectionalStressTests.test_towers_still_keep_distinct_stands_under_the_cluster) ... ok
test_exit_is_away_from_the_approach_on_all_four_sides (test_defense_layout.ExitTests.test_exit_is_away_from_the_approach_on_all_four_sides) ... ok
test_exit_never_overlaps_the_wall_order (test_defense_layout.ExitTests.test_exit_never_overlaps_the_wall_order) ... ok
test_fully_walled_ring_is_reported_not_hidden (test_defense_layout.ExitTests.test_fully_walled_ring_is_reported_not_hidden) ... ok
test_legacy_walls_keep_a_usable_exit_through_the_caller (test_defense_layout.ExitTests.test_legacy_walls_keep_a_usable_exit_through_the_caller) ... ok
test_pre_walled_rear_keeps_a_usable_opening (test_defense_layout.ExitTests.test_pre_walled_rear_keeps_a_usable_opening) ... ok
test_water_strip_beyond_the_rear_ring_moves_the_exit (test_defense_layout.ExitTests.test_water_strip_beyond_the_rear_ring_moves_the_exit) ... ok
test_day_plan_issues_no_conflicting_builds (test_defense_layout.IntegrationTests.test_day_plan_issues_no_conflicting_builds) ... ok
test_first_tower_faces_the_approach (test_defense_layout.IntegrationTests.test_first_tower_faces_the_approach) ... ok
test_pioneer_can_leave_a_completed_ring (test_defense_layout.IntegrationTests.test_pioneer_can_leave_a_completed_ring) ... ok
test_wall_priority_starts_on_the_approach_side (test_defense_layout.IntegrationTests.test_wall_priority_starts_on_the_approach_side) ... ok
test_existing_towers_are_retained_and_never_duplicated (test_defense_layout.TowerSiteTests.test_existing_towers_are_retained_and_never_duplicated) ... ok
test_partially_blocked_front_is_avoided_and_still_controllable (test_defense_layout.TowerSiteTests.test_partially_blocked_front_is_avoided_and_still_controllable) ... ok
test_sites_are_deterministic_and_tower_count_is_capped (test_defense_layout.TowerSiteTests.test_sites_are_deterministic_and_tower_count_is_capped) ... ok
test_sites_do_not_change_when_the_ring_goes_up (test_defense_layout.TowerSiteTests.test_sites_do_not_change_when_the_ring_goes_up) ... ok
test_spaced_sites_keep_exit_connected (test_defense_layout.TowerSiteTests.test_spaced_sites_keep_exit_connected) ... ok
test_spaced_towers_keep_middle_on_the_east (test_defense_layout.TowerSiteTests.test_spaced_towers_keep_middle_on_the_east) ... ok
test_spaced_towers_keep_middle_on_the_west (test_defense_layout.TowerSiteTests.test_spaced_towers_keep_middle_on_the_west) ... ok
test_three_towers_keep_distinct_controller_cells (test_defense_layout.TowerSiteTests.test_three_towers_keep_distinct_controller_cells) ... ok
test_vertical_base_puts_the_towers_on_the_south (test_defense_layout.TowerSiteTests.test_vertical_base_puts_the_towers_on_the_south) ... ok
test_edge_base_uses_a_reachable_fallback_without_holes (test_defense_layout.WallRingTests.test_edge_base_uses_a_reachable_fallback_without_holes) ... ok
test_mirrored_base_is_the_horizontal_mirror (test_defense_layout.WallRingTests.test_mirrored_base_is_the_horizontal_mirror) ... ok
test_reported_base_has_no_hole_and_an_east_front (test_defense_layout.WallRingTests.test_reported_base_has_no_hole_and_an_east_front) ... ok
test_ring_is_deterministic (test_defense_layout.WallRingTests.test_ring_is_deterministic) ... ok
test_vertical_base_puts_the_front_south_and_the_exit_north (test_defense_layout.WallRingTests.test_vertical_base_puts_the_front_south_and_the_exit_north) ... ok
test_absent_or_non_list_errors_stay_unknown_not_zero (test_diagnostics.ErrorAndEnrichmentTests.test_absent_or_non_list_errors_stay_unknown_not_zero) ... ok
test_bounded_evidence_from_the_actual_request (test_diagnostics.ErrorAndEnrichmentTests.test_bounded_evidence_from_the_actual_request) ... ok
test_decision_report_is_optional_and_bounded (test_diagnostics.ErrorAndEnrichmentTests.test_decision_report_is_optional_and_bounded) ... ok
test_empty_error_list_is_an_observed_zero (test_diagnostics.ErrorAndEnrichmentTests.test_empty_error_list_is_an_observed_zero) ... ok
test_malformed_error_values_count_as_unknown (test_diagnostics.ErrorAndEnrichmentTests.test_malformed_error_values_count_as_unknown) ... ok
test_missing_target_team_stays_unknown (test_diagnostics.ErrorAndEnrichmentTests.test_missing_target_team_stays_unknown) ... ok
test_mixed_error_codes_are_categorized_exactly (test_diagnostics.ErrorAndEnrichmentTests.test_mixed_error_codes_are_categorized_exactly) ... ok
test_task_and_answer_failures_are_not_protocol_errors (test_diagnostics.ErrorAndEnrichmentTests.test_task_and_answer_failures_are_not_protocol_errors) ... ok
test_missing_manifest_in_repo_checkout_uses_git_commit (test_diagnostics.IdentityTests.test_missing_manifest_in_repo_checkout_uses_git_commit) ... ok
test_tampered_manifest_is_not_trusted (test_diagnostics.IdentityTests.test_tampered_manifest_is_not_trusted) ... ok
test_unsafe_manifest_paths_are_rejected_without_echo (test_diagnostics.IdentityTests.test_unsafe_manifest_paths_are_rejected_without_echo) ... ok
test_verified_manifest_outranks_parent_git_commit (test_diagnostics.IdentityTests.test_verified_manifest_outranks_parent_git_commit) ... ok
test_boolean_pending_state_and_advice_survive (test_diagnostics.IntegratedDecisionTests.test_boolean_pending_state_and_advice_survive) ... ok
test_channel_only_response_is_distinguished_from_truly_empty (test_diagnostics.SummaryTests.test_channel_only_response_is_distinguished_from_truly_empty) ... ok
test_command_tally_keeps_unknown_actions_out_of_named_buckets (test_diagnostics.SummaryTests.test_command_tally_keeps_unknown_actions_out_of_named_buckets) ... ok
test_emit_is_fail_open (test_diagnostics.SummaryTests.test_emit_is_fail_open) ... ok
test_failed_action_flags_and_protocol_errors_stay_separate (test_diagnostics.SummaryTests.test_failed_action_flags_and_protocol_errors_stay_separate) ... ok
test_missing_cooldown_is_not_ready (test_diagnostics.SummaryTests.test_missing_cooldown_is_not_ready) ... ok
test_missing_health_is_unknown_not_dead (test_diagnostics.SummaryTests.test_missing_health_is_unknown_not_dead) ... ok
test_missing_robot_data_is_not_cleared_robots (test_diagnostics.SummaryTests.test_missing_robot_data_is_not_cleared_robots) ... ok
test_nonfinite_health_is_unknown (test_diagnostics.SummaryTests.test_nonfinite_health_is_unknown) ... ok
test_observed_zero_cooldown_is_ready (test_diagnostics.SummaryTests.test_observed_zero_cooldown_is_ready) ... ok
test_observed_zero_health_is_dead (test_diagnostics.SummaryTests.test_observed_zero_health_is_dead) ... ok
test_parse_failure_and_planner_exception_are_labelled (test_diagnostics.SummaryTests.test_parse_failure_and_planner_exception_are_labelled) ... ok
test_secret_sentinel_never_reaches_the_summary (test_diagnostics.SummaryTests.test_secret_sentinel_never_reaches_the_summary) ... ok
test_summary_does_not_mutate_the_observation (test_diagnostics.SummaryTests.test_summary_does_not_mutate_the_observation) ... ok
test_task_items_are_reported_as_inventory_hint_only (test_diagnostics.SummaryTests.test_task_items_are_reported_as_inventory_hint_only) ... ok
test_diagnostics_failure_cannot_change_http_body (test_diagnostics_review.DiagnosticReviewTests.test_diagnostics_failure_cannot_change_http_body) ... ok
test_manifest_cannot_omit_identity_fields (test_diagnostics_review.DiagnosticReviewTests.test_manifest_cannot_omit_identity_fields) ... ok
test_no_invented_controller_pairing (test_diagnostics_review.DiagnosticReviewTests.test_no_invented_controller_pairing) ... ok
test_nonfinite_base_health_keeps_summary_available (test_diagnostics_review.DiagnosticReviewTests.test_nonfinite_base_health_keeps_summary_available) ... ok
test_pairing_comes_from_issued_action (test_diagnostics_review.DiagnosticReviewTests.test_pairing_comes_from_issued_action) ... ok
test_unknown_controller_health_stays_unknown (test_diagnostics_review.DiagnosticReviewTests.test_unknown_controller_health_stays_unknown) ... ok
test_unversioned_bundle_inside_git_checkout_has_unknown_commit (test_diagnostics_review.DiagnosticReviewTests.test_unversioned_bundle_inside_git_checkout_has_unknown_commit) ... ok
test_all_official_actions_have_exactly_one_planner (test_economy.ActionRegistryTests.test_all_official_actions_have_exactly_one_planner) ... ok
test_command_shape_matches_the_published_contract (test_economy.ActionRegistryTests.test_command_shape_matches_the_published_contract) ... ok
test_duplicate_registration_is_refused_unless_explicit (test_economy.ActionRegistryTests.test_duplicate_registration_is_refused_unless_explicit) ... ok
test_field_vocabulary_covers_the_published_actions (test_economy.ActionRegistryTests.test_field_vocabulary_covers_the_published_actions) ... ok
test_malformed_requests_are_rejected_before_reaching_the_wire (test_economy.ActionRegistryTests.test_malformed_requests_are_rejected_before_reaching_the_wire) ... ok
test_validation_keeps_official_fields_and_types (test_economy.ActionRegistryTests.test_validation_keeps_official_fields_and_types) ... ok
test_buy_plan_respects_gold_and_backpack_space (test_economy.MarketTests.test_buy_plan_respects_gold_and_backpack_space) ... ok
test_item_catalog_uses_official_spellings (test_economy.MarketTests.test_item_catalog_uses_official_spellings) ... ok
test_prices_come_from_the_observation (test_economy.MarketTests.test_prices_come_from_the_observation) ... ok
test_sell_value_ignores_items_the_vendor_does_not_buy (test_economy.MarketTests.test_sell_value_ignores_items_the_vendor_does_not_buy) ... ok
test_summon_orders_are_capped_per_day (test_economy.MarketTests.test_summon_orders_are_capped_per_day) ... ok
test_upgrade_chain_is_level_and_kind_specific (test_economy.MarketTests.test_upgrade_chain_is_level_and_kind_specific) ... ok
test_attack_still_works_after_the_new_branches (test_economy.SimulatorEconomyTests.test_attack_still_works_after_the_new_branches) ... ok
test_failed_sell_is_reported_and_changes_nothing (test_economy.SimulatorEconomyTests.test_failed_sell_is_reported_and_changes_nothing) ... ok
test_sell_command_through_step (test_economy.SimulatorEconomyTests.test_sell_command_through_step) ... ok
test_upgrade_through_step_changes_level_and_health (test_economy.SimulatorEconomyTests.test_upgrade_through_step_changes_level_and_health) ... ok
test_battle_item_without_targets_is_refused_and_kept (test_economy.TurnActionTests.test_battle_item_without_targets_is_refused_and_kept) ... ok
test_bomb_and_dizzy_queue_effects_and_do_not_touch_buildings (test_economy.TurnActionTests.test_bomb_and_dizzy_queue_effects_and_do_not_touch_buildings) ... ok
test_buy_charges_gold_and_fills_backpack (test_economy.TurnActionTests.test_buy_charges_gold_and_fills_backpack) ... ok
test_buy_refuses_when_gold_or_space_is_missing (test_economy.TurnActionTests.test_buy_refuses_when_gold_or_space_is_missing) ... ok
test_failed_upgrade_does_not_consume_the_voucher (test_economy.TurnActionTests.test_failed_upgrade_does_not_consume_the_voucher) ... ok
test_medicine_heals_but_is_not_wasted_at_full_health (test_economy.TurnActionTests.test_medicine_heals_but_is_not_wasted_at_full_health) ... ok
test_remove_wall_refunds_no_material (test_economy.TurnActionTests.test_remove_wall_refunds_no_material) ... ok
test_sell_refuses_more_than_held (test_economy.TurnActionTests.test_sell_refuses_more_than_held) ... ok
test_sell_refuses_without_adjacency_and_changes_nothing (test_economy.TurnActionTests.test_sell_refuses_without_adjacency_and_changes_nothing) ... ok
test_sell_uses_the_live_price_and_updates_gold (test_economy.TurnActionTests.test_sell_uses_the_live_price_and_updates_gold) ... ok
test_summon_limit_is_ten_per_day (test_economy.TurnActionTests.test_summon_limit_is_ten_per_day) ... ok
test_summon_order_lands_on_the_opponent (test_economy.TurnActionTests.test_summon_order_lands_on_the_opponent) ... ok
test_upgrade_refuses_when_not_adjacent (test_economy.TurnActionTests.test_upgrade_refuses_when_not_adjacent) ... ok
test_upgrade_requires_standing_next_to_the_target (test_economy.TurnActionTests.test_upgrade_requires_standing_next_to_the_target) ... ok
test_upgrade_voucher_raises_level_and_restores_full_health (test_economy.TurnActionTests.test_upgrade_voucher_raises_level_and_restores_full_health) ... ok
test_long_question_middle_is_retrieved_without_sandbox_command (test_evidence_memory.MemoryIntegrationTests.test_long_question_middle_is_retrieved_without_sandbox_command) ... ok
test_long_tool_document_is_retrievable_after_json_transport (test_evidence_memory.MemoryIntegrationTests.test_long_tool_document_is_retrievable_after_json_transport) ... ok
test_new_task_drops_old_raw_text_and_focus_tampering_is_rejected (test_evidence_memory.MemoryIntegrationTests.test_new_task_drops_old_raw_text_and_focus_tampering_is_rejected) ... ok
test_eviction_keeps_truthful_unavailable_marker (test_evidence_memory.MemoryTests.test_eviction_keeps_truthful_unavailable_marker) ... ok
test_find_and_range_read_preserve_middle_text_and_whitespace (test_evidence_memory.MemoryTests.test_find_and_range_read_preserve_middle_text_and_whitespace) ... ok
test_json_corruption_and_cross_generation_rejected (test_evidence_memory.MemoryTests.test_json_corruption_and_cross_generation_rejected) ... ok
test_unknown_source_is_not_a_host_file_or_network_tool (test_evidence_memory.MemoryTests.test_unknown_source_is_not_a_host_file_or_network_tool) ... ok
test_upstream_truncation_stays_explicit (test_evidence_memory.MemoryTests.test_upstream_truncation_stays_explicit) ... ok
test_ambiguous_or_malformed_external_envelopes_are_rejected (test_external_agent_simulator.ExternalAgentSimulatorTests.test_ambiguous_or_malformed_external_envelopes_are_rejected) ... ok
test_external_agent_completes_task_through_public_observations (test_external_agent_simulator.ExternalAgentSimulatorTests.test_external_agent_completes_task_through_public_observations) ... ok
test_external_commands_settle_without_local_policy_or_preview (test_external_agent_simulator.ExternalAgentSimulatorTests.test_external_commands_settle_without_local_policy_or_preview) ... ok
test_default_pool_is_a_fixed_column_array_with_at_most_nine_per_column (test_fixed_spawns.FixedPoolTests.test_default_pool_is_a_fixed_column_array_with_at_most_nine_per_column) ... ok
test_edge_base_keeps_a_full_nine_row_column (test_fixed_spawns.FixedPoolTests.test_edge_base_keeps_a_full_nine_row_column) ... ok
test_edge_base_pool_still_fits_the_largest_wave (test_fixed_spawns.FixedPoolTests.test_edge_base_pool_still_fits_the_largest_wave) ... ok
test_explicit_points_keep_caller_order_when_more_than_one_is_given (test_fixed_spawns.FixedPoolTests.test_explicit_points_keep_caller_order_when_more_than_one_is_given) ... ok
test_explicit_points_override_provisional_positions_and_shortage_is_visible (test_fixed_spawns.FixedPoolTests.test_explicit_points_override_provisional_positions_and_shortage_is_visible) ... ok
test_higher_tiers_take_the_nearer_slots_even_when_slots_are_occupied (test_fixed_spawns.FixedPoolTests.test_higher_tiers_take_the_nearer_slots_even_when_slots_are_occupied) ... ok
test_imported_official_snapshot_does_not_spawn_local_robots (test_fixed_spawns.FixedPoolTests.test_imported_official_snapshot_does_not_spawn_local_robots) ... ok
test_invalid_or_duplicate_configured_cells_are_rejected (test_fixed_spawns.FixedPoolTests.test_invalid_or_duplicate_configured_cells_are_rejected) ... ok
test_occupied_slot_is_skipped_without_spreading_outside_fixed_pool (test_fixed_spawns.FixedPoolTests.test_occupied_slot_is_skipped_without_spreading_outside_fixed_pool) ... ok
test_spawn_configuration_does_not_enter_competition_observation (test_fixed_spawns.FixedPoolTests.test_spawn_configuration_does_not_enter_competition_observation) ... ok
test_summoned_extras_stack_and_keep_tier_order (test_fixed_spawns.FixedPoolTests.test_summoned_extras_stack_and_keep_tier_order) ... ok
test_ten_nights_reuse_prefixes_of_one_fixed_pool_for_both_sides (test_fixed_spawns.FixedPoolTests.test_ten_nights_reuse_prefixes_of_one_fixed_pool_for_both_sides) ... ok
test_agent_demo_keeps_selected_local_pressure_and_observed_counts (test_fixed_spawns.MigrationAndRecordingTests.test_agent_demo_keeps_selected_local_pressure_and_observed_counts) ... ok
test_legacy_snapshot_without_profile_migrates_to_the_old_experiment_with_a_notice (test_fixed_spawns.MigrationAndRecordingTests.test_legacy_snapshot_without_profile_migrates_to_the_old_experiment_with_a_notice) ... ok
test_new_recording_saves_its_profile (test_fixed_spawns.MigrationAndRecordingTests.test_new_recording_saves_its_profile) ... ok
test_blank_attachment_types_are_zeroed_only_with_an_explicit_note (test_fixed_spawns.ObservedWaveTableTests.test_blank_attachment_types_are_zeroed_only_with_an_explicit_note) ... ok
test_days_eight_to_ten_are_marked_unobserved_and_extrapolate_five_small (test_fixed_spawns.ObservedWaveTableTests.test_days_eight_to_ten_are_marked_unobserved_and_extrapolate_five_small) ... ok
test_first_seven_days_match_the_attachment_totals_and_types (test_fixed_spawns.ObservedWaveTableTests.test_first_seven_days_match_the_attachment_totals_and_types) ... ok
test_pressure_never_multiplies_the_observed_profile (test_fixed_spawns.ObservedWaveTableTests.test_pressure_never_multiplies_the_observed_profile) ... ok
test_pressure_profile_keeps_the_old_growth_experiment (test_fixed_spawns.ObservedWaveTableTests.test_pressure_profile_keeps_the_old_growth_experiment) ... ok
test_unknown_profile_is_rejected (test_fixed_spawns.ObservedWaveTableTests.test_unknown_profile_is_rejected) ... ok
test_both_forward_halves_before_rear_halves_mirrored (test_front_wall_interior.FrontWallTests.test_both_forward_halves_before_rear_halves_mirrored) ... ok
test_build_type_survives_fixed_slot_reordering (test_front_wall_interior.FrontWallTests.test_build_type_survives_fixed_slot_reordering) ... ok
test_defending_pioneer_also_returns_but_active_task_is_not_forced_out (test_front_wall_interior.FrontWallTests.test_defending_pioneer_also_returns_but_active_task_is_not_forced_out) ... ok
test_fourth_night_blocks_treasure_and_task_arbitration_even_after_clearance (test_front_wall_interior.FrontWallTests.test_fourth_night_blocks_treasure_and_task_arbitration_even_after_clearance) ... ok
test_fourth_night_boundary_does_not_disable_daytime (test_front_wall_interior.FrontWallTests.test_fourth_night_boundary_does_not_disable_daytime) ... ok
test_fourth_night_cancels_clear_field_external_work (test_front_wall_interior.FrontWallTests.test_fourth_night_cancels_clear_field_external_work) ... ok
test_front_repair_uses_one_action_then_resumes_post (test_front_wall_interior.FrontWallTests.test_front_repair_uses_one_action_then_resumes_post) ... ok
test_interior_path_cannot_detour_outside (test_front_wall_interior.FrontWallTests.test_interior_path_cannot_detour_outside) ... ok
test_no_combat_repair_when_only_worker_or_outside (test_front_wall_interior.FrontWallTests.test_no_combat_repair_when_only_worker_or_outside) ... ok
test_outside_adjacent_controller_returns_instead_of_firing (test_front_wall_interior.FrontWallTests.test_outside_adjacent_controller_returns_instead_of_firing) ... ok
test_outside_worker_returns_even_without_any_gun (test_front_wall_interior.FrontWallTests.test_outside_worker_returns_even_without_any_gun) ... ok
test_quiet_external_mining_preserved_and_new_robot_aborts (test_front_wall_interior.FrontWallTests.test_quiet_external_mining_preserved_and_new_robot_aborts) ... ok
test_return_routes_around_front_wall_and_does_not_collide (test_front_wall_interior.FrontWallTests.test_return_routes_around_front_wall_and_does_not_collide) ... ok
test_sealed_ring_does_not_teleport_remove_or_attack_from_outside (test_front_wall_interior.FrontWallTests.test_sealed_ring_does_not_teleport_remove_or_attack_from_outside) ... ok
test_spaced_roster_has_three_distinct_transverse_positions (test_front_wall_interior.FrontWallTests.test_spaced_roster_has_three_distinct_transverse_positions) ... ok
test_weapon_level_three_outranks_healthy_base_but_not_emergency (test_front_wall_interior.FrontWallTests.test_weapon_level_three_outranks_healthy_base_but_not_emergency) ... ok
test_daylight_outside_background_is_brighter_than_night (test_frontend_daynight.DayNightPaletteTests.test_daylight_outside_background_is_brighter_than_night) ... ok
test_lighting_toggle_keeps_its_meaning (test_frontend_daynight.DayNightPaletteTests.test_lighting_toggle_keeps_its_meaning) ... ok
test_palette_comes_from_the_frame_round_not_the_clock (test_frontend_daynight.DayNightPaletteTests.test_palette_comes_from_the_frame_round_not_the_clock) ... ok
test_replay_seek_restores_the_frame_palette (test_frontend_daynight.DayNightPaletteTests.test_replay_seek_restores_the_frame_palette) ... ok
test_terrain_is_cached_per_phase_not_rebuilt_every_frame (test_frontend_daynight.DayNightPaletteTests.test_terrain_is_cached_per_phase_not_rebuilt_every_frame) ... ok
test_active_task_adds_a_short_countdown_and_thin_bar (test_frontend_labels.CrewDisplayTests.test_active_task_adds_a_short_countdown_and_thin_bar) ... ok
test_callouts_are_compact_readable_and_follow_walk (test_frontend_labels.CrewDisplayTests.test_callouts_are_compact_readable_and_follow_walk) ... ok
test_ended_is_not_automatically_success (test_frontend_labels.CrewDisplayTests.test_ended_is_not_automatically_success) ... ok
test_snapshot_countdown_is_remaining_time_and_rewinds (test_frontend_labels.CrewDisplayTests.test_snapshot_countdown_is_remaining_time_and_rewinds) ... ok
test_unknown_fields_and_enemy_task_do_not_invent_progress (test_frontend_labels.CrewDisplayTests.test_unknown_fields_and_enemy_task_do_not_invent_progress) ... ok
test_asset_urls_share_one_version_suffix (test_frontend_layout.LayoutContractTests.test_asset_urls_share_one_version_suffix)
A reload must fetch JS/CSS matching the served HTML, not a cached mix. ... ok
test_console_dropdowns_expand_in_place (test_frontend_layout.LayoutContractTests.test_console_dropdowns_expand_in_place) ... ok
test_console_owns_setup_transport_status_and_debug (test_frontend_layout.LayoutContractTests.test_console_owns_setup_transport_status_and_debug) ... ok
test_console_scrolls_on_its_own (test_frontend_layout.LayoutContractTests.test_console_scrolls_on_its_own) ... ok
test_console_track_is_compact_and_match_track_is_fluid (test_frontend_layout.LayoutContractTests.test_console_track_is_compact_and_match_track_is_fluid) ... ok
test_every_bound_id_still_exists (test_frontend_layout.LayoutContractTests.test_every_bound_id_still_exists) ... ok
test_marker_buttons_fit_their_lane (test_frontend_layout.LayoutContractTests.test_marker_buttons_fit_their_lane) ... ok
test_marker_lane_is_a_strip_in_the_timeline (test_frontend_layout.LayoutContractTests.test_marker_lane_is_a_strip_in_the_timeline) ... ok
test_match_column_owns_canvas_and_timeline (test_frontend_layout.LayoutContractTests.test_match_column_owns_canvas_and_timeline) ... ok
test_narrow_viewports_stack_without_overflow (test_frontend_layout.LayoutContractTests.test_narrow_viewports_stack_without_overflow) ... ok
test_routine_round_hint_cannot_flash (test_frontend_layout.LayoutContractTests.test_routine_round_hint_cannot_flash) ... ok
test_shell_is_console_and_game (test_frontend_layout.LayoutContractTests.test_shell_is_console_and_game) ... ok
test_shell_layout_has_one_source_of_truth (test_frontend_layout.LayoutContractTests.test_shell_layout_has_one_source_of_truth) ... ok
test_all_interaction_checks_pass (test_frontend_stability.FrontendStabilityTests.test_all_interaction_checks_pass) ... ok
test_goldNum_is_authoritative_and_missing_is_not_zero (test_issue27_economy.Issue27Tests.test_goldNum_is_authoritative_and_missing_is_not_zero) ... ok
test_markdown_submission_section_uses_structure_not_example_values (test_issue27_economy.Issue27Tests.test_markdown_submission_section_uses_structure_not_example_values) ... ok
test_standalone_check_conversion_is_narrow (test_issue27_economy.Issue27Tests.test_standalone_check_conversion_is_narrow) ... ok
test_mixed_default_and_idle_worker_fills_ready_adjacent_weapon (test_issue27_economy.ReadinessTests.test_mixed_default_and_idle_worker_fills_ready_adjacent_weapon) ... ok
test_base_and_wall_vouchers_are_eligible_and_carried_item_needs_no_shop (test_issue27_economy.UpgradeTests.test_base_and_wall_vouchers_are_eligible_and_carried_item_needs_no_shop) ... ok
test_current_day_plan_does_not_override_shopping_with_wall_work (test_issue27_economy.UpgradeTests.test_current_day_plan_does_not_override_shopping_with_wall_work) ... ok
test_far_shop_real_buy_return_use_both_sides (test_issue27_economy.UpgradeTests.test_far_shop_real_buy_return_use_both_sides) ... ok
test_guard_budget_time_full_bag_and_vendor_only (test_issue27_economy.UpgradeTests.test_guard_budget_time_full_bag_and_vendor_only) ... ok
test_a_new_match_round_restart_resets_the_allowance (test_llm_budget_contract.LlmBudgetTests.test_a_new_match_round_restart_resets_the_allowance) ... ok
test_in_task_calls_do_not_disturb_the_normal_balance (test_llm_budget_contract.LlmBudgetTests.test_in_task_calls_do_not_disturb_the_normal_balance) ... ok
test_in_task_calls_stay_available_and_are_not_counted (test_llm_budget_contract.LlmBudgetTests.test_in_task_calls_stay_available_and_are_not_counted) ... ok
test_round_130_keeps_day_one_and_131_resets (test_llm_budget_contract.LlmBudgetTests.test_round_130_keeps_day_one_and_131_resets) ... ok
test_three_calls_available_and_the_fourth_is_guarded (test_llm_budget_contract.LlmBudgetTests.test_three_calls_available_and_the_fourth_is_guarded) ... ok
test_two_planner_states_keep_independent_allowances (test_llm_budget_contract.LlmBudgetTests.test_two_planner_states_keep_independent_allowances) ... ok
test_allowance_and_command_counters_round_trip (test_llm_budget_contract.PlannerMemoryContractTests.test_allowance_and_command_counters_round_trip) ... ok
test_command_result_round_trips (test_llm_budget_contract.PlannerMemoryContractTests.test_command_result_round_trips) ... ok
test_current_task_text_and_submission_records_round_trip (test_llm_budget_contract.PlannerMemoryContractTests.test_current_task_text_and_submission_records_round_trip) ... ok
test_pending_prompt_and_command_round_trip (test_llm_budget_contract.PlannerMemoryContractTests.test_pending_prompt_and_command_round_trip) ... ok
test_same_round_result_is_not_mistaken_for_a_new_result (test_llm_budget_contract.PlannerMemoryContractTests.test_same_round_result_is_not_mistaken_for_a_new_result) ... ok
test_solver_notes_round_trip_through_json (test_llm_budget_contract.PlannerMemoryContractTests.test_solver_notes_round_trip_through_json) ... ok
test_mark_emitted_does_not_overwrite_an_in_flight_request (test_llm_router.AccountingEdgeTests.test_mark_emitted_does_not_overwrite_an_in_flight_request) ... ok
test_repeated_input_does_not_double_charge_or_resend (test_llm_router.AccountingEdgeTests.test_repeated_input_does_not_double_charge_or_resend) ... ok
test_sent_at_130_reply_at_131_is_charged_once (test_llm_router.AccountingEdgeTests.test_sent_at_130_reply_at_131_is_charged_once) ... ok
test_uncertain_reservation_stays_charged (test_llm_router.AccountingEdgeTests.test_uncertain_reservation_stays_charged) ... ok
test_caller_hint_cannot_confer_a_task_exemption (test_llm_router.BudgetSharingTests.test_caller_hint_cannot_confer_a_task_exemption) ... ok
test_cmd_does_not_consume_the_llm_allowance (test_llm_router.BudgetSharingTests.test_cmd_does_not_consume_the_llm_allowance) ... ok
test_cmd_requires_a_confirmed_task (test_llm_router.BudgetSharingTests.test_cmd_requires_a_confirmed_task) ... ok
test_confirmed_task_request_still_allowed_and_ordinary_balance_unchanged (test_llm_router.BudgetSharingTests.test_confirmed_task_request_still_allowed_and_ordinary_balance_unchanged) ... ok
test_invalid_task_work_is_dropped_not_launched (test_llm_router.BudgetSharingTests.test_invalid_task_work_is_dropped_not_launched) ... ok
test_news_and_treasure_share_the_three_call_allowance (test_llm_router.BudgetSharingTests.test_news_and_treasure_share_the_three_call_allowance) ... ok
test_command_header_is_anchored (test_llm_router.CorrelationTests.test_command_header_is_anchored) ... ok
test_json_duplicate_keys_and_non_object_are_rejected (test_llm_router.CorrelationTests.test_json_duplicate_keys_and_non_object_are_rejected) ... ok
test_json_nonce_key_also_correlates (test_llm_router.CorrelationTests.test_json_nonce_key_also_correlates) ... ok
test_json_request_id_must_match_top_level (test_llm_router.CorrelationTests.test_json_request_id_must_match_top_level) ... ok
test_nonce_with_unsupported_shape_never_falls_back (test_llm_router.CorrelationTests.test_nonce_with_unsupported_shape_never_falls_back) ... ok
test_shape_decides_the_matcher_and_mismatch_is_quarantined (test_llm_router.CorrelationTests.test_shape_decides_the_matcher_and_mismatch_is_quarantined) ... ok
test_verified_json_result_is_delivered_with_genuine_digest (test_llm_router.CorrelationTests.test_verified_json_result_is_delivered_with_genuine_digest) ... ok
test_forged_official_fields_and_tools_are_rejected (test_llm_router.ModelPlanTests.test_forged_official_fields_and_tools_are_rejected) ... ok
test_non_json_and_oversized_are_rejected (test_llm_router.ModelPlanTests.test_non_json_and_oversized_are_rejected) ... ok
test_valid_plan_is_accepted (test_llm_router.ModelPlanTests.test_valid_plan_is_accepted) ... ok
test_oversized_command_is_rejected (test_llm_router.PayloadBoundTests.test_oversized_command_is_rejected) ... ok
test_oversized_prompt_is_rejected_not_chopped (test_llm_router.PayloadBoundTests.test_oversized_prompt_is_rejected_not_chopped) ... ok
test_prompt_limit_is_larger_than_command_limit (test_llm_router.PayloadBoundTests.test_prompt_limit_is_larger_than_command_limit) ... ok
test_duplicate_old_reply_after_delivery_is_quarantined (test_llm_router.ReceiptAttributionTests.test_duplicate_old_reply_after_delivery_is_quarantined) ... ok
test_empty_then_late_reply_expires (test_llm_router.ReceiptAttributionTests.test_empty_then_late_reply_expires) ... ok
test_reply_after_wait_is_quarantined_even_if_nonempty (test_llm_router.ReceiptAttributionTests.test_reply_after_wait_is_quarantined_even_if_nonempty) ... ok
test_same_round_payload_is_not_a_new_result (test_llm_router.ReceiptAttributionTests.test_same_round_payload_is_not_a_new_result) ... ok
test_stale_generation_reply_is_quarantined (test_llm_router.ReceiptAttributionTests.test_stale_generation_reply_is_quarantined) ... ok
test_task_ending_quarantines_the_pending_reply (test_llm_router.ReceiptAttributionTests.test_task_ending_quarantines_the_pending_reply) ... ok
test_two_sides_do_not_share_receipts_or_quota (test_llm_router.ReceiptAttributionTests.test_two_sides_do_not_share_receipts_or_quota) ... ok
test_unsolicited_reply_is_quarantined_without_breaking (test_llm_router.ReceiptAttributionTests.test_unsolicited_reply_is_quarantined_without_breaking) ... ok
test_degraded_state_survives_roundtrip (test_llm_router.StrictPersistenceTests.test_degraded_state_survives_roundtrip) ... ok
test_oversized_request_state_is_rejected (test_llm_router.StrictPersistenceTests.test_oversized_request_state_is_rejected) ... ok
test_queue_cap_and_bool_types_are_strict (test_llm_router.StrictPersistenceTests.test_queue_cap_and_bool_types_are_strict) ... ok
test_roundtrip_does_not_resend_or_reuse_ids (test_llm_router.StrictPersistenceTests.test_roundtrip_does_not_resend_or_reuse_ids) ... ok
test_roundtrip_preserves_counter_history_and_charge_marker (test_llm_router.StrictPersistenceTests.test_roundtrip_preserves_counter_history_and_charge_marker) ... ok
test_unknown_schema_degrades_and_grants_nothing (test_llm_router.StrictPersistenceTests.test_unknown_schema_degrades_and_grants_nothing) ... ok
test_disabled_response_is_the_legacy_prompt (test_llm_router_integration.DisabledPathTests.test_disabled_response_is_the_legacy_prompt) ... ok
test_role_command_map_is_identical_enabled_and_disabled (test_llm_router_integration.DisabledPathTests.test_role_command_map_is_identical_enabled_and_disabled) ... ok
test_router_is_off_by_default_and_state_is_untouched (test_llm_router_integration.DisabledPathTests.test_router_is_off_by_default_and_state_is_untouched) ... ok
test_at_most_one_channel_and_legal_response_keys (test_llm_router_integration.EnabledEmissionTests.test_at_most_one_channel_and_legal_response_keys) ... ok
test_preview_creates_no_pending_and_charges_nothing (test_llm_router_integration.EnabledEmissionTests.test_preview_creates_no_pending_and_charges_nothing) ... ok
test_router_fault_still_returns_a_legal_response (test_llm_router_integration.EnabledEmissionTests.test_router_fault_still_returns_a_legal_response) ... ok
test_substantial_context_is_emitted_through_brain (test_llm_router_integration.EnabledEmissionTests.test_substantial_context_is_emitted_through_brain) ... ok
test_unconfirmed_task_never_emits_a_prompt (test_llm_router_integration.EnabledEmissionTests.test_unconfirmed_task_never_emits_a_prompt) ... ok
test_broken_router_context_degrades_explicitly (test_llm_router_integration.PlannerPersistenceTests.test_broken_router_context_degrades_explicitly) ... ok
test_roundtrip_keeps_router_context_and_text (test_llm_router_integration.PlannerPersistenceTests.test_roundtrip_keeps_router_context_and_text) ... ok
test_unknown_planner_schema_degrades_and_never_frees_quota (test_llm_router_integration.PlannerPersistenceTests.test_unknown_planner_schema_degrades_and_never_frees_quota) ... ok
test_mixed_loadouts_construct_exact_roster_on_both_sides (test_loadouts.LoadoutTests.test_mixed_loadouts_construct_exact_roster_on_both_sides) ... ok
test_api_shape_discards_reasoning_and_credentials (test_local_llm.LocalLLMTests.test_api_shape_discards_reasoning_and_credentials) ... ok
test_budget_failure_and_provider_exception_are_not_answers (test_local_llm.LocalLLMTests.test_budget_failure_and_provider_exception_are_not_answers) ... ok
test_full_task_chain_uses_model_answer_and_no_private_answer_key (test_local_llm.LocalLLMTests.test_full_task_chain_uses_model_answer_and_no_private_answer_key) ... ok
test_local_output_budget_is_bounded_and_reported (test_local_llm.LocalLLMTests.test_local_output_budget_is_bounded_and_reported) ... ok
test_official_http_keeps_optional_channels_without_calling_api (test_local_llm.LocalLLMTests.test_official_http_keeps_optional_channels_without_calling_api) ... ok
test_openrouter_credentials_do_not_fall_back_to_another_provider_key (test_local_llm.LocalLLMTests.test_openrouter_credentials_do_not_fall_back_to_another_provider_key) ... ok
test_pending_and_command_result_survive_json_roundtrip (test_local_llm.LocalLLMTests.test_pending_and_command_result_survive_json_roundtrip) ... ok
test_pending_poll_does_not_advance_or_duplicate_request (test_local_llm.LocalLLMTests.test_pending_poll_does_not_advance_or_duplicate_request) ... ok
test_provider_diagnostics_only_keep_known_enums_and_nonnegative_counters (test_local_llm.LocalLLMTests.test_provider_diagnostics_only_keep_known_enums_and_nonnegative_counters) ... ok
test_truncated_provider_response_is_diagnosed_without_exposing_partial_answer (test_local_llm.LocalLLMTests.test_truncated_provider_response_is_diagnosed_without_exposing_partial_answer) ... ok
test_adapter_delivers_official_shaped_result_and_keeps_private_fixture_private (test_local_task_sandbox.VirtualSandboxTests.test_adapter_delivers_official_shaped_result_and_keeps_private_fixture_private) ... ok
test_bad_queries_have_nonzero_exit_and_can_be_corrected (test_local_task_sandbox.VirtualSandboxTests.test_bad_queries_have_nonzero_exit_and_can_be_corrected) ... ok
test_changed_path_is_discovered_from_new_document (test_local_task_sandbox.VirtualSandboxTests.test_changed_path_is_discovered_from_new_document) ... ok
test_directory_read_is_not_reported_as_a_missing_file (test_local_task_sandbox.VirtualSandboxTests.test_directory_read_is_not_reported_as_a_missing_file) ... ok
test_discovery_read_query_and_changed_parameters (test_local_task_sandbox.VirtualSandboxTests.test_discovery_read_query_and_changed_parameters) ... ok
test_empty_declared_directory_and_cwd_exist (test_local_task_sandbox.VirtualSandboxTests.test_empty_declared_directory_and_cwd_exist) ... ok
test_exact_decimal_sum_does_not_include_other_records (test_local_task_sandbox.VirtualSandboxTests.test_exact_decimal_sum_does_not_include_other_records) ... ok
test_faults_and_multibyte_truncation (test_local_task_sandbox.VirtualSandboxTests.test_faults_and_multibyte_truncation) ... ok
test_no_host_commands_file_reads_or_partial_shell_execution (test_local_task_sandbox.VirtualSandboxTests.test_no_host_commands_file_reads_or_partial_shell_execution) ... ok
test_task_permission_and_input_bounds (test_local_task_sandbox.VirtualSandboxTests.test_task_permission_and_input_bounds) ... ok
test_actual_collect_action_is_blocked_only_during_the_outage (test_local_world_news.DailyNewsFixtureTests.test_actual_collect_action_is_blocked_only_during_the_outage) ... ok
test_day_boundaries_and_price_restoration (test_local_world_news.DailyNewsFixtureTests.test_day_boundaries_and_price_restoration) ... ok
test_default_scenario_is_unchanged_without_opt_in (test_local_world_news.DailyNewsFixtureTests.test_default_scenario_is_unchanged_without_opt_in) ... ok
test_no_future_clue_or_private_conditions_in_observations_or_decisions (test_local_world_news.DailyNewsFixtureTests.test_no_future_clue_or_private_conditions_in_observations_or_decisions) ... ok
test_shifted_start_day_uses_absolute_game_dates (test_local_world_news.DailyNewsFixtureTests.test_shifted_start_day_uses_absolute_game_dates) ... ok
test_three_days_publish_only_the_current_piece_and_survive_json_transport (test_local_world_news.DailyNewsFixtureTests.test_three_days_publish_only_the_current_piece_and_survive_json_transport) ... ok
test_long_clues_lead_to_actual_purchase_travel_and_summon_on_both_sides (test_long_world_simulator.LongWorldSimulatorTests.test_long_clues_lead_to_actual_purchase_travel_and_summon_on_both_sides) ... ok
test_opt_in_scene_exposes_only_current_long_publication (test_long_world_simulator.LongWorldSimulatorTests.test_opt_in_scene_exposes_only_current_long_publication) ... ok
test_broken_base_ends_the_match (test_match.EndConditionTests.test_broken_base_ends_the_match) ... ok
test_frame_reports_both_sides_and_their_vision (test_match.EndConditionTests.test_frame_reports_both_sides_and_their_vision) ... ok
test_result_is_labelled_local (test_match.EndConditionTests.test_result_is_labelled_local) ... ok
test_round_limit_ends_the_match (test_match.EndConditionTests.test_round_limit_ends_the_match) ... ok
test_a_round_advances_once_and_keeps_both_teams (test_match.RoundTests.test_a_round_advances_once_and_keeps_both_teams) ... ok
test_both_sides_are_asked_before_either_is_settled (test_match.RoundTests.test_both_sides_are_asked_before_either_is_settled)
No first-mover advantage: both command sets come from one snapshot. ... ok
test_both_teams_act_in_the_same_round (test_match.RoundTests.test_both_teams_act_in_the_same_round)
Both sides must produce activity, not just the first one. ... ok
test_each_side_keeps_its_own_score_and_gold (test_match.RoundTests.test_each_side_keeps_its_own_score_and_gold) ... ok
test_each_side_reads_its_own_published_fields (test_match.RoundTests.test_each_side_reads_its_own_published_fields)
A team must read the task text the judge sent *it*. ... ok
test_published_judge_fields_survive_the_round (test_match.RoundTests.test_published_judge_fields_survive_the_round)
phaseTask / lastCmdResult must reach the next round's request. ... ok
test_waves_actually_spawn_in_a_two_team_match (test_match.RoundTests.test_waves_actually_spawn_in_a_two_team_match)
The local lifecycle must run: robots, mines and pressure are part of it. ... ok
test_each_side_gets_its_own_planner_memory (test_match.SetupTests.test_each_side_gets_its_own_planner_memory) ... ok
test_requests_are_vision_filtered_for_each_side (test_match.SetupTests.test_requests_are_vision_filtered_for_each_side) ... ok
test_world_has_two_real_teams (test_match.SetupTests.test_world_has_two_real_teams) ... ok
test_both_sides_spawn_their_own_full_observed_wave_at_night (test_match.SpawnIsolationTests.test_both_sides_spawn_their_own_full_observed_wave_at_night) ... ok
test_custom_blue_pool_is_preserved_and_red_gets_its_own (test_match.SpawnIsolationTests.test_custom_blue_pool_is_preserved_and_red_gets_its_own) ... ok
test_custom_red_pool_from_the_mirror_is_preserved (test_match.SpawnIsolationTests.test_custom_red_pool_from_the_mirror_is_preserved) ... ok
test_each_side_gets_its_own_fixed_pool_columns (test_match.SpawnIsolationTests.test_each_side_gets_its_own_fixed_pool_columns) ... ok
test_legacy_layout_without_owner_is_adopted_for_its_side_only (test_match.SpawnIsolationTests.test_legacy_layout_without_owner_is_adopted_for_its_side_only) ... ok
test_both_base_adjacent_vendor_cells_are_reachable_from_the_worker (test_metal_economy.BoardGeometryTests.test_both_base_adjacent_vendor_cells_are_reachable_from_the_worker) ... ok
test_worker_and_mine_are_legal_adjacent_ground_outside_the_ring (test_metal_economy.BoardGeometryTests.test_worker_and_mine_are_legal_adjacent_ground_outside_the_ring) ... ok
test_another_workers_errand_is_not_bypassed (test_metal_economy.MetalCollectionTests.test_another_workers_errand_is_not_bypassed) ... ok
test_both_sides_get_the_same_metal_decision (test_metal_economy.MetalCollectionTests.test_both_sides_get_the_same_metal_decision) ... ok
test_completed_defence_with_adjacent_copper_collects_copper (test_metal_economy.MetalCollectionTests.test_completed_defence_with_adjacent_copper_collects_copper) ... ok
test_dearest_published_ore_wins_and_reversed_prices_reverse_it (test_metal_economy.MetalCollectionTests.test_dearest_published_ore_wins_and_reversed_prices_reverse_it) ... ok
test_defence_construction_keeps_priority_over_metal (test_metal_economy.MetalCollectionTests.test_defence_construction_keeps_priority_over_metal) ... ok
test_dusk_and_night_start_no_new_daytime_mining (test_metal_economy.MetalCollectionTests.test_dusk_and_night_start_no_new_daytime_mining) ... ok
test_inaccessible_vendor_prevents_starting_metal_mining (test_metal_economy.MetalCollectionTests.test_inaccessible_vendor_prevents_starting_metal_mining) ... ok
test_iron_only_board_collects_iron (test_metal_economy.MetalCollectionTests.test_iron_only_board_collects_iron) ... ok
test_missing_tower_wins_over_metal_with_site_budget_and_route (test_metal_economy.MetalCollectionTests.test_missing_tower_wins_over_metal_with_site_budget_and_route)
A real, reachable tower site plus enough gold must still be built. ... ok
test_no_mine_out_of_range_and_full_backpack_issue_nothing (test_metal_economy.MetalCollectionTests.test_no_mine_out_of_range_and_full_backpack_issue_nothing) ... ok
test_ore_without_a_published_price_is_never_mined (test_metal_economy.MetalCollectionTests.test_ore_without_a_published_price_is_never_mined) ... ok
test_unreachable_vendor_walk_keeps_the_loaded_worker_in_place (test_metal_economy.MetalCollectionTests.test_unreachable_vendor_walk_keeps_the_loaded_worker_in_place) ... ok
test_worker_with_a_full_metal_bag_walks_toward_the_vendor (test_metal_economy.MetalCollectionTests.test_worker_with_a_full_metal_bag_walks_toward_the_vendor) ... ok
test_real_map_mine_carry_sell_raises_gold (test_metal_economy.RealBoardChainTests.test_real_map_mine_carry_sell_raises_gold) ... ok
test_a_missing_price_stops_the_loop_instead_of_stockpiling (test_metal_economy.RealRoundChainTests.test_a_missing_price_stops_the_loop_instead_of_stockpiling) ... ok
test_iron_only_board_runs_the_same_chain (test_metal_economy.RealRoundChainTests.test_iron_only_board_runs_the_same_chain) ... ok
test_mine_carry_sell_increases_gold_without_privileged_inputs (test_metal_economy.RealRoundChainTests.test_mine_carry_sell_increases_gold_without_privileged_inputs) ... ok
test_night_keeps_the_crew_home_and_issues_no_collect (test_metal_economy.RealRoundChainTests.test_night_keeps_the_crew_home_and_issues_no_collect) ... ok
test_sell_uses_the_published_price_and_rejects_unlisted_ore (test_metal_economy.SellPolicyTests.test_sell_uses_the_published_price_and_rejects_unlisted_ore) ... ok
test_selling_is_only_issued_next_to_the_vendor (test_metal_economy.SellPolicyTests.test_selling_is_only_issued_next_to_the_vendor) ... ok
test_surplus_metal_alone_does_not_trigger_a_sale (test_metal_economy.SellPolicyTests.test_surplus_metal_alone_does_not_trigger_a_sale) ... ok
test_the_stone_reserve_is_kept_when_metal_is_sold (test_metal_economy.SellPolicyTests.test_the_stone_reserve_is_kept_when_metal_is_sold) ... ok
test_method_hint_saves_one_discovery_operation_under_fixed_script (test_method_transfer.MethodTransferTests.test_method_hint_saves_one_discovery_operation_under_fixed_script) ... ok
test_new_city_rechecks_document_and_queries_new_data (test_method_transfer.MethodTransferTests.test_new_city_rechecks_document_and_queries_new_data) ... ok
test_same_document_path_changed_interface_does_not_reuse_old_format (test_method_transfer.MethodTransferTests.test_same_document_path_changed_interface_does_not_reuse_old_format) ... ok
test_blocked_terrain_is_refused_with_a_reason (test_movement.MoveResolutionTests.test_blocked_terrain_is_refused_with_a_reason) ... ok
test_chain_into_a_vacated_cell (test_movement.MoveResolutionTests.test_chain_into_a_vacated_cell) ... ok
test_cycle_frees_nothing_so_nobody_moves (test_movement.MoveResolutionTests.test_cycle_frees_nothing_so_nobody_moves) ... ok
test_free_moves_all_apply (test_movement.MoveResolutionTests.test_free_moves_all_apply) ... ok
test_resolution_is_deterministic (test_movement.MoveResolutionTests.test_resolution_is_deterministic) ... ok
test_stationary_occupant_blocks_the_step (test_movement.MoveResolutionTests.test_stationary_occupant_blocks_the_step) ... ok
test_swap_moves_both_roles (test_movement.MoveResolutionTests.test_swap_moves_both_roles) ... ok
test_two_roles_aimed_at_one_cell_nobody_moves (test_movement.MoveResolutionTests.test_two_roles_aimed_at_one_cell_nobody_moves) ... ok
test_swap_through_step_moves_both_workers (test_movement.SimulatorMoveIntegrationTests.test_swap_through_step_moves_both_workers) ... ok
test_conflicts_and_gap_ranges_suppress_only_affected_signals (test_news_economy.NewsEconomyTests.test_conflicts_and_gap_ranges_suppress_only_affected_signals) ... ok
test_current_observation_overrides_inconsistent_absolute_forecast (test_news_economy.NewsEconomyTests.test_current_observation_overrides_inconsistent_absolute_forecast) ... ok
test_direction_only_does_not_invent_absolute_price (test_news_economy.NewsEconomyTests.test_direction_only_does_not_invent_absolute_price) ... ok
test_explicit_drop_produces_advice_without_rewriting_price (test_news_economy.NewsEconomyTests.test_explicit_drop_produces_advice_without_rewriting_price) ... ok
test_stone_reserve_unsellable_and_invalid_prices_are_not_overridden (test_news_economy.NewsEconomyTests.test_stone_reserve_unsellable_and_invalid_prices_are_not_overridden) ... ok
test_uncertain_dates_missing_sources_and_nonforecast_days_do_not_accelerate (test_news_economy.NewsEconomyTests.test_uncertain_dates_missing_sources_and_nonforecast_days_do_not_accelerate) ... ok
test_corrected_forecast_and_other_turn_context_do_not_trigger_sale (test_news_economy_integration.NewsEconomyIntegration.test_corrected_forecast_and_other_turn_context_do_not_trigger_sale) ... ok
test_news_changes_alphabetical_sale_order_at_vendor (test_news_economy_integration.NewsEconomyIntegration.test_news_changes_alphabetical_sale_order_at_vendor) ... ok
test_one_unit_gets_a_vendor_mission_only_after_validated_news (test_news_economy_integration.NewsEconomyIntegration.test_one_unit_gets_a_vendor_mission_only_after_validated_news) ... ok
test_real_planner_populates_advice_from_public_memory_for_both_sides (test_news_economy_integration.NewsEconomyIntegration.test_real_planner_populates_advice_from_public_memory_for_both_sides) ... ok
test_return_deadline_missing_towers_or_walls_and_unreachable_vendor_keep_baseline (test_news_economy_integration.NewsEconomyIntegration.test_return_deadline_missing_towers_or_walls_and_unreachable_vendor_keep_baseline) ... ok
test_settlement_uses_current_quote_and_preserves_stone (test_news_economy_integration.NewsEconomyIntegration.test_settlement_uses_current_quote_and_preserves_stone) ... ok
test_capacity_marks_a_gap_instead_of_silently_dropping_active_facts (test_news_ledger.CapacityAndPersistenceTests.test_capacity_marks_a_gap_instead_of_silently_dropping_active_facts) ... ok
test_dump_load_round_trip_and_tamper_rejection (test_news_ledger.CapacityAndPersistenceTests.test_dump_load_round_trip_and_tamper_rejection) ... ok
test_eviction_gap_survives_json_and_suppresses_a_one_sided_ban (test_news_ledger.CapacityAndPersistenceTests.test_eviction_gap_survives_json_and_suppresses_a_one_sided_ban) ... ok
test_migrated_record_with_a_replaced_quote_is_not_trusted (test_news_ledger.CapacityAndPersistenceTests.test_migrated_record_with_a_replaced_quote_is_not_trusted) ... ok
test_migrated_record_without_a_verifiable_source_is_downgraded (test_news_ledger.CapacityAndPersistenceTests.test_migrated_record_without_a_verifiable_source_is_downgraded) ... ok
test_prompt_context_keeps_omitted_history_and_gaps_visible (test_news_ledger.CapacityAndPersistenceTests.test_prompt_context_keeps_omitted_history_and_gaps_visible) ... ok
test_unknown_schema_and_tampered_source_still_degrade (test_news_ledger.CapacityAndPersistenceTests.test_unknown_schema_and_tampered_source_still_degrade) ... ok
test_v2_archive_migrates_without_refreshing_the_ordinary_quota (test_news_ledger.CapacityAndPersistenceTests.test_v2_archive_migrates_without_refreshing_the_ordinary_quota) ... ok
test_ambiguous_correction_is_never_guessed (test_news_ledger.ConflictAndCorrectionTests.test_ambiguous_correction_is_never_guessed) ... ok
test_bounded_correction_chain_updates_its_own_fact (test_news_ledger.ConflictAndCorrectionTests.test_bounded_correction_chain_updates_its_own_fact) ... ok
test_cross_resource_or_non_overlapping_resolution_is_rejected (test_news_ledger.ConflictAndCorrectionTests.test_cross_resource_or_non_overlapping_resolution_is_rejected) ... ok
test_different_price_bases_are_not_compared_as_a_conflict (test_news_ledger.ConflictAndCorrectionTests.test_different_price_bases_are_not_compared_as_a_conflict) ... ok
test_expired_and_undated_events_never_become_a_permanent_ban (test_news_ledger.ConflictAndCorrectionTests.test_expired_and_undated_events_never_become_a_permanent_ban) ... ok
test_explicit_correction_keeps_old_and_new_records (test_news_ledger.ConflictAndCorrectionTests.test_explicit_correction_keeps_old_and_new_records) ... ok
test_explicit_resolution_points_at_a_known_record (test_news_ledger.ConflictAndCorrectionTests.test_explicit_resolution_points_at_a_known_record) ... ok
test_explicit_resolution_without_correction_wording_is_rejected (test_news_ledger.ConflictAndCorrectionTests.test_explicit_resolution_without_correction_wording_is_rejected) ... ok
test_opposite_directions_at_the_same_time_conflict (test_news_ledger.ConflictAndCorrectionTests.test_opposite_directions_at_the_same_time_conflict) ... ok
test_pending_publication_keeps_the_valid_ledger (test_news_ledger.ConflictAndCorrectionTests.test_pending_publication_keeps_the_valid_ledger) ... ok
test_uncorrected_opposite_messages_keep_both_and_conflict (test_news_ledger.ConflictAndCorrectionTests.test_uncorrected_opposite_messages_keep_both_and_conflict) ... ok
test_boolean_or_out_of_range_endpoints_are_rejected (test_news_ledger.DateConsistencyTests.test_boolean_or_out_of_range_endpoints_are_rejected) ... ok
test_each_endpoint_may_be_unknown_but_known_ones_stay_consistent (test_news_ledger.DateConsistencyTests.test_each_endpoint_may_be_unknown_but_known_ones_stay_consistent) ... ok
test_resume_must_be_after_the_end (test_news_ledger.DateConsistencyTests.test_resume_must_be_after_the_end) ... ok
test_accepted_amount_never_replaces_the_live_vendor_price (test_news_ledger.EndToEndLedgerTests.test_accepted_amount_never_replaces_the_live_vendor_price) ... ok
test_four_day_example_bans_five_and_six_but_not_seven (test_news_ledger.EndToEndLedgerTests.test_four_day_example_bans_five_and_six_but_not_seven) ... ok
test_correction_wording_is_explicit (test_news_ledger.IdentityTests.test_correction_wording_is_explicit) ... ok
test_quote_punctuation_and_evidence_order_do_not_split_a_fact (test_news_ledger.IdentityTests.test_quote_punctuation_and_evidence_order_do_not_split_a_fact) ... ok
test_semantics_and_publication_change_the_identity (test_news_ledger.IdentityTests.test_semantics_and_publication_change_the_identity) ... ok
test_bound_amounts_are_stored_with_their_basis (test_news_ledger.PriceAmountLedgerTests.test_bound_amounts_are_stored_with_their_basis) ... ok
test_forged_quote_is_rejected (test_news_ledger.PriceAmountLedgerTests.test_forged_quote_is_rejected) ... ok
test_non_finite_amounts_are_rejected (test_news_ledger.PriceAmountLedgerTests.test_non_finite_amounts_are_rejected) ... ok
test_unbound_or_mismatched_amounts_are_rejected (test_news_ledger.PriceAmountLedgerTests.test_unbound_or_mismatched_amounts_are_rejected) ... ok
test_unknown_magnitude_stays_null (test_news_ledger.PriceAmountLedgerTests.test_unknown_magnitude_stays_null) ... ok
test_a_date_number_cannot_support_an_amount (test_news_ledger.PriceEvidenceTests.test_a_date_number_cannot_support_an_amount) ... ok
test_amounts_match_exactly_without_relative_tolerance (test_news_ledger.PriceEvidenceTests.test_amounts_match_exactly_without_relative_tolerance) ... ok
test_amounts_reject_booleans_non_finite_and_negative (test_news_ledger.PriceEvidenceTests.test_amounts_reject_booleans_non_finite_and_negative) ... ok
test_falling_prices_are_bound_with_the_same_rules (test_news_ledger.PriceEvidenceTests.test_falling_prices_are_bound_with_the_same_rules) ... ok
test_large_integers_stay_exact_without_overflow (test_news_ledger.PriceEvidenceTests.test_large_integers_stay_exact_without_overflow) ... ok
test_negation_and_percentage_points_do_not_support_a_positive_price (test_news_ledger.PriceEvidenceTests.test_negation_and_percentage_points_do_not_support_a_positive_price) ... ok
test_only_bound_amounts_are_extracted (test_news_ledger.PriceEvidenceTests.test_only_bound_amounts_are_extracted) ... ok
test_unknown_amount_is_the_only_unknown_basis (test_news_ledger.PriceEvidenceTests.test_unknown_amount_is_the_only_unknown_basis) ... ok
test_wrong_amount_basis_or_unit_is_rejected (test_news_ledger.PriceEvidenceTests.test_wrong_amount_basis_or_unit_is_rejected) ... ok
test_every_record_is_program_marked_inferred (test_news_ledger.ProvenanceLedgerTests.test_every_record_is_program_marked_inferred) ... ok
test_model_cannot_declare_observed_or_supply_internal_fields (test_news_ledger.ProvenanceLedgerTests.test_model_cannot_declare_observed_or_supply_internal_fields) ... ok
test_quote_punctuation_variant_is_one_fact_with_both_quotes (test_news_ledger.ProvenanceLedgerTests.test_quote_punctuation_variant_is_one_fact_with_both_quotes) ... ok
test_boolean_or_out_of_range_event_dates_are_rejected (test_news_ledger.ResumeDayLedgerTests.test_boolean_or_out_of_range_event_dates_are_rejected) ... ok
test_known_endpoint_without_public_date_evidence_is_rejected (test_news_ledger.ResumeDayLedgerTests.test_known_endpoint_without_public_date_evidence_is_rejected) ... ok
test_lone_resume_day_round_trips_and_still_needs_date_evidence (test_news_ledger.ResumeDayLedgerTests.test_lone_resume_day_round_trips_and_still_needs_date_evidence) ... ok
test_resume_day_equal_to_end_is_rejected (test_news_ledger.ResumeDayLedgerTests.test_resume_day_equal_to_end_is_rejected) ... ok
test_single_event_resume_day_is_accepted_and_day_seven_is_not_banned (test_news_ledger.ResumeDayLedgerTests.test_single_event_resume_day_is_accepted_and_day_seven_is_not_banned) ... ok
test_a_genuine_correction_can_restore_definite_advice (test_news_ledger_graph.GapRecoveryTests.test_a_genuine_correction_can_restore_definite_advice) ... ok
test_gap_metadata_overflow_stays_visible_and_conservative (test_news_ledger_graph.GapRecoveryTests.test_gap_metadata_overflow_stays_visible_and_conservative) ... ok
test_one_sided_replay_keeps_the_gap_both_sides_clear_it (test_news_ledger_graph.GapRecoveryTests.test_one_sided_replay_keeps_the_gap_both_sides_clear_it) ... ok
test_a_bound_correction_cannot_swap_its_target (test_news_ledger_graph.MultiCorrectionTests.test_a_bound_correction_cannot_swap_its_target) ... ok
test_auto_association_builds_a_chain_without_a_cycle (test_news_ledger_graph.MultiCorrectionTests.test_auto_association_builds_a_chain_without_a_cycle) ... ok
test_json_rejects_cycles_and_self_reference (test_news_ledger_graph.MultiCorrectionTests.test_json_rejects_cycles_and_self_reference) ... ok
test_later_correction_applies_to_its_own_fact (test_news_ledger_graph.MultiCorrectionTests.test_later_correction_applies_to_its_own_fact) ... ok
test_later_price_only_correction_does_not_revive_a_retracted_day (test_news_ledger_graph.MultiCorrectionTests.test_later_price_only_correction_does_not_revive_a_retracted_day) ... ok
test_later_unknown_correction_does_not_revive_a_retracted_day (test_news_ledger_graph.MultiCorrectionTests.test_later_unknown_correction_does_not_revive_a_retracted_day) ... ok
test_repeated_correction_is_idempotent_even_with_quote_variants (test_news_ledger_graph.MultiCorrectionTests.test_repeated_correction_is_idempotent_even_with_quote_variants) ... ok
test_two_uncorrected_days_survive_two_bounded_corrections (test_news_ledger_graph.MultiCorrectionTests.test_two_uncorrected_days_survive_two_bounded_corrections) ... ok
test_availability_conflict_blocks_a_one_sided_ban (test_news_ledger_graph.PossibleConflictTests.test_availability_conflict_blocks_a_one_sided_ban) ... ok
test_possible_availability_conflict_suppresses_a_one_sided_ban (test_news_ledger_graph.PossibleConflictTests.test_possible_availability_conflict_suppresses_a_one_sided_ban) ... ok
test_possible_price_only_conflict_keeps_the_outage_ban (test_news_ledger_graph.PossibleConflictTests.test_possible_price_only_conflict_keeps_the_outage_ban) ... ok
test_price_conflict_keeps_the_agreed_outage_ban (test_news_ledger_graph.PossibleConflictTests.test_price_conflict_keeps_the_agreed_outage_ban) ... ok
test_unknown_end_bound_is_a_possible_not_settled_conflict (test_news_ledger_graph.PossibleConflictTests.test_unknown_end_bound_is_a_possible_not_settled_conflict) ... ok
test_page_view_is_the_same_backend_computation (test_news_ledger_graph.ViewConsistencyTests.test_page_view_is_the_same_backend_computation) ... ok
test_prompt_stays_within_budget_with_a_full_ledger (test_news_ledger_graph.ViewConsistencyTests.test_prompt_stays_within_budget_with_a_full_ledger) ... ok
test_corrected_pair_is_not_an_unresolved_conflict_in_prompt (test_news_ledger_intervals.IntervalAudit.test_corrected_pair_is_not_an_unresolved_conflict_in_prompt) ... ok
test_integer_and_fractional_quotes_do_not_round_into_other_values (test_news_ledger_intervals.IntervalAudit.test_integer_and_fractional_quotes_do_not_round_into_other_values) ... ok
test_one_day_correction_leaves_later_unaffected_days (test_news_ledger_intervals.IntervalAudit.test_one_day_correction_leaves_later_unaffected_days) ... ok
test_partial_intervals_do_not_crash_overlap_and_remain_uncertain (test_news_ledger_intervals.IntervalAudit.test_partial_intervals_do_not_crash_overlap_and_remain_uncertain) ... ok
test_a_copper_correction_cannot_retire_an_iron_event (test_news_ledger_review.NewsLedgerReviewTests.test_a_copper_correction_cannot_retire_an_iron_event) ... ok
test_day3_recovery_does_not_erase_day2_outage (test_news_ledger_review.NewsLedgerReviewTests.test_day3_recovery_does_not_erase_day2_outage) ... ok
test_evicted_original_does_not_make_forged_quote_trusted (test_news_ledger_review.NewsLedgerReviewTests.test_evicted_original_does_not_make_forged_quote_trusted) ... ok
test_eviction_cannot_turn_a_conflict_into_a_certain_ban (test_news_ledger_review.NewsLedgerReviewTests.test_eviction_cannot_turn_a_conflict_into_a_certain_ban) ... ok
test_explicit_resolution_still_requires_public_correction_evidence (test_news_ledger_review.NewsLedgerReviewTests.test_explicit_resolution_still_requires_public_correction_evidence) ... ok
test_known_resume_day_can_be_kept_when_other_endpoints_are_unknown (test_news_ledger_review.NewsLedgerReviewTests.test_known_resume_day_can_be_kept_when_other_endpoints_are_unknown) ... ok
test_large_integer_is_not_silently_rounded_or_an_exception (test_news_ledger_review.NewsLedgerReviewTests.test_large_integer_is_not_silently_rounded_or_an_exception) ... ok
test_percentage_points_are_not_percent_and_negation_is_not_positive_evidence (test_news_ledger_review.NewsLedgerReviewTests.test_percentage_points_are_not_percent_and_negation_is_not_positive_evidence) ... ok
test_price_conflict_is_retained_even_when_availability_agrees (test_news_ledger_review.NewsLedgerReviewTests.test_price_conflict_is_retained_even_when_availability_agrees) ... ok
test_price_only_clause_cannot_create_an_outage (test_news_ledger_review.NewsLedgerReviewTests.test_price_only_clause_cannot_create_an_outage) ... ok
test_price_only_clause_cannot_hide_a_real_availability_conflict (test_news_ledger_review.NewsLedgerReviewTests.test_price_only_clause_cannot_hide_a_real_availability_conflict) ... ok
test_price_only_clause_does_not_cancel_a_known_outage (test_news_ledger_review.NewsLedgerReviewTests.test_price_only_clause_does_not_cancel_a_known_outage) ... ok
test_price_requires_exact_amount_not_relative_tolerance (test_news_ledger_review.NewsLedgerReviewTests.test_price_requires_exact_amount_not_relative_tolerance) ... ok
test_uncertain_end_weakens_only_the_possible_correction_interval (test_news_partial_correction.PartialCorrectionTests.test_uncertain_end_weakens_only_the_possible_correction_interval) ... ok
test_unknown_correction_withholds_old_price_drop_advice (test_news_partial_correction.PartialCorrectionTests.test_unknown_correction_withholds_old_price_drop_advice) ... ok
test_existing_news_fixture_does_not_opt_into_new_price_scenario (test_news_price_fixture.PriceDropFixtureTests.test_existing_news_fixture_does_not_opt_into_new_price_scenario) ... ok
test_price_only_event_changes_quote_and_restores_it_without_pausing_copper (test_news_price_fixture.PriceDropFixtureTests.test_price_only_event_changes_quote_and_restores_it_without_pausing_copper) ... ok
test_price_schedule_stays_private_but_announcement_is_public (test_news_price_fixture.PriceDropFixtureTests.test_price_schedule_stays_private_but_announcement_is_public) ... ok
test_scripted_interpreter_reads_public_values_instead_of_a_hidden_answer (test_news_price_fixture.PriceDropFixtureTests.test_scripted_interpreter_reads_public_values_instead_of_a_hidden_answer) ... ok
test_collects_at_mine_instead_of_returning_to_tower (test_nightwork.QuietNightTests.test_collects_at_mine_instead_of_returning_to_tower) ... ok
test_day_and_first_night_round_do_not_start_night_jobs (test_nightwork.QuietNightTests.test_day_and_first_night_round_do_not_start_night_jobs) ... ok
test_dead_robot_does_not_block_clearance (test_nightwork.QuietNightTests.test_dead_robot_does_not_block_clearance) ... ok
test_far_mine_full_backpack_and_sufficient_stone_do_not_send_worker (test_nightwork.QuietNightTests.test_far_mine_full_backpack_and_sufficient_stone_do_not_send_worker) ... ok
test_guard_missing_or_away_prevents_departure (test_nightwork.QuietNightTests.test_guard_missing_or_away_prevents_departure) ... ok
test_holding_medicine_heals_without_a_purchase (test_nightwork.QuietNightTests.test_holding_medicine_heals_without_a_purchase) ... ok
test_live_robot_anywhere_immediately_cancels_work_and_returns (test_nightwork.QuietNightTests.test_live_robot_anywhere_immediately_cancels_work_and_returns) ... ok
test_missing_robot_observation_is_not_assumed_clear (test_nightwork.QuietNightTests.test_missing_robot_observation_is_not_assumed_clear) ... ok
test_no_hidden_fields_or_mutation_or_night_builds (test_nightwork.QuietNightTests.test_no_hidden_fields_or_mutation_or_night_builds) ... ok
test_one_worker_leaves_other_keeps_post (test_nightwork.QuietNightTests.test_one_worker_leaves_other_keeps_post) ... ok
test_repair_threshold_uses_actual_hp_of_each_wall_level (test_nightwork.QuietNightTests.test_repair_threshold_uses_actual_hp_of_each_wall_level) ... ok
test_sells_surplus_but_keeps_stone_for_morning (test_nightwork.QuietNightTests.test_sells_surplus_but_keeps_stone_for_morning) ... ok
test_shop_respects_budget_and_does_not_buy_owned_supplies (test_nightwork.QuietNightTests.test_shop_respects_budget_and_does_not_buy_owned_supplies) ... ok
test_two_workers_do_not_upgrade_same_building_twice (test_nightwork.QuietNightTests.test_two_workers_do_not_upgrade_same_building_twice) ... ok
test_visible_enemy_crew_nearby_prevents_work (test_nightwork.QuietNightTests.test_visible_enemy_crew_nearby_prevents_work) ... ok
test_another_unit_is_an_obstacle_but_not_itself (test_pathfinding.NextStepTests.test_another_unit_is_an_obstacle_but_not_itself) ... ok
test_clear_progress_is_preferred_when_distances_differ (test_pathfinding.NextStepTests.test_clear_progress_is_preferred_when_distances_differ)
With a tie between candidates the step that closes more distance wins. ... ok
test_default_bound_covers_the_whole_map (test_pathfinding.NextStepTests.test_default_bound_covers_the_whole_map) ... ok
test_deterministic_for_the_same_board (test_pathfinding.NextStepTests.test_deterministic_for_the_same_board) ... ok
test_detour_around_a_wall_is_optimal_and_shortens_distance (test_pathfinding.NextStepTests.test_detour_around_a_wall_is_optimal_and_shortens_distance) ... ok
test_diagonal_is_optimal (test_pathfinding.NextStepTests.test_diagonal_is_optimal) ... ok
test_goal_on_the_start_is_none (test_pathfinding.NextStepTests.test_goal_on_the_start_is_none) ... ok
test_one_hop_neighbours_exclude_blocked_cells (test_pathfinding.NextStepTests.test_one_hop_neighbours_exclude_blocked_cells) ... ok
test_repeated_stepping_never_oscillates (test_pathfinding.NextStepTests.test_repeated_stepping_never_oscillates) ... ok
test_repeated_stepping_takes_the_shortest_number_of_rounds (test_pathfinding.NextStepTests.test_repeated_stepping_takes_the_shortest_number_of_rounds) ... ok
test_straight_line_is_optimal (test_pathfinding.NextStepTests.test_straight_line_is_optimal) ... ok
test_unreachable_goal_returns_none_instead_of_flooding (test_pathfinding.NextStepTests.test_unreachable_goal_returns_none_instead_of_flooding) ... ok
test_all_cooling_does_not_fall_back_to_ready_map_zones (test_policy_architecture.AcceptanceTests.test_all_cooling_does_not_fall_back_to_ready_map_zones) ... ok
test_backoff_and_submissions_survive_simulator_json_roundtrip (test_policy_architecture.AcceptanceTests.test_backoff_and_submissions_survive_simulator_json_roundtrip) ... ok
test_cooling_point_cannot_borrow_another_points_readiness (test_policy_architecture.AcceptanceTests.test_cooling_point_cannot_borrow_another_points_readiness) ... ok
test_delayed_description_preserves_acceptance_round (test_policy_architecture.AcceptanceTests.test_delayed_description_preserves_acceptance_round) ... ok
test_explicit_rejection_is_not_a_successful_task (test_policy_architecture.AcceptanceTests.test_explicit_rejection_is_not_a_successful_task) ... ok
test_missing_task_observation_waits_then_backs_off_without_solver_calls (test_policy_architecture.AcceptanceTests.test_missing_task_observation_waits_then_backs_off_without_solver_calls) ... ok
test_unknown_deadline_is_unknown (test_policy_architecture.AcceptanceTests.test_unknown_deadline_is_unknown) ... ok
test_dusk_task_cannot_overwrite_return_to_damaged_base (test_policy_architecture.ArbitrationTests.test_dusk_task_cannot_overwrite_return_to_damaged_base) ... ok
test_far_opponents_wave_does_not_claim_our_pioneer (test_policy_architecture.ArbitrationTests.test_far_opponents_wave_does_not_claim_our_pioneer) ... ok
test_preview_does_not_mutate_supervisor_or_task_memory (test_policy_architecture.ArbitrationTests.test_preview_does_not_mutate_supervisor_or_task_memory) ... ok
test_threatened_night_reclaims_pioneer_from_task_hold (test_policy_architecture.ArbitrationTests.test_threatened_night_reclaims_pioneer_from_task_hold) ... ok
test_explicit_role_action_releases_attack_claim (test_policy_architecture.ControllerBudgetTests.test_explicit_role_action_releases_attack_claim) ... ok
test_two_weapons_cannot_claim_same_controller (test_policy_architecture.ControllerBudgetTests.test_two_weapons_cannot_claim_same_controller) ... ok
test_preview_backoff_does_not_mutate_live_nested_notes (test_policy_architecture.IsolationTests.test_preview_backoff_does_not_mutate_live_nested_notes) ... ok
test_reconstruct_running_task_at_second_point_instead_of_first (test_policy_architecture.IsolationTests.test_reconstruct_running_task_at_second_point_instead_of_first) ... ok
test_global_range_does_not_make_opposing_wave_near_our_base (test_policy_architecture.PressureTests.test_global_range_does_not_make_opposing_wave_near_our_base) ... ok
test_intact_base_preserves_funded_day_itinerary (test_policy_architecture.PressureTests.test_intact_base_preserves_funded_day_itinerary) ... ok
test_private_treasure_cannot_exempt_pioneer_from_return (test_policy_architecture.PressureTests.test_private_treasure_cannot_exempt_pioneer_from_return) ... ok
test_two_workers_cover_low_observed_pressure_but_not_large_robot (test_policy_architecture.PressureTests.test_two_workers_cover_low_observed_pressure_but_not_large_robot) ... ok
test_unknown_target_is_counted_as_pressure (test_policy_architecture.PressureTests.test_unknown_target_is_counted_as_pressure) ... ok
test_explicit_empty_task_list_does_not_invent_map_offers (test_policy_architecture.PublishedOfferTests.test_explicit_empty_task_list_does_not_invent_map_offers) ... ok
test_unvalidated_healthy_base_risk_is_advice_only (test_policy_architecture.RolloutTests.test_unvalidated_healthy_base_risk_is_advice_only) ... ok
test_background_frames_equal_serialized_live_steps (test_recordings.RecordingTests.test_background_frames_equal_serialized_live_steps) ... ok
test_bounded_retention_and_unknown_ids_cannot_cancel_new_job (test_recordings.RecordingTests.test_bounded_retention_and_unknown_ids_cannot_cancel_new_job) ... ok
test_cancel_keeps_only_completed_frames_and_never_starts_second_job (test_recordings.RecordingTests.test_cancel_keeps_only_completed_frames_and_never_starts_second_job) ... ok
test_failed_job_reports_error_and_allows_retry (test_recordings.RecordingTests.test_failed_job_reports_error_and_allows_retry) ... ok
test_http_start_status_result_and_not_found (test_recordings.RecordingTests.test_http_start_status_result_and_not_found) ... ok
test_immediate_cancel_is_a_valid_zero_frame_recording (test_recordings.RecordingTests.test_immediate_cancel_is_a_valid_zero_frame_recording) ... ok
test_invalid_parameters_do_not_create_jobs (test_recordings.RecordingTests.test_invalid_parameters_do_not_create_jobs) ... ok
test_archive_and_playback_contracts (test_replay.ReplayTests.test_archive_and_playback_contracts) ... ok
test_clear_line_still_hits_worker_in_range (test_robot_wall_screen.RobotWallScreenTests.test_clear_line_still_hits_worker_in_range) ... ok
test_diagonal_wall_blocks_but_wall_off_the_segment_does_not (test_robot_wall_screen.RobotWallScreenTests.test_diagonal_wall_blocks_but_wall_off_the_segment_does_not) ... ok
test_first_of_two_walls_is_hit_not_the_wall_behind_it (test_robot_wall_screen.RobotWallScreenTests.test_first_of_two_walls_is_hit_not_the_wall_behind_it) ... ok
test_wall_destruction_only_exposes_worker_next_round (test_robot_wall_screen.RobotWallScreenTests.test_wall_destruction_only_exposes_worker_next_round) ... ok
test_wall_protects_worker_for_both_sides_and_all_robot_types (test_robot_wall_screen.RobotWallScreenTests.test_wall_protects_worker_for_both_sides_and_all_robot_types) ... ok
test_wall_two_cells_away_still_screens_range_three_attack (test_robot_wall_screen.RobotWallScreenTests.test_wall_two_cells_away_still_screens_range_three_attack) ... ok
test_building_kinds_are_named_explicitly (test_robots.BuildingAttackTests.test_building_kinds_are_named_explicitly) ... ok
test_day_rounds_have_no_robot_activity (test_robots.BuildingAttackTests.test_day_rounds_have_no_robot_activity) ... ok
test_dead_robot_does_nothing (test_robots.BuildingAttackTests.test_dead_robot_does_nothing) ... ok
test_destroyed_wall_no_longer_blocks_movement (test_robots.BuildingAttackTests.test_destroyed_wall_no_longer_blocks_movement)
A destroyed wall's cell becomes walkable ground. ... ok
test_dizzy_robot_does_nothing (test_robots.BuildingAttackTests.test_dizzy_robot_does_nothing) ... ok
test_neutral_scenery_is_not_attacked (test_robots.BuildingAttackTests.test_neutral_scenery_is_not_attacked)
A mine blocks movement, but §4.7.3 names units and buildings only. ... ok
test_robot_attacks_the_wall_that_blocks_it (test_robots.BuildingAttackTests.test_robot_attacks_the_wall_that_blocks_it)
Small robot damage is 5, so one round must cost the wall exactly 5. ... ok
test_robot_does_not_attack_across_a_clear_path (test_robots.BuildingAttackTests.test_robot_does_not_attack_across_a_clear_path)
With the way open, the robot closes in instead of hitting scenery. ... ok
test_wall_absorbs_the_base_damage (test_robots.BuildingAttackTests.test_wall_absorbs_the_base_damage) ... ok
test_wall_damage_accumulates_each_night_round (test_robots.BuildingAttackTests.test_wall_damage_accumulates_each_night_round)
A small robot deals 5 per round; the wall keeps the damage across rounds. ... ok
test_wall_is_destroyed_and_reported (test_robots.BuildingAttackTests.test_wall_is_destroyed_and_reported)
A wall at 20 health takes four 5-damage hits and is then destroyed. ... ok
test_bookkeeping_then_planning_preserves_one_verified_receipt (test_router_boundary.RouterBoundaryTests.test_bookkeeping_then_planning_preserves_one_verified_receipt) ... ok
test_concurrent_same_team_respond_emits_and_charges_only_once (test_router_boundary.RouterBoundaryTests.test_concurrent_same_team_respond_emits_and_charges_only_once) ... ok
test_damaged_memory_at_day_two_does_not_free_quota (test_router_boundary.RouterBoundaryTests.test_damaged_memory_at_day_two_does_not_free_quota) ... ok
test_late_previous_day_does_not_reset_current_budget_or_memory (test_router_boundary.RouterBoundaryTests.test_late_previous_day_does_not_reset_current_budget_or_memory) ... ok
test_new_round_one_clears_all_cognitive_memory (test_router_boundary.RouterBoundaryTests.test_new_round_one_clears_all_cognitive_memory) ... ok
test_new_scenario_and_unknown_restore_have_distinct_budgets (test_router_boundary.RouterBoundaryTests.test_new_scenario_and_unknown_restore_have_distinct_budgets) ... ok
test_news_reply_cannot_solve_an_active_task (test_router_boundary.RouterBoundaryTests.test_news_reply_cannot_solve_an_active_task) ... ok
test_original_task_whitespace_changes_generation_without_normalising_text (test_router_boundary.RouterBoundaryTests.test_original_task_whitespace_changes_generation_without_normalising_text) ... ok
test_preview_does_not_show_an_unrelated_answer_or_mutate_live_state (test_router_boundary.RouterBoundaryTests.test_preview_does_not_show_an_unrelated_answer_or_mutate_live_state) ... ok
test_process_without_midmatch_memory_does_not_grant_fresh_allowance (test_router_boundary.RouterBoundaryTests.test_process_without_midmatch_memory_does_not_grant_fresh_allowance) ... ok
test_queue_winner_is_emitted_even_if_another_task_just_proposed (test_router_boundary.RouterBoundaryTests.test_queue_winner_is_emitted_even_if_another_task_just_proposed) ... ok
test_queued_news_emits_without_task_plan_and_charges_once (test_router_boundary.RouterBoundaryTests.test_queued_news_emits_without_task_plan_and_charges_once) ... ok
test_quota_refusal_blocks_that_day_and_recovers_next_day (test_router_boundary.RouterBoundaryTests.test_quota_refusal_blocks_that_day_and_recovers_next_day) ... ok
test_same_round_dispatch_cap_survives_json (test_router_boundary.RouterBoundaryTests.test_same_round_dispatch_cap_survives_json) ... ok
test_unrelated_tool_reply_does_not_replace_judge_evidence (test_router_boundary.RouterBoundaryTests.test_unrelated_tool_reply_does_not_replace_judge_evidence) ... ok
test_unsolicited_answer_is_quarantined_and_never_submitted (test_router_boundary.RouterBoundaryTests.test_unsolicited_answer_is_quarantined_and_never_submitted) ... ok
test_basic_wave_size_increases_over_ten_nights_on_clear_boards (test_rule_supplements.RuleSupplementTests.test_basic_wave_size_increases_over_ten_nights_on_clear_boards) ... ok
test_fixed_spawn_and_wall_screen_rows_are_registered (test_rule_supplements.RuleSupplementTests.test_fixed_spawn_and_wall_screen_rows_are_registered) ... ok
test_friendly_wall_does_not_block_gatling_railgun_or_rocket (test_rule_supplements.RuleSupplementTests.test_friendly_wall_does_not_block_gatling_railgun_or_rocket) ... ok
test_dusk_dawn_and_revive (test_scenarios.ScenarioTests.test_dusk_dawn_and_revive) ... ok
test_ids_order_and_terminal_idempotence (test_scenarios.ScenarioTests.test_ids_order_and_terminal_idempotence) ... ok
test_mine_exhaustion_refresh (test_scenarios.ScenarioTests.test_mine_exhaustion_refresh) ... ok
test_pioneer_is_never_sealed_in_during_a_full_match (test_scenarios.ScenarioTests.test_pioneer_is_never_sealed_in_during_a_full_match) ... ok
test_seed_and_hidden_state (test_scenarios.ScenarioTests.test_seed_and_hidden_state) ... ok
test_wall_ring_always_leaves_a_gate (test_scenarios.ScenarioTests.test_wall_ring_always_leaves_a_gate)
A closed ring seals our own pioneer in and ends task work entirely. ... ok
test_attack_cooldown_and_terminal (test_simulator.SimulatorTests.test_attack_cooldown_and_terminal) ... ok
test_build_and_collect (test_simulator.SimulatorTests.test_build_and_collect) ... ok
test_collision (test_simulator.SimulatorTests.test_collision) ... ok
test_progress_and_input_unchanged (test_simulator.SimulatorTests.test_progress_and_input_unchanged) ... ok
test_default_registry_still_solves_keyword_then_llm (test_solver_registry.DefaultRegistryTests.test_default_registry_still_solves_keyword_then_llm) ... ok
test_module_level_registry_extension_point_stays_empty (test_solver_registry.DefaultRegistryTests.test_module_level_registry_extension_point_stays_empty) ... ok
test_opt_in_agent_runs_before_legacy_llm_and_after_keyword_solver (test_solver_registry.DefaultRegistryTests.test_opt_in_agent_runs_before_legacy_llm_and_after_keyword_solver) ... ok
test_concurrent_registration_keeps_every_entry_once (test_solver_registry.PriorityOrderingTests.test_concurrent_registration_keeps_every_entry_once) ... ok
test_default_priority_is_one_hundred (test_solver_registry.PriorityOrderingTests.test_default_priority_is_one_hundred) ... ok
test_duplicate_name_is_refused_and_leaves_the_registry_unchanged (test_solver_registry.PriorityOrderingTests.test_duplicate_name_is_refused_and_leaves_the_registry_unchanged) ... ok
test_empty_registry_returns_none (test_solver_registry.PriorityOrderingTests.test_empty_registry_returns_none) ... ok
test_equal_priority_keeps_stable_registration_order (test_solver_registry.PriorityOrderingTests.test_equal_priority_keeps_stable_registration_order) ... ok
test_higher_priority_runs_first_regardless_of_registration_order (test_solver_registry.PriorityOrderingTests.test_higher_priority_runs_first_regardless_of_registration_order) ... ok
test_non_callable_and_nameless_are_refused (test_solver_registry.PriorityOrderingTests.test_non_callable_and_nameless_are_refused) ... ok
test_none_falls_through_and_only_the_winner_returns_a_plan (test_solver_registry.PriorityOrderingTests.test_none_falls_through_and_only_the_winner_returns_a_plan) ... ok
test_replace_changes_the_effective_priority (test_solver_registry.PriorityOrderingTests.test_replace_changes_the_effective_priority) ... ok
test_replace_takes_a_new_position_among_equal_priorities (test_solver_registry.PriorityOrderingTests.test_replace_takes_a_new_position_among_equal_priorities) ... ok
test_unregister_removes_the_entry_and_solve_skips_it (test_solver_registry.PriorityOrderingTests.test_unregister_removes_the_entry_and_solve_skips_it) ... ok
test_expired_router_operation_can_replan_without_fabricating_a_reply (test_task_agent.TaskAgentTests.test_expired_router_operation_can_replan_without_fabricating_a_reply) ... ok
test_full_model_tool_loop_and_exact_answer (test_task_agent.TaskAgentTests.test_full_model_tool_loop_and_exact_answer) ... ok
test_invalid_json_and_forged_evidence_or_official_fields_never_execute (test_task_agent.TaskAgentTests.test_invalid_json_and_forged_evidence_or_official_fields_never_execute) ... ok
test_offer_preview_and_duplicate_ack_do_not_consume_counts (test_task_agent.TaskAgentTests.test_offer_preview_and_duplicate_ack_do_not_consume_counts) ... ok
test_old_generation_same_round_and_unverified_receipts_do_not_act (test_task_agent.TaskAgentTests.test_old_generation_same_round_and_unverified_receipts_do_not_act) ... ok
test_repair_calls_are_bounded_and_task_end_drops_work (test_task_agent.TaskAgentTests.test_repair_calls_are_bounded_and_task_end_drops_work) ... ok
test_restore_rejects_corrupted_or_unbounded_state (test_task_agent.TaskAgentTests.test_restore_rejects_corrupted_or_unbounded_state) ... ok
test_wrong_answer_feedback_allows_a_new_plan_not_fake_success (test_task_agent.TaskAgentTests.test_wrong_answer_feedback_allows_a_new_plan_not_fake_success) ... ok
test_fenced_command_and_bare_verified_token_submit_without_extra_round (test_task_answer_contract.ContractPipelineTests.test_fenced_command_and_bare_verified_token_submit_without_extra_round) ... ok
test_issue26_instruction_echo_is_rejected_and_corrected_on_both_sides (test_task_answer_contract.ContractPipelineTests.test_issue26_instruction_echo_is_rejected_and_corrected_on_both_sides) ... ok
test_wrong_shape_replans_locally_without_emitting_invalid_submission (test_task_answer_contract.ContractPipelineTests.test_wrong_shape_replans_locally_without_emitting_invalid_submission) ... ok
test_api_contract_prevents_scalar_and_missing_fields_not_wrong_numbers (test_task_answer_contract.ContractTests.test_api_contract_prevents_scalar_and_missing_fields_not_wrong_numbers) ... ok
test_exact_confirmed_syntax_failure_is_not_reissued (test_task_answer_contract.ContractTests.test_exact_confirmed_syntax_failure_is_not_reissued) ... ok
test_observed_heredoc_family_and_valid_literal_content (test_task_answer_contract.ContractTests.test_observed_heredoc_family_and_valid_literal_content) ... ok
test_only_named_task_file_not_api_response_examples_defines_contract (test_task_answer_contract.ContractTests.test_only_named_task_file_not_api_response_examples_defines_contract) ... ok
test_strict_single_fence_keeps_nonce_and_duplicate_key_checks (test_task_answer_contract.ContractTests.test_strict_single_fence_keeps_nonce_and_duplicate_key_checks) ... ok
test_token_format_repair_requires_actual_successful_check (test_task_answer_contract.ContractTests.test_token_format_repair_requires_actual_successful_check) ... ok
test_unknown_numeric_and_conflicting_contracts_are_not_invented (test_task_answer_contract.ContractTests.test_unknown_numeric_and_conflicting_contracts_are_not_invented) ... ok
test_item_counts_are_bounded (test_task_context.ContextBuildTests.test_item_counts_are_bounded) ... ok
test_long_fact_text_is_clipped_and_recorded (test_task_context.ContextBuildTests.test_long_fact_text_is_clipped_and_recorded) ... ok
test_long_task_text_is_clipped (test_task_context.ContextBuildTests.test_long_task_text_is_clipped) ... ok
test_prompt_view_cap_includes_footer (test_task_context.ContextBuildTests.test_prompt_view_cap_includes_footer) ... ok
test_render_prompt_reserves_header_and_nonce_room (test_task_context.ContextBuildTests.test_render_prompt_reserves_header_and_nonce_room) ... ok
test_store_is_bounded_and_reports_loss (test_task_context.ContextStoreTests.test_store_is_bounded_and_reports_loss) ... ok
test_store_roundtrip_and_unknown_schema (test_task_context.ContextStoreTests.test_store_roundtrip_and_unknown_schema) ... ok
test_fact_kind_and_conflict_are_preserved (test_task_context.PromptRenderingTests.test_fact_kind_and_conflict_are_preserved) ... ok
test_metadata_and_display_agree (test_task_context.PromptRenderingTests.test_metadata_and_display_agree) ... ok
test_truncated_context_without_trace_says_unavailable (test_task_context.PromptRenderingTests.test_truncated_context_without_trace_says_unavailable) ... ok
test_verified_trace_reference_is_named (test_task_context.PromptRenderingTests.test_verified_trace_reference_is_named) ... ok
test_dead_pioneer_is_not_confirmed (test_task_context.PublicConfirmationTests.test_dead_pioneer_is_not_confirmed) ... ok
test_enemy_zone_does_not_confirm (test_task_context.PublicConfirmationTests.test_enemy_zone_does_not_confirm) ... ok
test_is_valid_false_does_not_end_a_published_task (test_task_context.PublicConfirmationTests.test_is_valid_false_does_not_end_a_published_task) ... ok
test_known_timeout_expiry_is_not_confirmed (test_task_context.PublicConfirmationTests.test_known_timeout_expiry_is_not_confirmed) ... ok
test_local_cycle_with_no_public_region_is_not_evidence (test_task_context.PublicConfirmationTests.test_local_cycle_with_no_public_region_is_not_evidence) ... ok
test_missing_phase_text_never_confirms (test_task_context.PublicConfirmationTests.test_missing_phase_text_never_confirms) ... ok
test_pioneer_out_of_range_is_not_confirmed (test_task_context.PublicConfirmationTests.test_pioneer_out_of_range_is_not_confirmed) ... ok
test_pioneer_without_coordinates_is_not_in_range (test_task_context.PublicConfirmationTests.test_pioneer_without_coordinates_is_not_in_range) ... ok
test_published_text_in_range_and_own_zone_confirms (test_task_context.PublicConfirmationTests.test_published_text_in_range_and_own_zone_confirms) ... ok
test_unknown_timeout_is_neither_zero_nor_forever (test_task_context.PublicConfirmationTests.test_unknown_timeout_is_neither_zero_nor_forever) ... ok
test_hash_mismatch_is_rejected (test_task_context.StrictLoadTests.test_hash_mismatch_is_rejected) ... ok
test_malformed_entry_is_rejected (test_task_context.StrictLoadTests.test_malformed_entry_is_rejected) ... ok
test_oversized_nested_item_is_rejected (test_task_context.StrictLoadTests.test_oversized_nested_item_is_rejected) ... ok
test_oversized_text_is_rejected (test_task_context.StrictLoadTests.test_oversized_text_is_rejected) ... ok
test_roundtrip_preserves_bounded_fields (test_task_context.StrictLoadTests.test_roundtrip_preserves_bounded_fields) ... ok
test_too_many_facts_is_rejected (test_task_context.StrictLoadTests.test_too_many_facts_is_rejected) ... ok
test_truthy_string_flag_is_rejected (test_task_context.StrictLoadTests.test_truthy_string_flag_is_rejected) ... ok
test_unknown_schema_degrades (test_task_context.StrictLoadTests.test_unknown_schema_degrades) ... ok
test_legacy_ended_phase_is_not_an_active_commitment (test_task_cycle_memory.TaskCycleMemoryTests.test_legacy_ended_phase_is_not_an_active_commitment) ... ok
test_reward_answer_provenance_and_terminal_time_survive_json (test_task_cycle_memory.TaskCycleMemoryTests.test_reward_answer_provenance_and_terminal_time_survive_json) ... ok
test_actual_http_bytes_unchanged_when_trace_fails (test_task_journal.TaskJournalTests.test_actual_http_bytes_unchanged_when_trace_fails) ... ok
test_agent_stop_reason_and_counts_change_without_repeating_idle (test_task_journal.TaskJournalTests.test_agent_stop_reason_and_counts_change_without_repeating_idle) ... ok
test_bounded_streams_and_long_content_redacted_before_truncation (test_task_journal.TaskJournalTests.test_bounded_streams_and_long_content_redacted_before_truncation) ... ok
test_catalog_effects_are_sourced_without_inventing_unknown_items (test_task_journal.TaskJournalTests.test_catalog_effects_are_sourced_without_inventing_unknown_items) ... ok
test_console_without_trace_and_off_or_broken_sink_are_safe (test_task_journal.TaskJournalTests.test_console_without_trace_and_off_or_broken_sink_are_safe) ... ok
test_gap_reset_and_teams_do_not_share_context (test_task_journal.TaskJournalTests.test_gap_reset_and_teams_do_not_share_context) ... ok
test_offline_export_keeps_full_task_text_and_trace_quality_without_maps (test_task_journal.TaskJournalTests.test_offline_export_keeps_full_task_text_and_trace_quality_without_maps) ... ok
test_question_model_tool_answer_and_end_are_visible_without_inferred_success (test_task_journal.TaskJournalTests.test_question_model_tool_answer_and_end_are_visible_without_inferred_success) ... ok
test_repeated_results_are_suppressed_but_new_identical_requests_are_not (test_task_journal.TaskJournalTests.test_repeated_results_are_suppressed_but_new_identical_requests_are_not) ... ok
test_trading_catalog_distinguishes_missing_empty_and_invalid (test_task_journal.TaskJournalTests.test_trading_catalog_distinguishes_missing_empty_and_invalid) ... ok
test_trading_catalog_is_bounded_and_keeps_new_games_separate (test_task_journal.TaskJournalTests.test_trading_catalog_is_bounded_and_keeps_new_games_separate) ... ok
test_trading_catalog_lists_observed_positions_prices_and_changes_only (test_task_journal.TaskJournalTests.test_trading_catalog_lists_observed_positions_prices_and_changes_only) ... ok
test_both_sides_first_command_reads_and_submits_before_deadline (test_task_pipeline.PipelineTests.test_both_sides_first_command_reads_and_submits_before_deadline) ... ok
test_deadline_stops_tool_and_unknown_timeout_is_not_invented (test_task_pipeline.PipelineTests.test_deadline_stops_tool_and_unknown_timeout_is_not_invented) ... ok
test_last_window_keeps_answer_but_does_not_start_a_late_command (test_task_pipeline.PipelineTests.test_last_window_keeps_answer_but_does_not_start_a_late_command) ... ok
test_missing_probe_result_is_evidence_not_automatic_give_up (test_task_pipeline.PipelineTests.test_missing_probe_result_is_evidence_not_automatic_give_up) ... ok
test_oversized_command_can_replan_instead_of_stopping_at_router (test_task_pipeline.PipelineTests.test_oversized_command_can_replan_instead_of_stopping_at_router) ... ok
test_pending_and_router_share_command_boundary (test_task_pipeline.PipelineTests.test_pending_and_router_share_command_boundary) ... ok
test_summary_is_optional_and_invalid_summary_cannot_block_answer (test_task_pipeline.PipelineTests.test_summary_is_optional_and_invalid_summary_cannot_block_answer) ... ok
test_api_and_engineering_variants_both_teams (test_task_pipeline_linux.LinuxPipelineTests.test_api_and_engineering_variants_both_teams) ... ok
test_nested_case_completes_on_three_maps_and_both_teams (test_task_pipeline_simulator.PipelineSimulatorTests.test_nested_case_completes_on_three_maps_and_both_teams) ... ok
test_scenario_reward_and_timeout_are_public_and_not_global (test_task_pipeline_simulator.PipelineSimulatorTests.test_scenario_reward_and_timeout_are_public_and_not_global) ... ok
test_cat_echo_llm_claims_and_stale_outputs_are_not_checks (test_task_progress.ProgressTests.test_cat_echo_llm_claims_and_stale_outputs_are_not_checks) ... ok
test_check_failure_timeout_and_truncation_never_pass (test_task_progress.ProgressTests.test_check_failure_timeout_and_truncation_never_pass) ... ok
test_check_submit_and_increased_score_do_not_invent_success (test_task_progress.ProgressTests.test_check_submit_and_increased_score_do_not_invent_success) ... ok
test_failed_answer_then_resubmit_records_both_attempts (test_task_progress.ProgressTests.test_failed_answer_then_resubmit_records_both_attempts) ... ok
test_final_answer_error_is_visible_without_changing_legacy_unknown (test_task_progress.ProgressTests.test_final_answer_error_is_visible_without_changing_legacy_unknown) ... ok
test_gap_replacement_and_streams_do_not_transfer_check_success (test_task_progress.ProgressTests.test_gap_replacement_and_streams_do_not_transfer_check_success) ... ok
test_reset_duplicate_and_idle_do_not_create_extra_summaries (test_task_progress.ProgressTests.test_reset_duplicate_and_idle_do_not_create_extra_summaries) ... ok
test_structured_check_uses_inner_exit_and_output (test_task_progress.ProgressTests.test_structured_check_uses_inner_exit_and_output) ... ok
test_changed_document_does_not_revalidate_old_method (test_task_service_memory.ServiceMemoryTests.test_changed_document_does_not_revalidate_old_method) ... ok
test_check_is_a_command_not_an_answer (test_task_service_memory.ServiceMemoryTests.test_check_is_a_command_not_an_answer) ... ok
test_new_auth_failure_invalidates_old_hint (test_task_service_memory.ServiceMemoryTests.test_new_auth_failure_invalidates_old_hint) ... ok
test_new_episode_reuses_only_revalidated_service_method (test_task_service_memory.ServiceMemoryTests.test_new_episode_reuses_only_revalidated_service_method) ... ok
test_structured_tool_learns_only_correlated_document_bound_profile (test_task_service_memory.ServiceMemoryTests.test_structured_tool_learns_only_correlated_document_bound_profile) ... ok
test_unassociated_receipt_cannot_create_service_memory (test_task_service_memory.ServiceMemoryTests.test_unassociated_receipt_cannot_create_service_memory) ... ok
test_disappearance_after_submission_reports_delta_without_pass (test_task_service_memory.SubmissionEvidenceTests.test_disappearance_after_submission_reports_delta_without_pass) ... ok
test_gap_and_no_submission_never_imply_success (test_task_service_memory.SubmissionEvidenceTests.test_gap_and_no_submission_never_imply_success) ... ok
test_candidate_requires_fresh_document_and_never_caches_answers (test_task_skills.QuerySkillTests.test_candidate_requires_fresh_document_and_never_caches_answers) ... ok
test_document_version_or_unverified_read_prevents_reuse (test_task_skills.QuerySkillTests.test_document_version_or_unverified_read_prevents_reuse) ... ok
test_json_transport_ownership_and_corruption (test_task_skills.QuerySkillTests.test_json_transport_ownership_and_corruption) ... ok
test_only_same_generation_successful_observed_workflows_are_learned (test_task_skills.QuerySkillTests.test_only_same_generation_successful_observed_workflows_are_learned) ... ok
test_shell_composition_inline_code_and_old_argument_values_not_reused (test_task_skills.QuerySkillTests.test_shell_composition_inline_code_and_old_argument_values_not_reused) ... ok
test_check_timeout_is_bounded_and_not_a_pass (test_task_tools.TaskToolsTests.test_check_timeout_is_bounded_and_not_a_pass) ... ok
test_crlf_check_preserves_source_and_exit_status (test_task_tools.TaskToolsTests.test_crlf_check_preserves_source_and_exit_status) ... ok
test_error_driven_auth_and_parameter_recovery_encodes_unicode (test_task_tools.TaskToolsTests.test_error_driven_auth_and_parameter_recovery_encodes_unicode) ... ok
test_existing_query_unicode_is_encoded_and_profile_has_no_query (test_task_tools.TaskToolsTests.test_existing_query_unicode_is_encoded_and_profile_has_no_query) ... ok
test_invalid_arguments_and_unrecognized_command_rejected (test_task_tools.TaskToolsTests.test_invalid_arguments_and_unrecognized_command_rejected) ... ok
test_list_and_empty_data_are_preserved_without_guessing_answer (test_task_tools.TaskToolsTests.test_list_and_empty_data_are_preserved_without_guessing_answer) ... ok
test_no_auth_hint_no_guess_and_multiple_business_params_no_rename (test_task_tools.TaskToolsTests.test_no_auth_hint_no_guess_and_multiple_business_params_no_rename) ... ok
test_redirect_does_not_leak_headers_and_truncation_prevents_profile (test_task_tools.TaskToolsTests.test_redirect_does_not_leak_headers_and_truncation_prevents_profile) ... ok
test_rendered_shell_http_command_keeps_unicode_parameters (test_task_tools.TaskToolsTests.test_rendered_shell_http_command_keeps_unicode_parameters) ... ok
test_duplicate_names_do_not_read_an_arbitrary_task (test_task_workspace.WorkspaceTests.test_duplicate_names_do_not_read_an_arbitrary_task) ... ok
test_explicit_absolute_file_beats_same_name_elsewhere (test_task_workspace.WorkspaceTests.test_explicit_absolute_file_beats_same_name_elsewhere) ... ok
test_literal_spaces_quotes_unicode_and_shell_metacharacters (test_task_workspace.WorkspaceTests.test_literal_spaces_quotes_unicode_and_shell_metacharacters) ... ok
test_missing_is_explicit_and_large_source_is_marked (test_task_workspace.WorkspaceTests.test_missing_is_explicit_and_large_source_is_marked) ... ok
test_nested_task_and_sibling_document_in_one_operation (test_task_workspace.WorkspaceTests.test_nested_task_and_sibling_document_in_one_operation) ... ok
test_reference_is_data_and_multiple_references_fall_back (test_task_workspace.WorkspaceTests.test_reference_is_data_and_multiple_references_fall_back) ... ok
test_symbolic_file_is_not_read (test_task_workspace.WorkspaceTests.test_symbolic_file_is_not_read) ... ok
test_virtual_fixture_parity_and_no_arbitrary_execution (test_task_workspace.WorkspaceTests.test_virtual_fixture_parity_and_no_arbitrary_execution) ... ok
test_best_so_far_is_kept_not_the_last_answer (test_tasks.CycleScoringTests.test_best_so_far_is_kept_not_the_last_answer) ... ok
test_deadline_maths (test_tasks.CycleScoringTests.test_deadline_maths) ... ok
test_empty_answer_is_refused (test_tasks.CycleScoringTests.test_empty_answer_is_refused) ... ok
test_debug_step_keeps_the_task_cycle_across_calls (test_tasks.DebugTransportTests.test_debug_step_keeps_the_task_cycle_across_calls)
Two consecutive debug steps must share one planner memory. ... ok
test_viewer_state_keeps_the_planner_as_data (test_tasks.DebugTransportTests.test_viewer_state_keeps_the_planner_as_data) ... ok
test_a_question_without_a_value_is_not_guessed (test_tasks.KeywordSolverTests.test_a_question_without_a_value_is_not_guessed) ... ok
test_empty_description_is_not_answered (test_tasks.KeywordSolverTests.test_empty_description_is_not_answered) ... ok
test_values_stated_in_the_description_are_submitted (test_tasks.KeywordSolverTests.test_values_stated_in_the_description_are_submitted) ... ok
test_empty_response_is_not_submitted (test_tasks.LlmSolverTests.test_empty_response_is_not_submitted) ... ok
test_first_call_asks_the_model (test_tasks.LlmSolverTests.test_first_call_asks_the_model) ... ok
test_no_second_prompt_without_a_response (test_tasks.LlmSolverTests.test_no_second_prompt_without_a_response) ... ok
test_response_is_submitted_and_field_lines_preferred (test_tasks.LlmSolverTests.test_response_is_submitted_and_field_lines_preferred) ... ok
test_dead_pioneer_ends_the_task_and_starts_refresh (test_tasks.PipelineFrameTests.test_dead_pioneer_ends_the_task_and_starts_refresh) ... ok
test_enemy_task_point_is_not_a_target (test_tasks.PipelineFrameTests.test_enemy_task_point_is_not_a_target) ... ok
test_leaving_the_ring_ends_the_task (test_tasks.PipelineFrameTests.test_leaving_the_ring_ends_the_task) ... ok
test_llm_path_is_taken_when_no_rule_solver_matches (test_tasks.PipelineFrameTests.test_llm_path_is_taken_when_no_rule_solver_matches) ... ok
test_not_ready_point_is_skipped (test_tasks.PipelineFrameTests.test_not_ready_point_is_skipped) ... ok
test_pioneer_accepts_when_standing_on_its_own_point (test_tasks.PipelineFrameTests.test_pioneer_accepts_when_standing_on_its_own_point) ... ok
test_pioneer_walks_to_the_point_when_far_away (test_tasks.PipelineFrameTests.test_pioneer_walks_to_the_point_when_far_away) ... ok
test_refresh_delay_is_per_point_not_global (test_tasks.PipelineFrameTests.test_refresh_delay_is_per_point_not_global)
The 30-round refresh belongs to the point that ended a task (任务书 §五). ... ok
test_second_task_point_spans_two_cells (test_tasks.PipelineFrameTests.test_second_task_point_spans_two_cells) ... ok
test_submission_uses_the_solver_and_records_every_answer (test_tasks.PipelineFrameTests.test_submission_uses_the_solver_and_records_every_answer) ... ok
test_timeout_ends_the_task (test_tasks.PipelineFrameTests.test_timeout_ends_the_task) ... ok
test_a_dump_is_json_serialisable (test_tasks.PlannerPersistenceTests.test_a_dump_is_json_serialisable) ... ok
test_load_tolerates_partial_and_broken_input (test_tasks.PlannerPersistenceTests.test_load_tolerates_partial_and_broken_input) ... ok
test_memory_round_trips_through_a_dump (test_tasks.PlannerPersistenceTests.test_memory_round_trips_through_a_dump) ... ok
test_missing_command_result_is_a_sandbox_failure_not_an_answer (test_tasks.PlannerStateTests.test_missing_command_result_is_a_sandbox_failure_not_an_answer) ... ok
test_pending_request_lifecycle (test_tasks.PlannerStateTests.test_pending_request_lifecycle) ... ok
test_prompt_without_llm_response_is_recorded_as_no_answer (test_tasks.PlannerStateTests.test_prompt_without_llm_response_is_recorded_as_no_answer) ... ok
test_no_probe_while_one_is_pending (test_tasks.ProbeSolverTests.test_no_probe_while_one_is_pending) ... ok
test_probes_once_and_never_guesses (test_tasks.ProbeSolverTests.test_probes_once_and_never_guesses) ... ok
test_sandbox_trouble_stops_probing (test_tasks.ProbeSolverTests.test_sandbox_trouble_stops_probing) ... ok
test_state_less_requests_still_run_the_task_loop (test_tasks.RunPathParityTests.test_state_less_requests_still_run_the_task_loop)
A fresh planner per request must still accept, submit and settle tasks. ... ok
test_viewer_transport_matches_a_direct_run (test_tasks.RunPathParityTests.test_viewer_transport_matches_a_direct_run)
Feeding the viewer's own serialised memory back must change nothing. ... ok
test_daily_llm_quota_and_in_task_exemption (test_tasks.SandboxParsingTests.test_daily_llm_quota_and_in_task_exemption) ... ok
test_documented_shapes (test_tasks.SandboxParsingTests.test_documented_shapes) ... ok
test_quota_resets_each_game_day (test_tasks.SandboxParsingTests.test_quota_resets_each_game_day) ... ok
test_response_builder_omits_empty_channels (test_tasks.SandboxParsingTests.test_response_builder_omits_empty_channels) ... ok
test_shell_helper_rejects_nul_and_flattens_newlines (test_tasks.SandboxParsingTests.test_shell_helper_rejects_nul_and_flattens_newlines) ... ok
test_default_solvers_are_ordered_and_named (test_tasks.SolverRegistryTests.test_default_solvers_are_ordered_and_named) ... ok
test_duplicate_registration_is_refused (test_tasks.SolverRegistryTests.test_duplicate_registration_is_refused) ... ok
test_registry_returns_none_when_nobody_can_solve (test_tasks.SolverRegistryTests.test_registry_returns_none_when_nobody_can_solve) ... ok
test_cooling_point_is_walked_to_and_waited_at (test_tasks.StatelessPathTests.test_cooling_point_is_walked_to_and_waited_at) ... ok
test_match_key_survives_a_changing_map (test_tasks.StatelessPathTests.test_match_key_survives_a_changing_map) ... ok
test_memory_survives_between_rounds (test_tasks.StatelessPathTests.test_memory_survives_between_rounds) ... ok
test_new_match_resets_stale_task_memory (test_tasks.StatelessPathTests.test_new_match_resets_stale_task_memory)
A new match must not inherit the previous match's cooldown. ... ok
test_standing_on_the_point_holds_instead_of_leaving (test_tasks.StatelessPathTests.test_standing_on_the_point_holds_instead_of_leaving)
Standing on a point must not hand the turn back to defence. ... ok
test_task_walk_needs_no_memory (test_tasks.StatelessPathTests.test_task_walk_needs_no_memory)
Walking to a point must be decidable from published fields alone. ... ok
test_best_answer_survives_worse_answer_and_json_roundtrip (test_taskworld_feedback.TaskFeedbackTests.test_best_answer_survives_worse_answer_and_json_roundtrip) ... ok
test_installed_suite_accepts_reads_and_grades_via_simulator (test_taskworld_feedback.TaskFeedbackTests.test_installed_suite_accepts_reads_and_grades_via_simulator) ... ok
test_json_contract_rejects_duplicate_keys_extra_fields_and_wrong_types (test_taskworld_feedback.TaskFeedbackTests.test_json_contract_rejects_duplicate_keys_extra_fields_and_wrong_types) ... ok
test_partial_settles_once_on_death_or_leaving (test_taskworld_feedback.TaskFeedbackTests.test_partial_settles_once_on_death_or_leaving) ... ok
test_real_step_transports_partial_feedback_then_correction (test_taskworld_feedback.TaskFeedbackTests.test_real_step_transports_partial_feedback_then_correction) ... ok
test_room_fixture_description_matches_its_independent_expected_room (test_taskworld_feedback.TaskFeedbackTests.test_room_fixture_description_matches_its_independent_expected_room) ... ok
test_submission_memory_preserves_whitespace_inside_json_strings (test_taskworld_feedback.TaskFeedbackTests.test_submission_memory_preserves_whitespace_inside_json_strings) ... ok
test_wrong_partial_then_correct_both_sides (test_taskworld_feedback.TaskFeedbackTests.test_wrong_partial_then_correct_both_sides) ... ok
test_zero_credit_timeout_has_no_reward (test_taskworld_feedback.TaskFeedbackTests.test_zero_credit_timeout_has_no_reward) ... ok
test_deadline_round_cannot_confirm_an_exempt_task (test_team_agent.TeamAgentIntegrationTests.test_deadline_round_cannot_confirm_an_exempt_task) ... ok
test_document_query_answer_loop_preserves_json_and_learns_only_method (test_team_agent.TeamAgentIntegrationTests.test_document_query_answer_loop_preserves_json_and_learns_only_method) ... ok
test_explicit_reread_is_a_new_operation_but_third_repeat_stops (test_team_agent.TeamAgentIntegrationTests.test_explicit_reread_is_a_new_operation_but_third_repeat_stops) ... ok
test_foreign_or_tampered_memory_cannot_provide_evidence (test_team_agent.TeamAgentIntegrationTests.test_foreign_or_tampered_memory_cannot_provide_evidence) ... ok
test_give_up_holds_official_task_without_refreshing_soft_budget (test_team_agent.TeamAgentIntegrationTests.test_give_up_holds_official_task_without_refreshing_soft_budget) ... ok
test_higher_priority_news_does_not_acknowledge_queued_task (test_team_agent.TeamAgentIntegrationTests.test_higher_priority_news_does_not_acknowledge_queued_task) ... ok
test_keyword_solver_remains_model_free (test_team_agent.TeamAgentIntegrationTests.test_keyword_solver_remains_model_free) ... ok
test_lost_or_wrong_token_reply_never_falls_back_to_legacy_answer (test_team_agent.TeamAgentIntegrationTests.test_lost_or_wrong_token_reply_never_falls_back_to_legacy_answer) ... ok
test_preview_does_not_consume_or_queue_new_agent_work (test_team_agent.TeamAgentIntegrationTests.test_preview_does_not_consume_or_queue_new_agent_work) ... ok
test_same_operation_offered_twice_has_one_queue_entry (test_team_agent.TeamAgentIntegrationTests.test_same_operation_offered_twice_has_one_queue_entry) ... ok
test_wrong_answer_feedback_replans_instead_of_claiming_success (test_team_agent.TeamAgentIntegrationTests.test_wrong_answer_feedback_replans_instead_of_claiming_success) ... ok
test_incorrect_answer_receives_error2_then_corrects_in_the_same_task (test_team_agent_simulator.TeamAgentSimulatorTests.test_incorrect_answer_receives_error2_then_corrects_in_the_same_task) ... ok
test_three_cases_both_sides_finish_through_actual_simulator_judging (test_team_agent_simulator.TeamAgentSimulatorTests.test_three_cases_both_sides_finish_through_actual_simulator_judging) ... ok
test_console_off_still_records_every_turn (test_telemetry.DecisionTraceTests.test_console_off_still_records_every_turn) ... ok
test_explanation_is_frozen_per_request_and_absent_from_wire (test_telemetry.DecisionTraceTests.test_explanation_is_frozen_per_request_and_absent_from_wire) ... ok
test_large_explanation_is_bounded_without_losing_wire_data (test_telemetry.DecisionTraceTests.test_large_explanation_is_bounded_without_losing_wire_data) ... ok
test_compare_distinguishes_round_alignment_from_state_differences (test_telemetry.TraceTests.test_compare_distinguishes_round_alignment_from_state_differences) ... ok
test_disk_limit_does_not_silently_delete_old_data (test_telemetry.TraceTests.test_disk_limit_does_not_silently_delete_old_data) ... ok
test_disk_write_failure_disables_capture_and_keeps_submit_nonblocking (test_telemetry.TraceTests.test_disk_write_failure_disables_capture_and_keeps_submit_nonblocking) ... trace writer disabled: OSError; judge responses continue
ok
test_export_and_observed_transitions_keep_exact_round_pairing (test_telemetry.TraceTests.test_export_and_observed_transitions_keep_exact_round_pairing) ... ok
test_full_request_response_and_consecutive_feedback_survive_readback (test_telemetry.TraceTests.test_full_request_response_and_consecutive_feedback_survive_readback) ... ok
test_gap_reset_and_out_of_order_do_not_create_false_feedback_links (test_telemetry.TraceTests.test_gap_reset_and_out_of_order_do_not_create_false_feedback_links) ... ok
test_invalid_json_is_recorded_without_fabricating_an_observation (test_telemetry.TraceTests.test_invalid_json_is_recorded_without_fabricating_an_observation) ... ok
test_live_http_trace_has_wire_data_and_no_authorization_header (test_telemetry.TraceTests.test_live_http_trace_has_wire_data_and_no_authorization_header) ... ok
test_nested_secrets_are_redacted_and_exactness_is_not_claimed (test_telemetry.TraceTests.test_nested_secrets_are_redacted_and_exactness_is_not_claimed) ... ok
test_oversize_and_queue_budget_loss_are_visible (test_telemetry.TraceTests.test_oversize_and_queue_budget_loss_are_visible) ... ok
test_packaging_includes_tools_but_excludes_local_traces (test_telemetry.TraceTests.test_packaging_includes_tools_but_excludes_local_traces) ... ok
test_policy_replay_does_not_execute_response_channels (test_telemetry.TraceTests.test_policy_replay_does_not_execute_response_channels) ... ok
test_real_planner_sample_replays_in_fresh_process (test_telemetry.TraceTests.test_real_planner_sample_replays_in_fresh_process) ... ok
test_rotation_retains_all_parts_and_existing_run_is_not_overwritten (test_telemetry.TraceTests.test_rotation_retains_all_parts_and_existing_run_is_not_overwritten) ... ok
test_torn_tail_and_missing_index_prevent_exact_prefix_claim (test_telemetry.TraceTests.test_torn_tail_and_missing_index_prevent_exact_prefix_claim) ... ok
test_torn_tail_is_visible (test_telemetry.TraceTests.test_torn_tail_is_visible) ... ok
test_trace_failure_cannot_change_http_response (test_telemetry.TraceTests.test_trace_failure_cannot_change_http_response) ... ok
test_both_teams_may_be_rewarded_in_the_same_round (test_treasure.AtomicityTests.test_both_teams_may_be_rewarded_in_the_same_round) ... ok
test_missing_items_change_nothing (test_treasure.AtomicityTests.test_missing_items_change_nothing) ... ok
test_non_pioneer_is_refused (test_treasure.AtomicityTests.test_non_pioneer_is_refused) ... ok
test_out_of_window_legal_attempt_spends_items (test_treasure.AtomicityTests.test_out_of_window_legal_attempt_spends_items) ... ok
test_second_opening_by_the_same_team_earns_nothing (test_treasure.AtomicityTests.test_second_opening_by_the_same_team_earns_nothing) ... ok
test_success_consumes_items_and_credits_the_reward (test_treasure.AtomicityTests.test_success_consumes_items_and_credits_the_reward) ... ok
test_wrong_site_legal_attempt_spends_items (test_treasure.AtomicityTests.test_wrong_site_legal_attempt_spends_items) ... ok
test_a_purchase_survives_the_whole_planning_pass (test_treasure.PursuitTests.test_a_purchase_survives_the_whole_planning_pass) ... ok
test_the_itinerary_runs_from_the_published_request (test_treasure.PursuitTests.test_the_itinerary_runs_from_the_published_request)
The pioneer acts on the rumour with no fixture shortcut. ... ok
test_the_purchase_settles_and_fills_the_backpack (test_treasure.PursuitTests.test_the_purchase_settles_and_fills_the_backpack) ... ok
test_fixture_is_deterministic_and_labelled (test_treasure.RiteTests.test_fixture_is_deterministic_and_labelled) ... ok
test_fixture_uses_real_task_items (test_treasure.RiteTests.test_fixture_uses_real_task_items) ... ok
test_news_parser_is_total_for_snapshots_without_a_rumour (test_treasure.RiteTests.test_news_parser_is_total_for_snapshots_without_a_rumour) ... ok
test_notes_are_published_for_the_strategy (test_treasure.RiteTests.test_notes_are_published_for_the_strategy) ... ok
test_notes_are_published_in_the_world_news (test_treasure.RiteTests.test_notes_are_published_in_the_world_news)
The clue travels on the channel §4.8 uses: worldNews.folkLegends. ... ok
test_scenario_state_carries_a_rite (test_treasure.RiteTests.test_scenario_state_carries_a_rite) ... ok
test_failed_summon_reports_a_reason_and_changes_nothing (test_treasure.SimulatorIntegrationTests.test_failed_summon_reports_a_reason_and_changes_nothing) ... ok
test_summon_through_a_real_round (test_treasure.SimulatorIntegrationTests.test_summon_through_a_real_round)
The command must settle through the simulator, not just the helper. ... ok
test_exact_item_multiset_extra_missing_wrong_and_duplicate (test_treasure_contract.TreasureContractTests.test_exact_item_multiset_extra_missing_wrong_and_duplicate) ... ok
test_illegal_target_and_missing_duplicate_inventory_do_not_spend (test_treasure_contract.TreasureContractTests.test_illegal_target_and_missing_duplicate_inventory_do_not_spend) ... ok
test_private_rite_and_future_clues_never_fill_policy_notes (test_treasure_contract.TreasureContractTests.test_private_rite_and_future_clues_never_fill_policy_notes) ... ok
test_settlement_does_not_replace_the_published_clue_with_private_answer (test_treasure_contract.TreasureContractTests.test_settlement_does_not_replace_the_published_clue_with_private_answer) ... ok
test_simulator_publishes_result2_spends_items_and_resets_next_round (test_treasure_contract.TreasureContractTests.test_simulator_publishes_result2_spends_items_and_resets_next_round) ... ok
test_wrong_target_does_not_use_the_pioneer_position_to_award (test_treasure_contract.TreasureContractTests.test_wrong_target_does_not_use_the_pioneer_position_to_award) ... ok
test_absent_guard_returns_before_pioneer_leaves (test_treasure_night_staging.TreasureNightStagingTests.test_absent_guard_returns_before_pioneer_leaves) ... ok
test_confirmed_worker_loss_allows_one_ready_guard_on_a_cleared_field (test_treasure_night_staging.TreasureNightStagingTests.test_confirmed_worker_loss_allows_one_ready_guard_on_a_cleared_field) ... ok
test_geometric_radius_does_not_bypass_a_blocked_return_route (test_treasure_night_staging.TreasureNightStagingTests.test_geometric_radius_does_not_bypass_a_blocked_return_route) ... ok
test_missing_observation_task_materials_and_uncertainty_block_staging (test_treasure_night_staging.TreasureNightStagingTests.test_missing_observation_task_materials_and_uncertainty_block_staging) ... ok
test_missing_worker_or_unknown_health_is_not_a_confirmed_loss (test_treasure_night_staging.TreasureNightStagingTests.test_missing_worker_or_unknown_health_is_not_a_confirmed_loss) ... ok
test_new_threat_aborts_hold_and_restores_defence (test_treasure_night_staging.TreasureNightStagingTests.test_new_threat_aborts_hold_and_restores_defence) ... ok
test_projected_route_vacates_only_its_own_previous_position (test_treasure_night_staging.TreasureNightStagingTests.test_projected_route_vacates_only_its_own_previous_position) ... ok
test_reduced_crew_waits_for_guard_and_aborts_on_any_new_robot (test_treasure_night_staging.TreasureNightStagingTests.test_reduced_crew_waits_for_guard_and_aborts_on_any_new_robot) ... ok
test_two_guards_stay_ready_and_pioneer_holds_at_four_cell_boundary (test_treasure_night_staging.TreasureNightStagingTests.test_two_guards_stay_ready_and_pioneer_holds_at_four_cell_boundary) ... ok
test_unreachable_guard_opens_one_own_wall_then_uses_the_new_route (test_treasure_night_staging.TreasureNightStagingTests.test_unreachable_guard_opens_one_own_wall_then_uses_the_new_route) ... ok
test_whole_planner_preserves_staging_against_later_task_hold (test_treasure_night_staging.TreasureNightStagingTests.test_whole_planner_preserves_staging_against_later_task_hold) ... ok
test_defence_cash_dusk_and_running_task_stop_preparation (test_treasure_preparation.TreasurePreparationTests.test_defence_cash_dusk_and_running_task_stop_preparation) ... ok
test_items_can_be_bought_without_inventing_a_summon_time (test_treasure_preparation.TreasurePreparationTests.test_items_can_be_bought_without_inventing_a_summon_time) ... ok
test_preparation_walk_is_not_overwritten_by_task_walk (test_treasure_preparation.TreasurePreparationTests.test_preparation_walk_is_not_overwritten_by_task_walk) ... ok
test_purchase_settles_in_actual_simulator (test_treasure_preparation.TreasurePreparationTests.test_purchase_settles_in_actual_simulator) ... ok
test_buy_move_and_summon_are_distinct_rounds (test_treasure_scheduling.TreasureSchedulingTests.test_buy_move_and_summon_are_distinct_rounds) ... ok
test_capacity_and_unknown_price_do_not_start_a_partial_trip (test_treasure_scheduling.TreasureSchedulingTests.test_capacity_and_unknown_price_do_not_start_a_partial_trip) ... ok
test_duplicate_material_counts_only_missing_copies (test_treasure_scheduling.TreasureSchedulingTests.test_duplicate_material_counts_only_missing_copies) ... ok
test_existing_task_cannot_be_displaced_by_any_treasure_entry (test_treasure_scheduling.TreasureSchedulingTests.test_existing_task_cannot_be_displaced_by_any_treasure_entry) ... ok
test_full_cart_not_one_affordable_item_controls_admission (test_treasure_scheduling.TreasureSchedulingTests.test_full_cart_not_one_affordable_item_controls_admission) ... ok
test_future_window_with_materials_does_not_idle_the_task_pipeline (test_treasure_scheduling.TreasureSchedulingTests.test_future_window_with_materials_does_not_idle_the_task_pipeline) ... ok
test_known_night_window_can_still_summon_when_defence_allows_it (test_treasure_scheduling.TreasureSchedulingTests.test_known_night_window_can_still_summon_when_defence_allows_it) ... ok
test_sealed_altar_is_not_reachable_by_straight_line (test_treasure_scheduling.TreasureSchedulingTests.test_sealed_altar_is_not_reachable_by_straight_line) ... ok
test_bad_arguments_fall_back_to_defaults (test_twomatch.TwoMatchJobTests.test_bad_arguments_fall_back_to_defaults) ... ok
test_idle_before_any_match (test_twomatch.TwoMatchJobTests.test_idle_before_any_match) ... ok
test_profile_choice_is_honoured_and_validated (test_twomatch.TwoMatchJobTests.test_profile_choice_is_honoured_and_validated) ... ok
test_progress_is_reported_while_running (test_twomatch.TwoMatchJobTests.test_progress_is_reported_while_running) ... ok
test_short_match_runs_to_completion_and_reports_both_sides (test_twomatch.TwoMatchJobTests.test_short_match_runs_to_completion_and_reports_both_sides) ... ok
test_starting_a_second_match_stops_the_first (test_twomatch.TwoMatchJobTests.test_starting_a_second_match_stops_the_first) ... ok
test_stop_requests_are_honoured (test_twomatch.TwoMatchJobTests.test_stop_requests_are_honoured) ... ok
test_all_viewer_checks_pass (test_viewer.ViewerLogicTests.test_all_viewer_checks_pass) ... ok
test_contact_report_counts_hidden_units (test_vision.FilterTests.test_contact_report_counts_hidden_units) ... ok
test_filter_does_not_mutate_the_input (test_vision.FilterTests.test_filter_does_not_mutate_the_input) ... ok
test_hidden_enemy_is_removed_and_visible_one_kept (test_vision.FilterTests.test_hidden_enemy_is_removed_and_visible_one_kept) ... ok
test_observation_applies_vision (test_vision.FilterTests.test_observation_applies_vision) ... ok
test_observation_still_hides_private_state (test_vision.FilterTests.test_observation_still_hides_private_state) ... ok
test_simulator_keeps_hidden_enemies_out_of_the_policy_view (test_vision.FilterTests.test_simulator_keeps_hidden_enemies_out_of_the_policy_view)
A local round must not hand the strategy a god view. ... ok
test_both_sides_get_a_usable_turn (test_vision.SideViewTests.test_both_sides_get_a_usable_turn) ... ok
test_other_side_view_swaps_the_teams (test_vision.SideViewTests.test_other_side_view_swaps_the_teams) ... ok
test_own_side_view_keeps_our_team_and_hides_private_state (test_vision.SideViewTests.test_own_side_view_keeps_our_team_and_hides_private_state) ... ok
test_dead_friendlies_do_not_grant_vision (test_vision.VisibilityTests.test_dead_friendlies_do_not_grant_vision) ... ok
test_enemy_base_and_wall_are_globally_visible (test_vision.VisibilityTests.test_enemy_base_and_wall_are_globally_visible) ... ok
test_every_friendly_unit_is_a_watcher (test_vision.VisibilityTests.test_every_friendly_unit_is_a_watcher) ... ok
test_robots_are_globally_visible (test_vision.VisibilityTests.test_robots_are_globally_visible) ... ok
test_vision_distance_is_four_and_chebyshev (test_vision.VisibilityTests.test_vision_distance_is_four_and_chebyshev) ... ok
test_corrupted_json_or_false_source_cannot_restore_a_plan (test_world_agent.WorldAgentTests.test_corrupted_json_or_false_source_cannot_restore_a_plan) ... ok
test_explicit_note_with_a_correction_is_not_treated_as_complete (test_world_agent.WorldAgentTests.test_explicit_note_with_a_correction_is_not_treated_as_complete) ... ok
test_failed_summon_invalidates_guess_before_spending_again (test_world_agent.WorldAgentTests.test_failed_summon_invalidates_guess_before_spending_again) ... ok
test_missing_inventory_cannot_be_bypassed_by_model_hypothesis (test_world_agent.WorldAgentTests.test_missing_inventory_cannot_be_bypassed_by_model_hypothesis) ... ok
test_new_day_correction_replaces_old_event_after_evidence_checked (test_world_agent.WorldAgentTests.test_new_day_correction_replaces_old_event_after_evidence_checked) ... ok
test_news_and_treasure_share_three_calls_then_fourth_waits (test_world_agent.WorldAgentTests.test_news_and_treasure_share_three_calls_then_fourth_waits) ... ok
test_news_changes_actual_mining_targets_and_recovers_after_two_days (test_world_agent.WorldAgentTests.test_news_changes_actual_mining_targets_and_recovers_after_two_days) ... ok
test_out_of_map_exact_parser_cannot_bypass_model_bounds (test_world_agent.WorldAgentTests.test_out_of_map_exact_parser_cannot_bypass_model_bounds) ... ok
test_private_future_data_never_enters_model_context (test_world_agent.WorldAgentTests.test_private_future_data_never_enters_model_context) ... ok
test_same_text_keeps_first_observed_date_across_days (test_world_agent.WorldAgentTests.test_same_text_keeps_first_observed_date_across_days) ... ok
test_three_day_clues_survive_json_and_produce_actual_summon (test_world_agent.WorldAgentTests.test_three_day_clues_survive_json_and_produce_actual_summon) ... ok
test_unknown_price_magnitude_and_forged_quotes_are_rejected (test_world_agent.WorldAgentTests.test_unknown_price_magnitude_and_forged_quotes_are_rejected) ... ok
test_excluded_ingredient_cannot_hide_inside_a_larger_offering (test_world_agent_memory.WorldAgentMemoryTests.test_excluded_ingredient_cannot_hide_inside_a_larger_offering) ... ok
test_explicit_unverified_prerequisite_still_blocks_complete_values (test_world_agent_memory.WorldAgentMemoryTests.test_explicit_unverified_prerequisite_still_blocks_complete_values) ... ok
test_forged_saved_link_cannot_claim_unsent_tail_was_read (test_world_agent_memory.WorldAgentMemoryTests.test_forged_saved_link_cannot_claim_unsent_tail_was_read) ... ok
test_identical_nested_draft_and_oversized_read_are_canonicalized (test_world_agent_memory.WorldAgentMemoryTests.test_identical_nested_draft_and_oversized_read_are_canonicalized) ... ok
test_invalid_inspect_types_do_not_poison_persistent_state (test_world_agent_memory.WorldAgentMemoryTests.test_invalid_inspect_types_do_not_poison_persistent_state) ... ok
test_late_relative_news_stays_unknown_and_does_not_ban_iron (test_world_agent_memory.WorldAgentMemoryTests.test_late_relative_news_stays_unknown_and_does_not_ban_iron) ... ok
test_model_cannot_hide_an_unverified_prerequisite_by_claiming_certainty (test_world_agent_memory.WorldAgentMemoryTests.test_model_cannot_hide_an_unverified_prerequisite_by_claiming_certainty) ... ok
test_new_day_preserves_partial_constraints_and_no_premature_purchase (test_world_agent_memory.WorldAgentMemoryTests.test_new_day_preserves_partial_constraints_and_no_premature_purchase) ... ok
test_news_alias_does_not_allow_cross_topic_drafts (test_world_agent_memory.WorldAgentMemoryTests.test_news_alias_does_not_allow_cross_topic_drafts) ... ok
test_old_schema_degrades_without_restoring_free_daily_calls (test_world_agent_memory.WorldAgentMemoryTests.test_old_schema_degrades_without_restoring_free_daily_calls) ... ok
test_prompt_unread_pointer_accounts_for_its_own_text_without_exposure (test_world_agent_memory.WorldAgentMemoryTests.test_prompt_unread_pointer_accounts_for_its_own_text_without_exposure) ... ok
test_quota_wait_does_not_mark_queued_chunk_read (test_world_agent_memory.WorldAgentMemoryTests.test_quota_wait_does_not_mark_queued_chunk_read) ... ok
test_recorded_model_correction_is_not_blocked_by_quote_punctuation (test_world_agent_memory.WorldAgentMemoryTests.test_recorded_model_correction_is_not_blocked_by_quote_punctuation) ... ok
test_three_chunks_keep_negation_and_tail_correction_on_both_sides (test_world_agent_memory.WorldAgentMemoryTests.test_three_chunks_keep_negation_and_tail_correction_on_both_sides) ... ok
test_topic_value_with_inspect_is_a_checked_draft_not_an_action_plan (test_world_agent_memory.WorldAgentMemoryTests.test_topic_value_with_inspect_is_a_checked_draft_not_an_action_plan) ... ok
test_evicted_source_keeps_first_seen_date_when_rebroadcast (test_world_memory.WorldMemoryTests.test_evicted_source_keeps_first_seen_date_when_rebroadcast) ... ok
test_inspection_is_not_a_file_tool_and_old_frames_do_not_change_dates (test_world_memory.WorldMemoryTests.test_inspection_is_not_a_file_tool_and_old_frames_do_not_change_dates) ... ok
test_json_bounds_dates_content_and_owner_are_validated (test_world_memory.WorldMemoryTests.test_json_bounds_dates_content_and_owner_are_validated) ... ok
test_late_first_observation_does_not_invent_publication_day (test_world_memory.WorldMemoryTests.test_late_first_observation_does_not_invent_publication_day) ... ok
test_middle_negation_is_retained_but_not_claimed_read_from_prefix (test_world_memory.WorldMemoryTests.test_middle_negation_is_retained_but_not_claimed_read_from_prefix) ... ok
test_oversized_original_never_becomes_fully_reviewed (test_world_memory.WorldMemoryTests.test_oversized_original_never_becomes_fully_reviewed) ... ok
test_rebroadcast_replenishes_evicted_body_without_claiming_new_knowledge (test_world_memory.WorldMemoryTests.test_rebroadcast_replenishes_evicted_body_without_claiming_new_knowledge) ... ok
test_review_requires_gap_free_full_coverage (test_world_memory.WorldMemoryTests.test_review_requires_gap_free_full_coverage) ... ok
test_witnessed_daily_change_and_first_game_day_have_explicit_bases (test_world_memory.WorldMemoryTests.test_witnessed_daily_change_and_first_game_day_have_explicit_bases) ... ok

----------------------------------------------------------------------
Ran 976 tests in 323.144s

OK
